[debug] [2025-01-24T10:31:37.201Z] ----------------------------------------------------------------------
[debug] [2025-01-24T10:31:37.204Z] Command:       C:\Program Files\nodejs\node.exe C:\Users\JEFRINA A P\AppData\Roaming\npm\node_modules\firebase-tools\lib\bin\firebase.js emulators:start
[debug] [2025-01-24T10:31:37.204Z] CLI Version:   13.29.1
[debug] [2025-01-24T10:31:37.204Z] Platform:      win32
[debug] [2025-01-24T10:31:37.204Z] Node Version:  v22.4.1
[debug] [2025-01-24T10:31:37.205Z] Time:          Fri Jan 24 2025 16:01:37 GMT+0530 (India Standard Time)
[debug] [2025-01-24T10:31:37.205Z] ----------------------------------------------------------------------
[debug] 
[debug] [2025-01-24T10:31:37.307Z] > command requires scopes: ["email","openid","https://www.googleapis.com/auth/cloudplatformprojects.readonly","https://www.googleapis.com/auth/firebase","https://www.googleapis.com/auth/cloud-platform"]
[debug] [2025-01-24T10:31:37.308Z] > authorizing via signed-in user (apjefrina123@gmail.com)
[info] i  emulators: Starting emulators: functions, hosting, extensions {"metadata":{"emulator":{"name":"hub"},"message":"Starting emulators: functions, hosting, extensions"}}
[debug] [2025-01-24T10:31:37.312Z] Checked if tokens are valid: true, expires at: 1737716758347
[debug] [2025-01-24T10:31:37.312Z] Checked if tokens are valid: true, expires at: 1737716758347
[debug] [2025-01-24T10:31:37.313Z] >>> [apiv2][query] GET https://cloudresourcemanager.googleapis.com/v1/projects/clone-1cd78 [none]
[debug] [2025-01-24T10:31:39.027Z] <<< [apiv2][status] GET https://cloudresourcemanager.googleapis.com/v1/projects/clone-1cd78 200
[debug] [2025-01-24T10:31:39.027Z] <<< [apiv2][body] GET https://cloudresourcemanager.googleapis.com/v1/projects/clone-1cd78 {"projectNumber":"319218318016","projectId":"clone-1cd78","lifecycleState":"ACTIVE","name":"amazon-clone","labels":{"firebase":"enabled","firebase-core":"disabled"},"createTime":"2025-01-01T18:38:52.353004Z"}
[debug] [2025-01-24T10:31:39.036Z] [logging] Logging Emulator only supports listening on one address (127.0.0.1). Not listening on ::1
[debug] [2025-01-24T10:31:39.036Z] [hosting] Hosting Emulator only supports listening on one address (127.0.0.1). Not listening on ::1
[debug] [2025-01-24T10:31:39.036Z] assigned listening specs for emulators {"user":{"hub":[{"address":"127.0.0.1","family":"IPv4","port":4400},{"address":"::1","family":"IPv6","port":4400}],"ui":[{"address":"127.0.0.1","family":"IPv4","port":4000},{"address":"::1","family":"IPv6","port":4000}],"logging":[{"address":"127.0.0.1","family":"IPv4","port":4500}],"hosting":[{"address":"127.0.0.1","family":"IPv4","port":5000}]},"metadata":{"message":"assigned listening specs for emulators"}}
[debug] [2025-01-24T10:31:39.041Z] [hub] writing locator at C:\Users\JEFRIN~1\AppData\Local\Temp\hub-clone-1cd78.json
[debug] [2025-01-24T10:31:39.047Z] [Extensions] Started Extensions emulator, this is a noop.
[debug] [2025-01-24T10:31:39.051Z] [functions] Functions Emulator only supports listening on one address (127.0.0.1). Not listening on ::1
[debug] [2025-01-24T10:31:39.051Z] [eventarc] Eventarc Emulator only supports listening on one address (127.0.0.1). Not listening on ::1
[debug] [2025-01-24T10:31:39.051Z] [tasks] Cloud Tasks Emulator only supports listening on one address (127.0.0.1). Not listening on ::1
[debug] [2025-01-24T10:31:39.051Z] late-assigned ports for functions and eventarc emulators {"user":{"hub":[{"address":"127.0.0.1","family":"IPv4","port":4400},{"address":"::1","family":"IPv6","port":4400}],"ui":[{"address":"127.0.0.1","family":"IPv4","port":4000},{"address":"::1","family":"IPv6","port":4000}],"logging":[{"address":"127.0.0.1","family":"IPv4","port":4500}],"hosting":[{"address":"127.0.0.1","family":"IPv4","port":5000}],"functions":[{"address":"127.0.0.1","family":"IPv4","port":5001}],"eventarc":[{"address":"127.0.0.1","family":"IPv4","port":9299}],"tasks":[{"address":"127.0.0.1","family":"IPv4","port":9499}]},"metadata":{"message":"late-assigned ports for functions and eventarc emulators"}}
[warn] !  functions: The following emulators are not running, calls to these services from the Functions emulator will affect production: apphosting, auth, firestore, database, pubsub, storage, dataconnect {"metadata":{"emulator":{"name":"functions"},"message":"The following emulators are not running, calls to these services from the Functions emulator will affect production: \u001b[1mapphosting, auth, firestore, database, pubsub, storage, dataconnect\u001b[22m"}}
[debug] [2025-01-24T10:31:39.055Z] defaultcredentials: writing to file C:\Users\JEFRINA A P\AppData\Roaming\firebase\apjefrina123_gmail_com_application_default_credentials.json
[debug] [2025-01-24T10:31:39.056Z] Setting GAC to C:\Users\JEFRINA A P\AppData\Roaming\firebase\apjefrina123_gmail_com_application_default_credentials.json {"metadata":{"emulator":{"name":"functions"},"message":"Setting GAC to C:\\Users\\JEFRINA A P\\AppData\\Roaming\\firebase\\apjefrina123_gmail_com_application_default_credentials.json"}}
[debug] [2025-01-24T10:31:39.057Z] Checked if tokens are valid: true, expires at: 1737716758347
[debug] [2025-01-24T10:31:39.057Z] Checked if tokens are valid: true, expires at: 1737716758347
[debug] [2025-01-24T10:31:39.057Z] >>> [apiv2][query] GET https://firebase.googleapis.com/v1beta1/projects/clone-1cd78/adminSdkConfig [none]
[debug] [2025-01-24T10:31:39.748Z] <<< [apiv2][status] GET https://firebase.googleapis.com/v1beta1/projects/clone-1cd78/adminSdkConfig 200
[debug] [2025-01-24T10:31:39.748Z] <<< [apiv2][body] GET https://firebase.googleapis.com/v1beta1/projects/clone-1cd78/adminSdkConfig {"projectId":"clone-1cd78","storageBucket":"clone-1cd78.firebasestorage.app"}
[debug] [2025-01-24T10:31:39.761Z] Checked if tokens are valid: true, expires at: 1737716758347
[debug] [2025-01-24T10:31:39.761Z] Checked if tokens are valid: true, expires at: 1737716758347
[debug] [2025-01-24T10:31:39.762Z] >>> [apiv2][query] GET https://firebasehosting.googleapis.com/v1beta1/projects/clone-1cd78/sites 
[debug] [2025-01-24T10:31:47.841Z] <<< [apiv2][status] GET https://firebasehosting.googleapis.com/v1beta1/projects/clone-1cd78/sites 200
[debug] [2025-01-24T10:31:47.841Z] <<< [apiv2][body] GET https://firebasehosting.googleapis.com/v1beta1/projects/clone-1cd78/sites {"sites":[{"name":"projects/clone-1cd78/sites/clone-1cd78","defaultUrl":"https://clone-1cd78.web.app","appId":"1:319218318016:web:a50fe2d182f59a20dd0b25","type":"DEFAULT_SITE"}]}
[debug] [2025-01-24T10:31:47.842Z] Checked if tokens are valid: true, expires at: 1737716758347
[debug] [2025-01-24T10:31:47.842Z] Checked if tokens are valid: true, expires at: 1737716758347
[debug] [2025-01-24T10:31:47.842Z] >>> [apiv2][query] GET https://firebase.googleapis.com/v1beta1/projects/clone-1cd78/webApps/1:319218318016:web:a50fe2d182f59a20dd0b25/config [none]
[debug] [2025-01-24T10:31:48.688Z] <<< [apiv2][status] GET https://firebase.googleapis.com/v1beta1/projects/clone-1cd78/webApps/1:319218318016:web:a50fe2d182f59a20dd0b25/config 200
[debug] [2025-01-24T10:31:48.688Z] <<< [apiv2][body] GET https://firebase.googleapis.com/v1beta1/projects/clone-1cd78/webApps/1:319218318016:web:a50fe2d182f59a20dd0b25/config {"projectId":"clone-1cd78","appId":"1:319218318016:web:a50fe2d182f59a20dd0b25","storageBucket":"clone-1cd78.firebasestorage.app","apiKey":"AIzaSyAWeFnNwa_ZuLSx9KQlPpn1s4SHxVlUXG4","authDomain":"clone-1cd78.firebaseapp.com","messagingSenderId":"319218318016","measurementId":"G-WWEEYN8WRJ"}
[debug] [2025-01-24T10:31:48.694Z] Checked if tokens are valid: true, expires at: 1737716758347
[debug] [2025-01-24T10:31:48.694Z] Checked if tokens are valid: true, expires at: 1737716758347
[debug] [2025-01-24T10:31:48.695Z] >>> [apiv2][query] GET https://firebase.googleapis.com/v1beta1/projects/clone-1cd78 [none]
[debug] [2025-01-24T10:31:49.275Z] <<< [apiv2][status] GET https://firebase.googleapis.com/v1beta1/projects/clone-1cd78 200
[debug] [2025-01-24T10:31:49.276Z] <<< [apiv2][body] GET https://firebase.googleapis.com/v1beta1/projects/clone-1cd78 {"projectId":"clone-1cd78","projectNumber":"319218318016","displayName":"amazon-clone","name":"projects/clone-1cd78","resources":{"hostingSite":"clone-1cd78"},"state":"ACTIVE","etag":"1_42c439ba-bcb2-4904-ba67-84daa21df54a"}
[info] i  hosting[clone-1cd78]: Serving hosting files from: build {"metadata":{"emulator":{"name":"hosting"},"message":"Serving hosting files from: \u001b[1mbuild\u001b[22m"}}
[info] +  hosting[clone-1cd78]: Local server: http://127.0.0.1:5000 {"metadata":{"emulator":{"name":"hosting"},"message":"Local server: \u001b[4m\u001b[1mhttp://127.0.0.1:5000\u001b[22m\u001b[24m"}}
[debug] [2025-01-24T10:31:49.306Z] [Extensions] Connecting Extensions emulator, this is a noop.
[info] i  functions: Watching "C:\Users\JEFRINA A P\Amazon_Clone\amazon\functions" for Cloud Functions... {"metadata":{"emulator":{"name":"functions"},"message":"Watching \"C:\\Users\\JEFRINA A P\\Amazon_Clone\\amazon\\functions\" for Cloud Functions..."}}
[debug] [2025-01-24T10:31:49.316Z] Validating nodejs source
[debug] [2025-01-24T10:31:50.487Z] > [functions] package.json contents: {
  "name": "functions",
  "description": "Cloud Functions for Firebase",
  "scripts": {
    "lint": "eslint .",
    "serve": "firebase emulators:start --only functions",
    "shell": "firebase functions:shell",
    "start": "npm run shell",
    "deploy": "firebase deploy --only functions",
    "logs": "firebase functions:log"
  },
  "engines": {
    "node": "22"
  },
  "main": "index.js",
  "dependencies": {
    "cors": "^2.8.5",
    "express": "^4.21.2",
    "firebase-admin": "^12.6.0",
    "firebase-functions": "^6.0.1",
    "stripe": "^17.5.0"
  },
  "devDependencies": {
    "eslint": "^8.15.0",
    "eslint-config-google": "^0.14.0",
    "firebase-functions-test": "^3.1.0"
  },
  "private": true
}
[debug] [2025-01-24T10:31:50.487Z] Building nodejs source
[debug] [2025-01-24T10:31:50.488Z] Failed to find version of module node: reached end of search path C:\Users\JEFRINA A P\Amazon_Clone\amazon\functions\node_modules
[info] +  functions: Using node@22 from host. 
[debug] [2025-01-24T10:31:50.492Z] Could not find functions.yaml. Must use http discovery
[debug] [2025-01-24T10:31:50.500Z] Found firebase-functions binary at 'C:\Users\JEFRINA A P\Amazon_Clone\amazon\functions\node_modules\.bin\firebase-functions'
[info] Serving at port 8188

[debug] [2025-01-24T10:31:51.263Z] Got response from /__/functions.yaml {"endpoints":{"api":{"availableMemoryMb":null,"timeoutSeconds":null,"minInstances":null,"maxInstances":null,"ingressSettings":null,"concurrency":null,"serviceAccountEmail":null,"vpc":null,"platform":"gcfv2","labels":{},"httpsTrigger":{},"entryPoint":"api"}},"specVersion":"v1alpha1","requiredAPIs":[],"extensions":{}}
[debug] [2025-01-24T10:31:56.312Z] defaultcredentials: writing to file C:\Users\JEFRINA A P\AppData\Roaming\firebase\apjefrina123_gmail_com_application_default_credentials.json
[debug] [2025-01-24T10:31:56.313Z] Setting GAC to C:\Users\JEFRINA A P\AppData\Roaming\firebase\apjefrina123_gmail_com_application_default_credentials.json {"metadata":{"emulator":{"name":"functions"},"message":"Setting GAC to C:\\Users\\JEFRINA A P\\AppData\\Roaming\\firebase\\apjefrina123_gmail_com_application_default_credentials.json"}}
[info] +  functions: Loaded functions definitions from source: api. {"metadata":{"emulator":{"name":"functions"},"message":"Loaded functions definitions from source: api."}}
[info] +  functions[us-central1-api]: http function initialized (http://127.0.0.1:5001/clone-1cd78/us-central1/api). {"metadata":{"emulator":{"name":"functions"},"message":"\u001b[1mhttp\u001b[22m function initialized (http://127.0.0.1:5001/clone-1cd78/us-central1/api)."}}
[debug] [2025-01-24T10:31:56.326Z] Could not find VSCode notification endpoint: FetchError: request to http://localhost:40001/vscode/notify failed, reason: . If you are not running the Firebase Data Connect VSCode extension, this is expected and not an issue.
[info] 
┌─────────────────────────────────────────────────────────────┐
│ ✔  All emulators ready! It is now safe to connect your app. │
│ i  View Emulator UI at http://127.0.0.1:4000/               │
└─────────────────────────────────────────────────────────────┘

┌────────────┬────────────────┬──────────────────────────────────┐
│ Emulator   │ Host:Port      │ View in Emulator UI              │
├────────────┼────────────────┼──────────────────────────────────┤
│ Functions  │ 127.0.0.1:5001 │ http://127.0.0.1:4000/functions  │
├────────────┼────────────────┼──────────────────────────────────┤
│ Hosting    │ 127.0.0.1:5000 │ n/a                              │
├────────────┼────────────────┼──────────────────────────────────┤
│ Extensions │ 127.0.0.1:5001 │ http://127.0.0.1:4000/extensions │
└────────────┴────────────────┴──────────────────────────────────┘
  Emulator Hub running at 127.0.0.1:4400
  Other reserved ports: 4500
┌─────────────────────────┬───────────────┬─────────────────────┐
│ Extension Instance Name │ Extension Ref │ View in Emulator UI │
└─────────────────────────┴───────────────┴─────────────────────┘
Issues? Report them at https://github.com/firebase/firebase-tools/issues and attach the *-debug.log files.
 
[debug] [2025-01-24T10:32:25.357Z] [work-queue] {"queuedWork":["/clone-1cd78/us-central1/api-2025-01-24T10:32:25.356Z"],"queueLength":1,"runningWork":[],"workRunningCount":0}
[debug] [2025-01-24T10:32:25.357Z] [work-queue] {"queuedWork":[],"queueLength":0,"runningWork":["/clone-1cd78/us-central1/api-2025-01-24T10:32:25.356Z"],"workRunningCount":1}
[debug] [2025-01-24T10:32:25.357Z] Accepted request GET /clone-1cd78/us-central1/api --> us-central1-api
[debug] [2025-01-24T10:32:25.359Z] [functions] Runtime ready! Sending request! {"metadata":{"emulator":{"name":"functions"},"message":"[functions] Runtime ready! Sending request!"}}
[debug] [2025-01-24T10:32:25.359Z] [functions] Got req.url=/clone-1cd78/us-central1/api, mapping to path=/ {"metadata":{"emulator":{"name":"functions"},"message":"[functions] Got req.url=/clone-1cd78/us-central1/api, mapping to path=/"}}
[debug] [2025-01-24T10:32:25.400Z] [worker-pool] addWorker(us-central1-api) {"metadata":{"emulator":{"name":"functions"},"message":"[worker-pool] addWorker(us-central1-api)"}}
[debug] [2025-01-24T10:32:25.400Z] [worker-pool] Adding worker with key us-central1-api, total=1 {"metadata":{"emulator":{"name":"functions"},"message":"[worker-pool] Adding worker with key us-central1-api, total=1"}}
[info] >  (node:15572) [DEP0040] DeprecationWarning: The `punycode` module is deprecated. Please use a userland alternative instead. {"user":"(node:15572) [DEP0040] DeprecationWarning: The `punycode` module is deprecated. Please use a userland alternative instead.","metadata":{"emulator":{"name":"functions"},"function":{"name":"us-central1-api"},"extension":{},"message":"\u001b[90m> \u001b[39m (node:15572) [DEP0040] DeprecationWarning: The `punycode` module is deprecated. Please use a userland alternative instead."}}
[info] >  (Use `node --trace-deprecation ...` to show where the warning was created) {"user":"(Use `node --trace-deprecation ...` to show where the warning was created)","metadata":{"emulator":{"name":"functions"},"function":{"name":"us-central1-api"},"extension":{},"message":"\u001b[90m> \u001b[39m (Use `node --trace-deprecation ...` to show where the warning was created)"}}
[debug] [2025-01-24T10:32:26.900Z] [runtime-status] [15572] Resolved module firebase-admin {"declared":true,"installed":true,"version":"12.7.0","resolution":"C:\\Users\\JEFRINA A P\\Amazon_Clone\\amazon\\functions\\node_modules\\firebase-admin\\lib\\index.js"} {"metadata":{"emulator":{"name":"functions"},"function":{"name":"us-central1-api"},"extension":{},"message":"[runtime-status] [15572] Resolved module firebase-admin {\"declared\":true,\"installed\":true,\"version\":\"12.7.0\",\"resolution\":\"C:\\\\Users\\\\JEFRINA A P\\\\Amazon_Clone\\\\amazon\\\\functions\\\\node_modules\\\\firebase-admin\\\\lib\\\\index.js\"}"}}
[debug] [2025-01-24T10:32:26.902Z] [runtime-status] [15572] Resolved module firebase-functions {"declared":true,"installed":true,"version":"6.2.0","resolution":"C:\\Users\\JEFRINA A P\\Amazon_Clone\\amazon\\functions\\node_modules\\firebase-functions\\lib\\v2\\index.js"} {"metadata":{"emulator":{"name":"functions"},"function":{"name":"us-central1-api"},"extension":{},"message":"[runtime-status] [15572] Resolved module firebase-functions {\"declared\":true,\"installed\":true,\"version\":\"6.2.0\",\"resolution\":\"C:\\\\Users\\\\JEFRINA A P\\\\Amazon_Clone\\\\amazon\\\\functions\\\\node_modules\\\\firebase-functions\\\\lib\\\\v2\\\\index.js\"}"}}
[debug] [2025-01-24T10:32:26.902Z] [runtime-status] [15572] Outgoing network have been stubbed. [{"name":"http","status":"mocked"},{"name":"http","status":"mocked"},{"name":"https","status":"mocked"},{"name":"https","status":"mocked"},{"name":"net","status":"mocked"}] {"metadata":{"emulator":{"name":"functions"},"function":{"name":"us-central1-api"},"extension":{},"message":"[runtime-status] [15572] Outgoing network have been stubbed. [{\"name\":\"http\",\"status\":\"mocked\"},{\"name\":\"http\",\"status\":\"mocked\"},{\"name\":\"https\",\"status\":\"mocked\"},{\"name\":\"https\",\"status\":\"mocked\"},{\"name\":\"net\",\"status\":\"mocked\"}]"}}
[debug] [2025-01-24T10:32:26.903Z] [runtime-status] [15572] Resolved module firebase-functions {"declared":true,"installed":true,"version":"6.2.0","resolution":"C:\\Users\\JEFRINA A P\\Amazon_Clone\\amazon\\functions\\node_modules\\firebase-functions\\lib\\v2\\index.js"} {"metadata":{"emulator":{"name":"functions"},"function":{"name":"us-central1-api"},"extension":{},"message":"[runtime-status] [15572] Resolved module firebase-functions {\"declared\":true,\"installed\":true,\"version\":\"6.2.0\",\"resolution\":\"C:\\\\Users\\\\JEFRINA A P\\\\Amazon_Clone\\\\amazon\\\\functions\\\\node_modules\\\\firebase-functions\\\\lib\\\\v2\\\\index.js\"}"}}
[debug] [2025-01-24T10:32:27.305Z] [runtime-status] [15572] Checked functions.config() {"config":{}} {"metadata":{"emulator":{"name":"functions"},"function":{"name":"us-central1-api"},"extension":{},"message":"[runtime-status] [15572] Checked functions.config() {\"config\":{}}"}}
[debug] [2025-01-24T10:32:27.305Z] [runtime-status] [15572] firebase-functions has been stubbed. {"functionsResolution":{"declared":true,"installed":true,"version":"6.2.0","resolution":"C:\\Users\\JEFRINA A P\\Amazon_Clone\\amazon\\functions\\node_modules\\firebase-functions\\lib\\v2\\index.js"}} {"metadata":{"emulator":{"name":"functions"},"function":{"name":"us-central1-api"},"extension":{},"message":"[runtime-status] [15572] firebase-functions has been stubbed. {\"functionsResolution\":{\"declared\":true,\"installed\":true,\"version\":\"6.2.0\",\"resolution\":\"C:\\\\Users\\\\JEFRINA A P\\\\Amazon_Clone\\\\amazon\\\\functions\\\\node_modules\\\\firebase-functions\\\\lib\\\\v2\\\\index.js\"}}"}}
[debug] [2025-01-24T10:32:27.306Z] [runtime-status] [15572] Resolved module firebase-functions {"declared":true,"installed":true,"version":"6.2.0","resolution":"C:\\Users\\JEFRINA A P\\Amazon_Clone\\amazon\\functions\\node_modules\\firebase-functions\\lib\\v2\\index.js"} {"metadata":{"emulator":{"name":"functions"},"function":{"name":"us-central1-api"},"extension":{},"message":"[runtime-status] [15572] Resolved module firebase-functions {\"declared\":true,\"installed\":true,\"version\":\"6.2.0\",\"resolution\":\"C:\\\\Users\\\\JEFRINA A P\\\\Amazon_Clone\\\\amazon\\\\functions\\\\node_modules\\\\firebase-functions\\\\lib\\\\v2\\\\index.js\"}"}}
[debug] [2025-01-24T10:32:27.311Z] [runtime-status] [15572] Resolved module firebase-admin {"declared":true,"installed":true,"version":"12.7.0","resolution":"C:\\Users\\JEFRINA A P\\Amazon_Clone\\amazon\\functions\\node_modules\\firebase-admin\\lib\\index.js"} {"metadata":{"emulator":{"name":"functions"},"function":{"name":"us-central1-api"},"extension":{},"message":"[runtime-status] [15572] Resolved module firebase-admin {\"declared\":true,\"installed\":true,\"version\":\"12.7.0\",\"resolution\":\"C:\\\\Users\\\\JEFRINA A P\\\\Amazon_Clone\\\\amazon\\\\functions\\\\node_modules\\\\firebase-admin\\\\lib\\\\index.js\"}"}}
[debug] [2025-01-24T10:32:27.314Z] [runtime-status] [15572] Resolved module firebase-functions {"declared":true,"installed":true,"version":"6.2.0","resolution":"C:\\Users\\JEFRINA A P\\Amazon_Clone\\amazon\\functions\\node_modules\\firebase-functions\\lib\\v2\\index.js"} {"metadata":{"emulator":{"name":"functions"},"function":{"name":"us-central1-api"},"extension":{},"message":"[runtime-status] [15572] Resolved module firebase-functions {\"declared\":true,\"installed\":true,\"version\":\"6.2.0\",\"resolution\":\"C:\\\\Users\\\\JEFRINA A P\\\\Amazon_Clone\\\\amazon\\\\functions\\\\node_modules\\\\firebase-functions\\\\lib\\\\v2\\\\index.js\"}"}}
[debug] [2025-01-24T10:32:27.314Z] [runtime-status] [15572] firebase-admin has been stubbed. {"adminResolution":{"declared":true,"installed":true,"version":"12.7.0","resolution":"C:\\Users\\JEFRINA A P\\Amazon_Clone\\amazon\\functions\\node_modules\\firebase-admin\\lib\\index.js"}} {"metadata":{"emulator":{"name":"functions"},"function":{"name":"us-central1-api"},"extension":{},"message":"[runtime-status] [15572] firebase-admin has been stubbed. {\"adminResolution\":{\"declared\":true,\"installed\":true,\"version\":\"12.7.0\",\"resolution\":\"C:\\\\Users\\\\JEFRINA A P\\\\Amazon_Clone\\\\amazon\\\\functions\\\\node_modules\\\\firebase-admin\\\\lib\\\\index.js\"}}"}}
[debug] [2025-01-24T10:32:27.545Z] [runtime-status] [15572] Functions runtime initialized. {"cwd":"C:\\Users\\JEFRINA A P\\Amazon_Clone\\amazon\\functions","node_version":"22.4.1"} {"metadata":{"emulator":{"name":"functions"},"function":{"name":"us-central1-api"},"extension":{},"message":"[runtime-status] [15572] Functions runtime initialized. {\"cwd\":\"C:\\\\Users\\\\JEFRINA A P\\\\Amazon_Clone\\\\amazon\\\\functions\",\"node_version\":\"22.4.1\"}"}}
[debug] [2025-01-24T10:32:27.545Z] [runtime-status] [15572] Listening to port: \\?\pipe\fire_emu_5a50cc73f3e09eeb {"metadata":{"emulator":{"name":"functions"},"function":{"name":"us-central1-api"},"extension":{},"message":"[runtime-status] [15572] Listening to port: \\\\?\\pipe\\fire_emu_5a50cc73f3e09eeb"}}
[debug] [2025-01-24T10:32:27.589Z] [worker-us-central1-api-1f6eaaf4-2ab4-4aca-ba10-5ee74fab27fe]: IDLE {"metadata":{"emulator":{"name":"functions"},"function":{"name":"us-central1-api"},"extension":{},"message":"[worker-us-central1-api-1f6eaaf4-2ab4-4aca-ba10-5ee74fab27fe]: IDLE"}}
[debug] [2025-01-24T10:32:27.590Z] [worker-pool] submitRequest(triggerId=us-central1-api) {"metadata":{"emulator":{"name":"functions"},"message":"[worker-pool] submitRequest(triggerId=us-central1-api)"}}
[info] i  functions: Beginning execution of "us-central1-api" {"metadata":{"emulator":{"name":"functions"},"function":{"name":"us-central1-api"},"extension":{},"message":"Beginning execution of \"us-central1-api\""}}
[debug] [2025-01-24T10:32:27.591Z] [worker-us-central1-api-1f6eaaf4-2ab4-4aca-ba10-5ee74fab27fe]: BUSY {"metadata":{"emulator":{"name":"functions"},"function":{"name":"us-central1-api"},"extension":{},"message":"[worker-us-central1-api-1f6eaaf4-2ab4-4aca-ba10-5ee74fab27fe]: BUSY"}}
[debug] [2025-01-24T10:32:27.597Z] Finishing up request with event=pause {"metadata":{"emulator":{"name":"functions"},"function":{"name":"us-central1-api"},"extension":{},"message":"Finishing up request with event=pause"}}
[info] i  functions: Finished "us-central1-api" in 6.2109ms {"metadata":{"emulator":{"name":"functions"},"function":{"name":"us-central1-api"},"extension":{},"message":"Finished \"us-central1-api\" in 6.2109ms"}}
[debug] [2025-01-24T10:32:27.598Z] [worker-us-central1-api-1f6eaaf4-2ab4-4aca-ba10-5ee74fab27fe]: IDLE {"metadata":{"emulator":{"name":"functions"},"function":{"name":"us-central1-api"},"extension":{},"message":"[worker-us-central1-api-1f6eaaf4-2ab4-4aca-ba10-5ee74fab27fe]: IDLE"}}
[debug] [2025-01-24T10:32:27.598Z] Finishing up request with event=finish {"metadata":{"emulator":{"name":"functions"},"function":{"name":"us-central1-api"},"extension":{},"message":"Finishing up request with event=finish"}}
[debug] [2025-01-24T10:32:27.598Z] Finishing up request with event=close {"metadata":{"emulator":{"name":"functions"},"function":{"name":"us-central1-api"},"extension":{},"message":"Finishing up request with event=close"}}
[debug] [2025-01-24T10:32:27.598Z] [work-queue] {"queuedWork":[],"queueLength":0,"runningWork":[],"workRunningCount":0}
[debug] [2025-01-24T10:32:45.678Z] [work-queue] {"queuedWork":["/clone-1cd78/us-central1/api/payments/create-2025-01-24T10:32:45.678Z"],"queueLength":1,"runningWork":[],"workRunningCount":0}
[debug] [2025-01-24T10:32:45.678Z] [work-queue] {"queuedWork":[],"queueLength":0,"runningWork":["/clone-1cd78/us-central1/api/payments/create-2025-01-24T10:32:45.678Z"],"workRunningCount":1}
[debug] [2025-01-24T10:32:45.678Z] Accepted request POST /clone-1cd78/us-central1/api/payments/create?total=27500 --> us-central1-api
[debug] [2025-01-24T10:32:45.682Z] [functions] Runtime ready! Sending request! {"metadata":{"emulator":{"name":"functions"},"message":"[functions] Runtime ready! Sending request!"}}
[debug] [2025-01-24T10:32:45.682Z] [functions] Got req.url=/clone-1cd78/us-central1/api/payments/create?total=27500, mapping to path=/payments/create?total=27500 {"metadata":{"emulator":{"name":"functions"},"message":"[functions] Got req.url=/clone-1cd78/us-central1/api/payments/create?total=27500, mapping to path=/payments/create?total=27500"}}
[debug] [2025-01-24T10:32:45.683Z] [worker-pool] submitRequest(triggerId=us-central1-api) {"metadata":{"emulator":{"name":"functions"},"message":"[worker-pool] submitRequest(triggerId=us-central1-api)"}}
[info] i  functions: Beginning execution of "us-central1-api" {"metadata":{"emulator":{"name":"functions"},"function":{"name":"us-central1-api"},"extension":{},"message":"Beginning execution of \"us-central1-api\""}}
[debug] [2025-01-24T10:32:45.686Z] [worker-us-central1-api-1f6eaaf4-2ab4-4aca-ba10-5ee74fab27fe]: BUSY {"metadata":{"emulator":{"name":"functions"},"function":{"name":"us-central1-api"},"extension":{},"message":"[worker-us-central1-api-1f6eaaf4-2ab4-4aca-ba10-5ee74fab27fe]: BUSY"}}
[debug] [2025-01-24T10:32:45.687Z] [work-queue] {"queuedWork":["/clone-1cd78/us-central1/api/payments/create-2025-01-24T10:32:45.687Z"],"queueLength":1,"runningWork":["/clone-1cd78/us-central1/api/payments/create-2025-01-24T10:32:45.678Z"],"workRunningCount":1}
[debug] [2025-01-24T10:32:45.688Z] [work-queue] {"queuedWork":[],"queueLength":0,"runningWork":["/clone-1cd78/us-central1/api/payments/create-2025-01-24T10:32:45.678Z","/clone-1cd78/us-central1/api/payments/create-2025-01-24T10:32:45.687Z"],"workRunningCount":2}
[debug] [2025-01-24T10:32:45.688Z] Accepted request POST /clone-1cd78/us-central1/api/payments/create?total=27500 --> us-central1-api
[debug] [2025-01-24T10:32:45.690Z] [functions] Runtime ready! Sending request! {"metadata":{"emulator":{"name":"functions"},"message":"[functions] Runtime ready! Sending request!"}}
[debug] [2025-01-24T10:32:45.690Z] [functions] Got req.url=/clone-1cd78/us-central1/api/payments/create?total=27500, mapping to path=/payments/create?total=27500 {"metadata":{"emulator":{"name":"functions"},"message":"[functions] Got req.url=/clone-1cd78/us-central1/api/payments/create?total=27500, mapping to path=/payments/create?total=27500"}}
[debug] [2025-01-24T10:32:45.696Z] [worker-pool] addWorker(us-central1-api) {"metadata":{"emulator":{"name":"functions"},"message":"[worker-pool] addWorker(us-central1-api)"}}
[debug] [2025-01-24T10:32:45.697Z] [worker-pool] Adding worker with key us-central1-api, total=2 {"metadata":{"emulator":{"name":"functions"},"message":"[worker-pool] Adding worker with key us-central1-api, total=2"}}
[info] >  Payment Request Received BOOM!!! for amount >>>  27500 {"user":"Payment Request Received BOOM!!! for amount >>>  27500","metadata":{"emulator":{"name":"functions"},"function":{"name":"us-central1-api"},"extension":{},"message":"\u001b[90m> \u001b[39m Payment Request Received BOOM!!! for amount >>>  27500"}}
[debug] [2025-01-24T10:32:46.908Z] Finishing up request with event=pause {"metadata":{"emulator":{"name":"functions"},"function":{"name":"us-central1-api"},"extension":{},"message":"Finishing up request with event=pause"}}
[info] i  functions: Finished "us-central1-api" in 1221.5597ms {"metadata":{"emulator":{"name":"functions"},"function":{"name":"us-central1-api"},"extension":{},"message":"Finished \"us-central1-api\" in 1221.5597ms"}}
[debug] [2025-01-24T10:32:46.909Z] [worker-us-central1-api-1f6eaaf4-2ab4-4aca-ba10-5ee74fab27fe]: IDLE {"metadata":{"emulator":{"name":"functions"},"function":{"name":"us-central1-api"},"extension":{},"message":"[worker-us-central1-api-1f6eaaf4-2ab4-4aca-ba10-5ee74fab27fe]: IDLE"}}
[debug] [2025-01-24T10:32:46.909Z] Finishing up request with event=finish {"metadata":{"emulator":{"name":"functions"},"function":{"name":"us-central1-api"},"extension":{},"message":"Finishing up request with event=finish"}}
[debug] [2025-01-24T10:32:46.909Z] Finishing up request with event=close {"metadata":{"emulator":{"name":"functions"},"function":{"name":"us-central1-api"},"extension":{},"message":"Finishing up request with event=close"}}
[debug] [2025-01-24T10:32:46.909Z] [work-queue] {"queuedWork":[],"queueLength":0,"runningWork":["/clone-1cd78/us-central1/api/payments/create-2025-01-24T10:32:45.687Z"],"workRunningCount":1}
[info] >  (node:25780) [DEP0040] DeprecationWarning: The `punycode` module is deprecated. Please use a userland alternative instead. {"user":"(node:25780) [DEP0040] DeprecationWarning: The `punycode` module is deprecated. Please use a userland alternative instead.","metadata":{"emulator":{"name":"functions"},"function":{"name":"us-central1-api"},"extension":{},"message":"\u001b[90m> \u001b[39m (node:25780) [DEP0040] DeprecationWarning: The `punycode` module is deprecated. Please use a userland alternative instead."}}
[info] >  (Use `node --trace-deprecation ...` to show where the warning was created) {"user":"(Use `node --trace-deprecation ...` to show where the warning was created)","metadata":{"emulator":{"name":"functions"},"function":{"name":"us-central1-api"},"extension":{},"message":"\u001b[90m> \u001b[39m (Use `node --trace-deprecation ...` to show where the warning was created)"}}
[debug] [2025-01-24T10:32:47.200Z] [runtime-status] [25780] Resolved module firebase-admin {"declared":true,"installed":true,"version":"12.7.0","resolution":"C:\\Users\\JEFRINA A P\\Amazon_Clone\\amazon\\functions\\node_modules\\firebase-admin\\lib\\index.js"} {"metadata":{"emulator":{"name":"functions"},"function":{"name":"us-central1-api"},"extension":{},"message":"[runtime-status] [25780] Resolved module firebase-admin {\"declared\":true,\"installed\":true,\"version\":\"12.7.0\",\"resolution\":\"C:\\\\Users\\\\JEFRINA A P\\\\Amazon_Clone\\\\amazon\\\\functions\\\\node_modules\\\\firebase-admin\\\\lib\\\\index.js\"}"}}
[debug] [2025-01-24T10:32:47.202Z] [runtime-status] [25780] Resolved module firebase-functions {"declared":true,"installed":true,"version":"6.2.0","resolution":"C:\\Users\\JEFRINA A P\\Amazon_Clone\\amazon\\functions\\node_modules\\firebase-functions\\lib\\v2\\index.js"} {"metadata":{"emulator":{"name":"functions"},"function":{"name":"us-central1-api"},"extension":{},"message":"[runtime-status] [25780] Resolved module firebase-functions {\"declared\":true,\"installed\":true,\"version\":\"6.2.0\",\"resolution\":\"C:\\\\Users\\\\JEFRINA A P\\\\Amazon_Clone\\\\amazon\\\\functions\\\\node_modules\\\\firebase-functions\\\\lib\\\\v2\\\\index.js\"}"}}
[debug] [2025-01-24T10:32:47.203Z] [runtime-status] [25780] Outgoing network have been stubbed. [{"name":"http","status":"mocked"},{"name":"http","status":"mocked"},{"name":"https","status":"mocked"},{"name":"https","status":"mocked"},{"name":"net","status":"mocked"}] {"metadata":{"emulator":{"name":"functions"},"function":{"name":"us-central1-api"},"extension":{},"message":"[runtime-status] [25780] Outgoing network have been stubbed. [{\"name\":\"http\",\"status\":\"mocked\"},{\"name\":\"http\",\"status\":\"mocked\"},{\"name\":\"https\",\"status\":\"mocked\"},{\"name\":\"https\",\"status\":\"mocked\"},{\"name\":\"net\",\"status\":\"mocked\"}]"}}
[debug] [2025-01-24T10:32:47.204Z] [runtime-status] [25780] Resolved module firebase-functions {"declared":true,"installed":true,"version":"6.2.0","resolution":"C:\\Users\\JEFRINA A P\\Amazon_Clone\\amazon\\functions\\node_modules\\firebase-functions\\lib\\v2\\index.js"} {"metadata":{"emulator":{"name":"functions"},"function":{"name":"us-central1-api"},"extension":{},"message":"[runtime-status] [25780] Resolved module firebase-functions {\"declared\":true,\"installed\":true,\"version\":\"6.2.0\",\"resolution\":\"C:\\\\Users\\\\JEFRINA A P\\\\Amazon_Clone\\\\amazon\\\\functions\\\\node_modules\\\\firebase-functions\\\\lib\\\\v2\\\\index.js\"}"}}
[debug] [2025-01-24T10:32:47.613Z] [runtime-status] [25780] Checked functions.config() {"config":{}} {"metadata":{"emulator":{"name":"functions"},"function":{"name":"us-central1-api"},"extension":{},"message":"[runtime-status] [25780] Checked functions.config() {\"config\":{}}"}}
[debug] [2025-01-24T10:32:47.613Z] [runtime-status] [25780] firebase-functions has been stubbed. {"functionsResolution":{"declared":true,"installed":true,"version":"6.2.0","resolution":"C:\\Users\\JEFRINA A P\\Amazon_Clone\\amazon\\functions\\node_modules\\firebase-functions\\lib\\v2\\index.js"}} {"metadata":{"emulator":{"name":"functions"},"function":{"name":"us-central1-api"},"extension":{},"message":"[runtime-status] [25780] firebase-functions has been stubbed. {\"functionsResolution\":{\"declared\":true,\"installed\":true,\"version\":\"6.2.0\",\"resolution\":\"C:\\\\Users\\\\JEFRINA A P\\\\Amazon_Clone\\\\amazon\\\\functions\\\\node_modules\\\\firebase-functions\\\\lib\\\\v2\\\\index.js\"}}"}}
[debug] [2025-01-24T10:32:47.614Z] [runtime-status] [25780] Resolved module firebase-functions {"declared":true,"installed":true,"version":"6.2.0","resolution":"C:\\Users\\JEFRINA A P\\Amazon_Clone\\amazon\\functions\\node_modules\\firebase-functions\\lib\\v2\\index.js"} {"metadata":{"emulator":{"name":"functions"},"function":{"name":"us-central1-api"},"extension":{},"message":"[runtime-status] [25780] Resolved module firebase-functions {\"declared\":true,\"installed\":true,\"version\":\"6.2.0\",\"resolution\":\"C:\\\\Users\\\\JEFRINA A P\\\\Amazon_Clone\\\\amazon\\\\functions\\\\node_modules\\\\firebase-functions\\\\lib\\\\v2\\\\index.js\"}"}}
[debug] [2025-01-24T10:32:47.619Z] [runtime-status] [25780] Resolved module firebase-admin {"declared":true,"installed":true,"version":"12.7.0","resolution":"C:\\Users\\JEFRINA A P\\Amazon_Clone\\amazon\\functions\\node_modules\\firebase-admin\\lib\\index.js"} {"metadata":{"emulator":{"name":"functions"},"function":{"name":"us-central1-api"},"extension":{},"message":"[runtime-status] [25780] Resolved module firebase-admin {\"declared\":true,\"installed\":true,\"version\":\"12.7.0\",\"resolution\":\"C:\\\\Users\\\\JEFRINA A P\\\\Amazon_Clone\\\\amazon\\\\functions\\\\node_modules\\\\firebase-admin\\\\lib\\\\index.js\"}"}}
[debug] [2025-01-24T10:32:47.621Z] [runtime-status] [25780] Resolved module firebase-functions {"declared":true,"installed":true,"version":"6.2.0","resolution":"C:\\Users\\JEFRINA A P\\Amazon_Clone\\amazon\\functions\\node_modules\\firebase-functions\\lib\\v2\\index.js"} {"metadata":{"emulator":{"name":"functions"},"function":{"name":"us-central1-api"},"extension":{},"message":"[runtime-status] [25780] Resolved module firebase-functions {\"declared\":true,\"installed\":true,\"version\":\"6.2.0\",\"resolution\":\"C:\\\\Users\\\\JEFRINA A P\\\\Amazon_Clone\\\\amazon\\\\functions\\\\node_modules\\\\firebase-functions\\\\lib\\\\v2\\\\index.js\"}"}}
[debug] [2025-01-24T10:32:47.621Z] [runtime-status] [25780] firebase-admin has been stubbed. {"adminResolution":{"declared":true,"installed":true,"version":"12.7.0","resolution":"C:\\Users\\JEFRINA A P\\Amazon_Clone\\amazon\\functions\\node_modules\\firebase-admin\\lib\\index.js"}} {"metadata":{"emulator":{"name":"functions"},"function":{"name":"us-central1-api"},"extension":{},"message":"[runtime-status] [25780] firebase-admin has been stubbed. {\"adminResolution\":{\"declared\":true,\"installed\":true,\"version\":\"12.7.0\",\"resolution\":\"C:\\\\Users\\\\JEFRINA A P\\\\Amazon_Clone\\\\amazon\\\\functions\\\\node_modules\\\\firebase-admin\\\\lib\\\\index.js\"}}"}}
[debug] [2025-01-24T10:32:47.844Z] [runtime-status] [25780] Functions runtime initialized. {"cwd":"C:\\Users\\JEFRINA A P\\Amazon_Clone\\amazon\\functions","node_version":"22.4.1"} {"metadata":{"emulator":{"name":"functions"},"function":{"name":"us-central1-api"},"extension":{},"message":"[runtime-status] [25780] Functions runtime initialized. {\"cwd\":\"C:\\\\Users\\\\JEFRINA A P\\\\Amazon_Clone\\\\amazon\\\\functions\",\"node_version\":\"22.4.1\"}"}}
[debug] [2025-01-24T10:32:47.845Z] [runtime-status] [25780] Listening to port: \\?\pipe\fire_emu_ff04ef3050bd0a4b {"metadata":{"emulator":{"name":"functions"},"function":{"name":"us-central1-api"},"extension":{},"message":"[runtime-status] [25780] Listening to port: \\\\?\\pipe\\fire_emu_ff04ef3050bd0a4b"}}
[debug] [2025-01-24T10:32:47.874Z] [worker-us-central1-api-23ea6f6d-6c15-4c57-a9ed-3bb56e905a27]: IDLE {"metadata":{"emulator":{"name":"functions"},"function":{"name":"us-central1-api"},"extension":{},"message":"[worker-us-central1-api-23ea6f6d-6c15-4c57-a9ed-3bb56e905a27]: IDLE"}}
[debug] [2025-01-24T10:32:47.875Z] [worker-pool] submitRequest(triggerId=us-central1-api) {"metadata":{"emulator":{"name":"functions"},"message":"[worker-pool] submitRequest(triggerId=us-central1-api)"}}
[info] i  functions: Beginning execution of "us-central1-api" {"metadata":{"emulator":{"name":"functions"},"function":{"name":"us-central1-api"},"extension":{},"message":"Beginning execution of \"us-central1-api\""}}
[debug] [2025-01-24T10:32:47.875Z] [worker-us-central1-api-1f6eaaf4-2ab4-4aca-ba10-5ee74fab27fe]: BUSY {"metadata":{"emulator":{"name":"functions"},"function":{"name":"us-central1-api"},"extension":{},"message":"[worker-us-central1-api-1f6eaaf4-2ab4-4aca-ba10-5ee74fab27fe]: BUSY"}}
[info] >  Payment Request Received BOOM!!! for amount >>>  27500 {"user":"Payment Request Received BOOM!!! for amount >>>  27500","metadata":{"emulator":{"name":"functions"},"function":{"name":"us-central1-api"},"extension":{},"message":"\u001b[90m> \u001b[39m Payment Request Received BOOM!!! for amount >>>  27500"}}
[debug] [2025-01-24T10:32:48.322Z] Finishing up request with event=pause {"metadata":{"emulator":{"name":"functions"},"function":{"name":"us-central1-api"},"extension":{},"message":"Finishing up request with event=pause"}}
[info] i  functions: Finished "us-central1-api" in 446.9556ms {"metadata":{"emulator":{"name":"functions"},"function":{"name":"us-central1-api"},"extension":{},"message":"Finished \"us-central1-api\" in 446.9556ms"}}
[debug] [2025-01-24T10:32:48.324Z] [worker-us-central1-api-1f6eaaf4-2ab4-4aca-ba10-5ee74fab27fe]: IDLE {"metadata":{"emulator":{"name":"functions"},"function":{"name":"us-central1-api"},"extension":{},"message":"[worker-us-central1-api-1f6eaaf4-2ab4-4aca-ba10-5ee74fab27fe]: IDLE"}}
[debug] [2025-01-24T10:32:48.324Z] Finishing up request with event=finish {"metadata":{"emulator":{"name":"functions"},"function":{"name":"us-central1-api"},"extension":{},"message":"Finishing up request with event=finish"}}
[debug] [2025-01-24T10:32:48.324Z] Finishing up request with event=close {"metadata":{"emulator":{"name":"functions"},"function":{"name":"us-central1-api"},"extension":{},"message":"Finishing up request with event=close"}}
[debug] [2025-01-24T10:32:48.324Z] [work-queue] {"queuedWork":[],"queueLength":0,"runningWork":[],"workRunningCount":0}
[debug] [2025-01-24T10:33:12.422Z] [work-queue] {"queuedWork":["/clone-1cd78/us-central1/api/payments/create-2025-01-24T10:33:12.422Z"],"queueLength":1,"runningWork":[],"workRunningCount":0}
[debug] [2025-01-24T10:33:12.423Z] [work-queue] {"queuedWork":[],"queueLength":0,"runningWork":["/clone-1cd78/us-central1/api/payments/create-2025-01-24T10:33:12.422Z"],"workRunningCount":1}
[debug] [2025-01-24T10:33:12.423Z] Accepted request POST /clone-1cd78/us-central1/api/payments/create?total=0 --> us-central1-api
[debug] [2025-01-24T10:33:12.425Z] [functions] Runtime ready! Sending request! {"metadata":{"emulator":{"name":"functions"},"message":"[functions] Runtime ready! Sending request!"}}
[debug] [2025-01-24T10:33:12.425Z] [functions] Got req.url=/clone-1cd78/us-central1/api/payments/create?total=0, mapping to path=/payments/create?total=0 {"metadata":{"emulator":{"name":"functions"},"message":"[functions] Got req.url=/clone-1cd78/us-central1/api/payments/create?total=0, mapping to path=/payments/create?total=0"}}
[debug] [2025-01-24T10:33:12.425Z] [worker-pool] submitRequest(triggerId=us-central1-api) {"metadata":{"emulator":{"name":"functions"},"message":"[worker-pool] submitRequest(triggerId=us-central1-api)"}}
[info] i  functions: Beginning execution of "us-central1-api" {"metadata":{"emulator":{"name":"functions"},"function":{"name":"us-central1-api"},"extension":{},"message":"Beginning execution of \"us-central1-api\""}}
[debug] [2025-01-24T10:33:12.426Z] [worker-us-central1-api-1f6eaaf4-2ab4-4aca-ba10-5ee74fab27fe]: BUSY {"metadata":{"emulator":{"name":"functions"},"function":{"name":"us-central1-api"},"extension":{},"message":"[worker-us-central1-api-1f6eaaf4-2ab4-4aca-ba10-5ee74fab27fe]: BUSY"}}
[debug] [2025-01-24T10:33:12.427Z] [work-queue] {"queuedWork":["/clone-1cd78/us-central1/api/payments/create-2025-01-24T10:33:12.427Z"],"queueLength":1,"runningWork":["/clone-1cd78/us-central1/api/payments/create-2025-01-24T10:33:12.422Z"],"workRunningCount":1}
[debug] [2025-01-24T10:33:12.427Z] [work-queue] {"queuedWork":[],"queueLength":0,"runningWork":["/clone-1cd78/us-central1/api/payments/create-2025-01-24T10:33:12.422Z","/clone-1cd78/us-central1/api/payments/create-2025-01-24T10:33:12.427Z"],"workRunningCount":2}
[debug] [2025-01-24T10:33:12.427Z] Accepted request POST /clone-1cd78/us-central1/api/payments/create?total=0 --> us-central1-api
[debug] [2025-01-24T10:33:12.429Z] [functions] Runtime ready! Sending request! {"metadata":{"emulator":{"name":"functions"},"message":"[functions] Runtime ready! Sending request!"}}
[debug] [2025-01-24T10:33:12.429Z] [functions] Got req.url=/clone-1cd78/us-central1/api/payments/create?total=0, mapping to path=/payments/create?total=0 {"metadata":{"emulator":{"name":"functions"},"message":"[functions] Got req.url=/clone-1cd78/us-central1/api/payments/create?total=0, mapping to path=/payments/create?total=0"}}
[debug] [2025-01-24T10:33:12.429Z] [worker-pool] submitRequest(triggerId=us-central1-api) {"metadata":{"emulator":{"name":"functions"},"message":"[worker-pool] submitRequest(triggerId=us-central1-api)"}}
[info] i  functions: Beginning execution of "us-central1-api" {"metadata":{"emulator":{"name":"functions"},"function":{"name":"us-central1-api"},"extension":{},"message":"Beginning execution of \"us-central1-api\""}}
[debug] [2025-01-24T10:33:12.430Z] [worker-us-central1-api-23ea6f6d-6c15-4c57-a9ed-3bb56e905a27]: BUSY {"metadata":{"emulator":{"name":"functions"},"function":{"name":"us-central1-api"},"extension":{},"message":"[worker-us-central1-api-23ea6f6d-6c15-4c57-a9ed-3bb56e905a27]: BUSY"}}
[info] >  Payment Request Received BOOM!!! for amount >>>  0 {"user":"Payment Request Received BOOM!!! for amount >>>  0","metadata":{"emulator":{"name":"functions"},"function":{"name":"us-central1-api"},"extension":{},"message":"\u001b[90m> \u001b[39m Payment Request Received BOOM!!! for amount >>>  0"}}
[info] >  Payment Request Received BOOM!!! for amount >>>  0 {"user":"Payment Request Received BOOM!!! for amount >>>  0","metadata":{"emulator":{"name":"functions"},"function":{"name":"us-central1-api"},"extension":{},"message":"\u001b[90m> \u001b[39m Payment Request Received BOOM!!! for amount >>>  0"}}
[info] >  C:\Users\JEFRINA A P\Amazon_Clone\amazon\functions\node_modules\stripe\cjs\Error.js:11 {"user":"C:\\Users\\JEFRINA A P\\Amazon_Clone\\amazon\\functions\\node_modules\\stripe\\cjs\\Error.js:11\r","metadata":{"emulator":{"name":"functions"},"function":{"name":"us-central1-api"},"extension":{},"message":"\u001b[90m> \u001b[39m C:\\Users\\JEFRINA A P\\Amazon_Clone\\amazon\\functions\\node_modules\\stripe\\cjs\\Error.js:11\r"}}
[info] >              return new StripeInvalidRequestError(rawStripeError); {"user":"            return new StripeInvalidRequestError(rawStripeError);\r","metadata":{"emulator":{"name":"functions"},"function":{"name":"us-central1-api"},"extension":{},"message":"\u001b[90m> \u001b[39m             return new StripeInvalidRequestError(rawStripeError);\r"}}
[info] >                     ^ {"user":"                   ^\r","metadata":{"emulator":{"name":"functions"},"function":{"name":"us-central1-api"},"extension":{},"message":"\u001b[90m> \u001b[39m                    ^\r"}}
[info] >   {"user":"\r","metadata":{"emulator":{"name":"functions"},"function":{"name":"us-central1-api"},"extension":{},"message":"\u001b[90m> \u001b[39m \r"}}
[info] >  StripeInvalidRequestError: The amount must be greater than or equal to the minimum charge amount allowed for your account and the currency set (https://docs.stripe.com/currencies#minimum-and-maximum-charge-amounts).  If you want to save a Payment Method for future use without an immediate payment, use a Setup Intent instead: https://docs.stripe.com/payments/setup-intents {"user":"StripeInvalidRequestError: The amount must be greater than or equal to the minimum charge amount allowed for your account and the currency set (https://docs.stripe.com/currencies#minimum-and-maximum-charge-amounts).  If you want to save a Payment Method for future use without an immediate payment, use a Setup Intent instead: https://docs.stripe.com/payments/setup-intents\r","metadata":{"emulator":{"name":"functions"},"function":{"name":"us-central1-api"},"extension":{},"message":"\u001b[90m> \u001b[39m StripeInvalidRequestError: The amount must be greater than or equal to the minimum charge amount allowed for your account and the currency set (https://docs.stripe.com/currencies#minimum-and-maximum-charge-amounts).  If you want to save a Payment Method for future use without an immediate payment, use a Setup Intent instead: https://docs.stripe.com/payments/setup-intents\r"}}
[info] >      at generateV1Error (C:\Users\JEFRINA A P\Amazon_Clone\amazon\functions\node_modules\stripe\cjs\Error.js:11:20) {"user":"    at generateV1Error (C:\\Users\\JEFRINA A P\\Amazon_Clone\\amazon\\functions\\node_modules\\stripe\\cjs\\Error.js:11:20)\r","metadata":{"emulator":{"name":"functions"},"function":{"name":"us-central1-api"},"extension":{},"message":"\u001b[90m> \u001b[39m     at generateV1Error (C:\\Users\\JEFRINA A P\\Amazon_Clone\\amazon\\functions\\node_modules\\stripe\\cjs\\Error.js:11:20)\r"}}
[info] >      at res.toJSON.then.Error_js_1.StripeAPIError.message (C:\Users\JEFRINA A P\Amazon_Clone\amazon\functions\node_modules\stripe\cjs\RequestSender.js:108:62) {"user":"    at res.toJSON.then.Error_js_1.StripeAPIError.message (C:\\Users\\JEFRINA A P\\Amazon_Clone\\amazon\\functions\\node_modules\\stripe\\cjs\\RequestSender.js:108:62)\r","metadata":{"emulator":{"name":"functions"},"function":{"name":"us-central1-api"},"extension":{},"message":"\u001b[90m> \u001b[39m     at res.toJSON.then.Error_js_1.StripeAPIError.message (C:\\Users\\JEFRINA A P\\Amazon_Clone\\amazon\\functions\\node_modules\\stripe\\cjs\\RequestSender.js:108:62)\r"}}
[info] >      at process.processTicksAndRejections (node:internal/process/task_queues:95:5) { {"user":"    at process.processTicksAndRejections (node:internal/process/task_queues:95:5) {\r","metadata":{"emulator":{"name":"functions"},"function":{"name":"us-central1-api"},"extension":{},"message":"\u001b[90m> \u001b[39m     at process.processTicksAndRejections (node:internal/process/task_queues:95:5) {\r"}}
[info] >    type: 'StripeInvalidRequestError', {"user":"  type: 'StripeInvalidRequestError',\r","metadata":{"emulator":{"name":"functions"},"function":{"name":"us-central1-api"},"extension":{},"message":"\u001b[90m> \u001b[39m   type: 'StripeInvalidRequestError',\r"}}
[info] >    raw: { {"user":"  raw: {\r","metadata":{"emulator":{"name":"functions"},"function":{"name":"us-central1-api"},"extension":{},"message":"\u001b[90m> \u001b[39m   raw: {\r"}}
[info] >      code: 'parameter_invalid_integer', {"user":"    code: 'parameter_invalid_integer',\r","metadata":{"emulator":{"name":"functions"},"function":{"name":"us-central1-api"},"extension":{},"message":"\u001b[90m> \u001b[39m     code: 'parameter_invalid_integer',\r"}}
[info] >      doc_url: 'https://stripe.com/docs/error-codes/parameter-invalid-integer', {"user":"    doc_url: 'https://stripe.com/docs/error-codes/parameter-invalid-integer',\r","metadata":{"emulator":{"name":"functions"},"function":{"name":"us-central1-api"},"extension":{},"message":"\u001b[90m> \u001b[39m     doc_url: 'https://stripe.com/docs/error-codes/parameter-invalid-integer',\r"}}
[info] >      message: 'The amount must be greater than or equal to the minimum charge amount allowed for your account and the currency set (https://docs.stripe.com/currencies#minimum-and-maximum-charge-amounts).  If you want to save a Payment Method for future use without an immediate payment, use a Setup Intent instead: https://docs.stripe.com/payments/setup-intents', {"user":"    message: 'The amount must be greater than or equal to the minimum charge amount allowed for your account and the currency set (https://docs.stripe.com/currencies#minimum-and-maximum-charge-amounts).  If you want to save a Payment Method for future use without an immediate payment, use a Setup Intent instead: https://docs.stripe.com/payments/setup-intents',\r","metadata":{"emulator":{"name":"functions"},"function":{"name":"us-central1-api"},"extension":{},"message":"\u001b[90m> \u001b[39m     message: 'The amount must be greater than or equal to the minimum charge amount allowed for your account and the currency set (https://docs.stripe.com/currencies#minimum-and-maximum-charge-amounts).  If you want to save a Payment Method for future use without an immediate payment, use a Setup Intent instead: https://docs.stripe.com/payments/setup-intents',\r"}}
[info] >      param: 'amount', {"user":"    param: 'amount',\r","metadata":{"emulator":{"name":"functions"},"function":{"name":"us-central1-api"},"extension":{},"message":"\u001b[90m> \u001b[39m     param: 'amount',\r"}}
[info] >      request_log_url: 'https://dashboard.stripe.com/test/logs/req_wTjsXSdQvYN3b3?t=1737714795', {"user":"    request_log_url: 'https://dashboard.stripe.com/test/logs/req_wTjsXSdQvYN3b3?t=1737714795',\r","metadata":{"emulator":{"name":"functions"},"function":{"name":"us-central1-api"},"extension":{},"message":"\u001b[90m> \u001b[39m     request_log_url: 'https://dashboard.stripe.com/test/logs/req_wTjsXSdQvYN3b3?t=1737714795',\r"}}
[info] >      type: 'invalid_request_error', {"user":"    type: 'invalid_request_error',\r","metadata":{"emulator":{"name":"functions"},"function":{"name":"us-central1-api"},"extension":{},"message":"\u001b[90m> \u001b[39m     type: 'invalid_request_error',\r"}}
[info] >      headers: { {"user":"    headers: {\r","metadata":{"emulator":{"name":"functions"},"function":{"name":"us-central1-api"},"extension":{},"message":"\u001b[90m> \u001b[39m     headers: {\r"}}
[info] >        server: 'nginx', {"user":"      server: 'nginx',\r","metadata":{"emulator":{"name":"functions"},"function":{"name":"us-central1-api"},"extension":{},"message":"\u001b[90m> \u001b[39m       server: 'nginx',\r"}}
[info] >        date: 'Fri, 24 Jan 2025 10:33:15 GMT', {"user":"      date: 'Fri, 24 Jan 2025 10:33:15 GMT',\r","metadata":{"emulator":{"name":"functions"},"function":{"name":"us-central1-api"},"extension":{},"message":"\u001b[90m> \u001b[39m       date: 'Fri, 24 Jan 2025 10:33:15 GMT',\r"}}
[info] >        'content-type': 'application/json', {"user":"      'content-type': 'application/json',\r","metadata":{"emulator":{"name":"functions"},"function":{"name":"us-central1-api"},"extension":{},"message":"\u001b[90m> \u001b[39m       'content-type': 'application/json',\r"}}
[info] >        'content-length': '663', {"user":"      'content-length': '663',\r","metadata":{"emulator":{"name":"functions"},"function":{"name":"us-central1-api"},"extension":{},"message":"\u001b[90m> \u001b[39m       'content-length': '663',\r"}}
[info] >        connection: 'keep-alive', {"user":"      connection: 'keep-alive',\r","metadata":{"emulator":{"name":"functions"},"function":{"name":"us-central1-api"},"extension":{},"message":"\u001b[90m> \u001b[39m       connection: 'keep-alive',\r"}}
[info] >        'access-control-allow-credentials': 'true', {"user":"      'access-control-allow-credentials': 'true',\r","metadata":{"emulator":{"name":"functions"},"function":{"name":"us-central1-api"},"extension":{},"message":"\u001b[90m> \u001b[39m       'access-control-allow-credentials': 'true',\r"}}
[info] >        'access-control-allow-methods': 'GET, HEAD, PUT, PATCH, POST, DELETE', {"user":"      'access-control-allow-methods': 'GET, HEAD, PUT, PATCH, POST, DELETE',\r","metadata":{"emulator":{"name":"functions"},"function":{"name":"us-central1-api"},"extension":{},"message":"\u001b[90m> \u001b[39m       'access-control-allow-methods': 'GET, HEAD, PUT, PATCH, POST, DELETE',\r"}}
[info] >        'access-control-allow-origin': '*', {"user":"      'access-control-allow-origin': '*',\r","metadata":{"emulator":{"name":"functions"},"function":{"name":"us-central1-api"},"extension":{},"message":"\u001b[90m> \u001b[39m       'access-control-allow-origin': '*',\r"}}
[info] >        'access-control-expose-headers': 'Request-Id, Stripe-Manage-Version, Stripe-Should-Retry, X-Stripe-External-Auth-Required, X-Stripe-Privileged-Session-Required', {"user":"      'access-control-expose-headers': 'Request-Id, Stripe-Manage-Version, Stripe-Should-Retry, X-Stripe-External-Auth-Required, X-Stripe-Privileged-Session-Required',\r","metadata":{"emulator":{"name":"functions"},"function":{"name":"us-central1-api"},"extension":{},"message":"\u001b[90m> \u001b[39m       'access-control-expose-headers': 'Request-Id, Stripe-Manage-Version, Stripe-Should-Retry, X-Stripe-External-Auth-Required, X-Stripe-Privileged-Session-Required',\r"}}
[info] >        'access-control-max-age': '300', {"user":"      'access-control-max-age': '300',\r","metadata":{"emulator":{"name":"functions"},"function":{"name":"us-central1-api"},"extension":{},"message":"\u001b[90m> \u001b[39m       'access-control-max-age': '300',\r"}}
[info] >        'cache-control': 'no-cache, no-store', {"user":"      'cache-control': 'no-cache, no-store',\r","metadata":{"emulator":{"name":"functions"},"function":{"name":"us-central1-api"},"extension":{},"message":"\u001b[90m> \u001b[39m       'cache-control': 'no-cache, no-store',\r"}}
[info] >        'content-security-policy': "base-uri 'none'; default-src 'none'; form-action 'none'; frame-ancestors 'none'; img-src 'self'; script-src 'self' 'report-sample'; style-src 'self'; upgrade-insecure-requests; report-uri https://q.stripe.com/csp-violation?q=SNI6vaP1qfkgVauXKDcoy1aSFJrs-aWlEj8DyCAF1ZZNEI2SUS4cpme0CCyDAShM35CF6PLlQMhMLyd9", {"user":"      'content-security-policy': \"base-uri 'none'; default-src 'none'; form-action 'none'; frame-ancestors 'none'; img-src 'self'; script-src 'self' 'report-sample'; style-src 'self'; upgrade-insecure-requests; report-uri https://q.stripe.com/csp-violation?q=SNI6vaP1qfkgVauXKDcoy1aSFJrs-aWlEj8DyCAF1ZZNEI2SUS4cpme0CCyDAShM35CF6PLlQMhMLyd9\",\r","metadata":{"emulator":{"name":"functions"},"function":{"name":"us-central1-api"},"extension":{},"message":"\u001b[90m> \u001b[39m       'content-security-policy': \"base-uri 'none'; default-src 'none'; form-action 'none'; frame-ancestors 'none'; img-src 'self'; script-src 'self' 'report-sample'; style-src 'self'; upgrade-insecure-requests; report-uri https://q.stripe.com/csp-violation?q=SNI6vaP1qfkgVauXKDcoy1aSFJrs-aWlEj8DyCAF1ZZNEI2SUS4cpme0CCyDAShM35CF6PLlQMhMLyd9\",\r"}}
[info] >        'cross-origin-opener-policy-report-only': 'same-origin; report-to="coop"', {"user":"      'cross-origin-opener-policy-report-only': 'same-origin; report-to=\"coop\"',\r","metadata":{"emulator":{"name":"functions"},"function":{"name":"us-central1-api"},"extension":{},"message":"\u001b[90m> \u001b[39m       'cross-origin-opener-policy-report-only': 'same-origin; report-to=\"coop\"',\r"}}
[info] >        'idempotency-key': 'stripe-node-retry-b9da693c-59b9-4322-b892-65e05cc27033', {"user":"      'idempotency-key': 'stripe-node-retry-b9da693c-59b9-4322-b892-65e05cc27033',\r","metadata":{"emulator":{"name":"functions"},"function":{"name":"us-central1-api"},"extension":{},"message":"\u001b[90m> \u001b[39m       'idempotency-key': 'stripe-node-retry-b9da693c-59b9-4322-b892-65e05cc27033',\r"}}
[info] >        'original-request': 'req_wTjsXSdQvYN3b3', {"user":"      'original-request': 'req_wTjsXSdQvYN3b3',\r","metadata":{"emulator":{"name":"functions"},"function":{"name":"us-central1-api"},"extension":{},"message":"\u001b[90m> \u001b[39m       'original-request': 'req_wTjsXSdQvYN3b3',\r"}}
[info] >        'report-to': '{"group":"coop","max_age":8640,"endpoints":[{"url":"https://q.stripe.com/coop-report"}],"include_subdomains":true}', {"user":"      'report-to': '{\"group\":\"coop\",\"max_age\":8640,\"endpoints\":[{\"url\":\"https://q.stripe.com/coop-report\"}],\"include_subdomains\":true}',\r","metadata":{"emulator":{"name":"functions"},"function":{"name":"us-central1-api"},"extension":{},"message":"\u001b[90m> \u001b[39m       'report-to': '{\"group\":\"coop\",\"max_age\":8640,\"endpoints\":[{\"url\":\"https://q.stripe.com/coop-report\"}],\"include_subdomains\":true}',\r"}}
[info] >        'reporting-endpoints': 'coop="https://q.stripe.com/coop-report"', {"user":"      'reporting-endpoints': 'coop=\"https://q.stripe.com/coop-report\"',\r","metadata":{"emulator":{"name":"functions"},"function":{"name":"us-central1-api"},"extension":{},"message":"\u001b[90m> \u001b[39m       'reporting-endpoints': 'coop=\"https://q.stripe.com/coop-report\"',\r"}}
[info] >        'request-id': 'req_wTjsXSdQvYN3b3', {"user":"      'request-id': 'req_wTjsXSdQvYN3b3',\r","metadata":{"emulator":{"name":"functions"},"function":{"name":"us-central1-api"},"extension":{},"message":"\u001b[90m> \u001b[39m       'request-id': 'req_wTjsXSdQvYN3b3',\r"}}
[info] >        'stripe-version': '2024-12-18.acacia', {"user":"      'stripe-version': '2024-12-18.acacia',\r","metadata":{"emulator":{"name":"functions"},"function":{"name":"us-central1-api"},"extension":{},"message":"\u001b[90m> \u001b[39m       'stripe-version': '2024-12-18.acacia',\r"}}
[info] >        vary: 'Origin', {"user":"      vary: 'Origin',\r","metadata":{"emulator":{"name":"functions"},"function":{"name":"us-central1-api"},"extension":{},"message":"\u001b[90m> \u001b[39m       vary: 'Origin',\r"}}
[info] >        'x-content-type-options': 'nosniff', {"user":"      'x-content-type-options': 'nosniff',\r","metadata":{"emulator":{"name":"functions"},"function":{"name":"us-central1-api"},"extension":{},"message":"\u001b[90m> \u001b[39m       'x-content-type-options': 'nosniff',\r"}}
[info] >        'x-stripe-priority-routing-enabled': 'true', {"user":"      'x-stripe-priority-routing-enabled': 'true',\r","metadata":{"emulator":{"name":"functions"},"function":{"name":"us-central1-api"},"extension":{},"message":"\u001b[90m> \u001b[39m       'x-stripe-priority-routing-enabled': 'true',\r"}}
[info] >        'x-stripe-routing-context-priority-tier': 'api-testmode', {"user":"      'x-stripe-routing-context-priority-tier': 'api-testmode',\r","metadata":{"emulator":{"name":"functions"},"function":{"name":"us-central1-api"},"extension":{},"message":"\u001b[90m> \u001b[39m       'x-stripe-routing-context-priority-tier': 'api-testmode',\r"}}
[info] >        'x-wc': 'AB', {"user":"      'x-wc': 'AB',\r","metadata":{"emulator":{"name":"functions"},"function":{"name":"us-central1-api"},"extension":{},"message":"\u001b[90m> \u001b[39m       'x-wc': 'AB',\r"}}
[info] >        'strict-transport-security': 'max-age=63072000; includeSubDomains; preload' {"user":"      'strict-transport-security': 'max-age=63072000; includeSubDomains; preload'\r","metadata":{"emulator":{"name":"functions"},"function":{"name":"us-central1-api"},"extension":{},"message":"\u001b[90m> \u001b[39m       'strict-transport-security': 'max-age=63072000; includeSubDomains; preload'\r"}}
[info] >      }, {"user":"    },\r","metadata":{"emulator":{"name":"functions"},"function":{"name":"us-central1-api"},"extension":{},"message":"\u001b[90m> \u001b[39m     },\r"}}
[info] >      statusCode: 400, {"user":"    statusCode: 400,\r","metadata":{"emulator":{"name":"functions"},"function":{"name":"us-central1-api"},"extension":{},"message":"\u001b[90m> \u001b[39m     statusCode: 400,\r"}}
[info] >      requestId: 'req_wTjsXSdQvYN3b3' {"user":"    requestId: 'req_wTjsXSdQvYN3b3'\r","metadata":{"emulator":{"name":"functions"},"function":{"name":"us-central1-api"},"extension":{},"message":"\u001b[90m> \u001b[39m     requestId: 'req_wTjsXSdQvYN3b3'\r"}}
[info] >    }, {"user":"  },\r","metadata":{"emulator":{"name":"functions"},"function":{"name":"us-central1-api"},"extension":{},"message":"\u001b[90m> \u001b[39m   },\r"}}
[info] >    rawType: 'invalid_request_error', {"user":"  rawType: 'invalid_request_error',\r","metadata":{"emulator":{"name":"functions"},"function":{"name":"us-central1-api"},"extension":{},"message":"\u001b[90m> \u001b[39m   rawType: 'invalid_request_error',\r"}}
[info] >    code: 'parameter_invalid_integer', {"user":"  code: 'parameter_invalid_integer',\r","metadata":{"emulator":{"name":"functions"},"function":{"name":"us-central1-api"},"extension":{},"message":"\u001b[90m> \u001b[39m   code: 'parameter_invalid_integer',\r"}}
[info] >    doc_url: 'https://stripe.com/docs/error-codes/parameter-invalid-integer', {"user":"  doc_url: 'https://stripe.com/docs/error-codes/parameter-invalid-integer',\r","metadata":{"emulator":{"name":"functions"},"function":{"name":"us-central1-api"},"extension":{},"message":"\u001b[90m> \u001b[39m   doc_url: 'https://stripe.com/docs/error-codes/parameter-invalid-integer',\r"}}
[info] >    param: 'amount', {"user":"  param: 'amount',\r","metadata":{"emulator":{"name":"functions"},"function":{"name":"us-central1-api"},"extension":{},"message":"\u001b[90m> \u001b[39m   param: 'amount',\r"}}
[info] >    detail: undefined, {"user":"  detail: undefined,\r","metadata":{"emulator":{"name":"functions"},"function":{"name":"us-central1-api"},"extension":{},"message":"\u001b[90m> \u001b[39m   detail: undefined,\r"}}
[info] >    headers: { {"user":"  headers: {\r","metadata":{"emulator":{"name":"functions"},"function":{"name":"us-central1-api"},"extension":{},"message":"\u001b[90m> \u001b[39m   headers: {\r"}}
[info] >      server: 'nginx', {"user":"    server: 'nginx',\r","metadata":{"emulator":{"name":"functions"},"function":{"name":"us-central1-api"},"extension":{},"message":"\u001b[90m> \u001b[39m     server: 'nginx',\r"}}
[info] >      date: 'Fri, 24 Jan 2025 10:33:15 GMT', {"user":"    date: 'Fri, 24 Jan 2025 10:33:15 GMT',\r","metadata":{"emulator":{"name":"functions"},"function":{"name":"us-central1-api"},"extension":{},"message":"\u001b[90m> \u001b[39m     date: 'Fri, 24 Jan 2025 10:33:15 GMT',\r"}}
[info] >      'content-type': 'application/json', {"user":"    'content-type': 'application/json',\r","metadata":{"emulator":{"name":"functions"},"function":{"name":"us-central1-api"},"extension":{},"message":"\u001b[90m> \u001b[39m     'content-type': 'application/json',\r"}}
[info] >      'content-length': '663', {"user":"    'content-length': '663',\r","metadata":{"emulator":{"name":"functions"},"function":{"name":"us-central1-api"},"extension":{},"message":"\u001b[90m> \u001b[39m     'content-length': '663',\r"}}
[info] >      connection: 'keep-alive', {"user":"    connection: 'keep-alive',\r","metadata":{"emulator":{"name":"functions"},"function":{"name":"us-central1-api"},"extension":{},"message":"\u001b[90m> \u001b[39m     connection: 'keep-alive',\r"}}
[info] >      'access-control-allow-credentials': 'true', {"user":"    'access-control-allow-credentials': 'true',\r","metadata":{"emulator":{"name":"functions"},"function":{"name":"us-central1-api"},"extension":{},"message":"\u001b[90m> \u001b[39m     'access-control-allow-credentials': 'true',\r"}}
[info] >      'access-control-allow-methods': 'GET, HEAD, PUT, PATCH, POST, DELETE', {"user":"    'access-control-allow-methods': 'GET, HEAD, PUT, PATCH, POST, DELETE',\r","metadata":{"emulator":{"name":"functions"},"function":{"name":"us-central1-api"},"extension":{},"message":"\u001b[90m> \u001b[39m     'access-control-allow-methods': 'GET, HEAD, PUT, PATCH, POST, DELETE',\r"}}
[info] >      'access-control-allow-origin': '*', {"user":"    'access-control-allow-origin': '*',\r","metadata":{"emulator":{"name":"functions"},"function":{"name":"us-central1-api"},"extension":{},"message":"\u001b[90m> \u001b[39m     'access-control-allow-origin': '*',\r"}}
[info] >      'access-control-expose-headers': 'Request-Id, Stripe-Manage-Version, Stripe-Should-Retry, X-Stripe-External-Auth-Required, X-Stripe-Privileged-Session-Required', {"user":"    'access-control-expose-headers': 'Request-Id, Stripe-Manage-Version, Stripe-Should-Retry, X-Stripe-External-Auth-Required, X-Stripe-Privileged-Session-Required',\r","metadata":{"emulator":{"name":"functions"},"function":{"name":"us-central1-api"},"extension":{},"message":"\u001b[90m> \u001b[39m     'access-control-expose-headers': 'Request-Id, Stripe-Manage-Version, Stripe-Should-Retry, X-Stripe-External-Auth-Required, X-Stripe-Privileged-Session-Required',\r"}}
[info] >      'access-control-max-age': '300', {"user":"    'access-control-max-age': '300',\r","metadata":{"emulator":{"name":"functions"},"function":{"name":"us-central1-api"},"extension":{},"message":"\u001b[90m> \u001b[39m     'access-control-max-age': '300',\r"}}
[info] >      'cache-control': 'no-cache, no-store', {"user":"    'cache-control': 'no-cache, no-store',\r","metadata":{"emulator":{"name":"functions"},"function":{"name":"us-central1-api"},"extension":{},"message":"\u001b[90m> \u001b[39m     'cache-control': 'no-cache, no-store',\r"}}
[info] >      'content-security-policy': "base-uri 'none'; default-src 'none'; form-action 'none'; frame-ancestors 'none'; img-src 'self'; script-src 'self' 'report-sample'; style-src 'self'; upgrade-insecure-requests; report-uri https://q.stripe.com/csp-violation?q=SNI6vaP1qfkgVauXKDcoy1aSFJrs-aWlEj8DyCAF1ZZNEI2SUS4cpme0CCyDAShM35CF6PLlQMhMLyd9", {"user":"    'content-security-policy': \"base-uri 'none'; default-src 'none'; form-action 'none'; frame-ancestors 'none'; img-src 'self'; script-src 'self' 'report-sample'; style-src 'self'; upgrade-insecure-requests; report-uri https://q.stripe.com/csp-violation?q=SNI6vaP1qfkgVauXKDcoy1aSFJrs-aWlEj8DyCAF1ZZNEI2SUS4cpme0CCyDAShM35CF6PLlQMhMLyd9\",\r","metadata":{"emulator":{"name":"functions"},"function":{"name":"us-central1-api"},"extension":{},"message":"\u001b[90m> \u001b[39m     'content-security-policy': \"base-uri 'none'; default-src 'none'; form-action 'none'; frame-ancestors 'none'; img-src 'self'; script-src 'self' 'report-sample'; style-src 'self'; upgrade-insecure-requests; report-uri https://q.stripe.com/csp-violation?q=SNI6vaP1qfkgVauXKDcoy1aSFJrs-aWlEj8DyCAF1ZZNEI2SUS4cpme0CCyDAShM35CF6PLlQMhMLyd9\",\r"}}
[info] >      'cross-origin-opener-policy-report-only': 'same-origin; report-to="coop"', {"user":"    'cross-origin-opener-policy-report-only': 'same-origin; report-to=\"coop\"',\r","metadata":{"emulator":{"name":"functions"},"function":{"name":"us-central1-api"},"extension":{},"message":"\u001b[90m> \u001b[39m     'cross-origin-opener-policy-report-only': 'same-origin; report-to=\"coop\"',\r"}}
[info] >      'idempotency-key': 'stripe-node-retry-b9da693c-59b9-4322-b892-65e05cc27033', {"user":"    'idempotency-key': 'stripe-node-retry-b9da693c-59b9-4322-b892-65e05cc27033',\r","metadata":{"emulator":{"name":"functions"},"function":{"name":"us-central1-api"},"extension":{},"message":"\u001b[90m> \u001b[39m     'idempotency-key': 'stripe-node-retry-b9da693c-59b9-4322-b892-65e05cc27033',\r"}}
[info] >      'original-request': 'req_wTjsXSdQvYN3b3', {"user":"    'original-request': 'req_wTjsXSdQvYN3b3',\r","metadata":{"emulator":{"name":"functions"},"function":{"name":"us-central1-api"},"extension":{},"message":"\u001b[90m> \u001b[39m     'original-request': 'req_wTjsXSdQvYN3b3',\r"}}
[info] >      'report-to': '{"group":"coop","max_age":8640,"endpoints":[{"url":"https://q.stripe.com/coop-report"}],"include_subdomains":true}', {"user":"    'report-to': '{\"group\":\"coop\",\"max_age\":8640,\"endpoints\":[{\"url\":\"https://q.stripe.com/coop-report\"}],\"include_subdomains\":true}',\r","metadata":{"emulator":{"name":"functions"},"function":{"name":"us-central1-api"},"extension":{},"message":"\u001b[90m> \u001b[39m     'report-to': '{\"group\":\"coop\",\"max_age\":8640,\"endpoints\":[{\"url\":\"https://q.stripe.com/coop-report\"}],\"include_subdomains\":true}',\r"}}
[info] >      'reporting-endpoints': 'coop="https://q.stripe.com/coop-report"', {"user":"    'reporting-endpoints': 'coop=\"https://q.stripe.com/coop-report\"',\r","metadata":{"emulator":{"name":"functions"},"function":{"name":"us-central1-api"},"extension":{},"message":"\u001b[90m> \u001b[39m     'reporting-endpoints': 'coop=\"https://q.stripe.com/coop-report\"',\r"}}
[info] >      'request-id': 'req_wTjsXSdQvYN3b3', {"user":"    'request-id': 'req_wTjsXSdQvYN3b3',\r","metadata":{"emulator":{"name":"functions"},"function":{"name":"us-central1-api"},"extension":{},"message":"\u001b[90m> \u001b[39m     'request-id': 'req_wTjsXSdQvYN3b3',\r"}}
[info] >      'stripe-version': '2024-12-18.acacia', {"user":"    'stripe-version': '2024-12-18.acacia',\r","metadata":{"emulator":{"name":"functions"},"function":{"name":"us-central1-api"},"extension":{},"message":"\u001b[90m> \u001b[39m     'stripe-version': '2024-12-18.acacia',\r"}}
[info] >      vary: 'Origin', {"user":"    vary: 'Origin',\r","metadata":{"emulator":{"name":"functions"},"function":{"name":"us-central1-api"},"extension":{},"message":"\u001b[90m> \u001b[39m     vary: 'Origin',\r"}}
[info] >      'x-content-type-options': 'nosniff', {"user":"    'x-content-type-options': 'nosniff',\r","metadata":{"emulator":{"name":"functions"},"function":{"name":"us-central1-api"},"extension":{},"message":"\u001b[90m> \u001b[39m     'x-content-type-options': 'nosniff',\r"}}
[info] >      'x-stripe-priority-routing-enabled': 'true', {"user":"    'x-stripe-priority-routing-enabled': 'true',\r","metadata":{"emulator":{"name":"functions"},"function":{"name":"us-central1-api"},"extension":{},"message":"\u001b[90m> \u001b[39m     'x-stripe-priority-routing-enabled': 'true',\r"}}
[info] >      'x-stripe-routing-context-priority-tier': 'api-testmode', {"user":"    'x-stripe-routing-context-priority-tier': 'api-testmode',\r","metadata":{"emulator":{"name":"functions"},"function":{"name":"us-central1-api"},"extension":{},"message":"\u001b[90m> \u001b[39m     'x-stripe-routing-context-priority-tier': 'api-testmode',\r"}}
[info] >      'x-wc': 'AB', {"user":"    'x-wc': 'AB',\r","metadata":{"emulator":{"name":"functions"},"function":{"name":"us-central1-api"},"extension":{},"message":"\u001b[90m> \u001b[39m     'x-wc': 'AB',\r"}}
[info] >      'strict-transport-security': 'max-age=63072000; includeSubDomains; preload' {"user":"    'strict-transport-security': 'max-age=63072000; includeSubDomains; preload'\r","metadata":{"emulator":{"name":"functions"},"function":{"name":"us-central1-api"},"extension":{},"message":"\u001b[90m> \u001b[39m     'strict-transport-security': 'max-age=63072000; includeSubDomains; preload'\r"}}
[info] >    }, {"user":"  },\r","metadata":{"emulator":{"name":"functions"},"function":{"name":"us-central1-api"},"extension":{},"message":"\u001b[90m> \u001b[39m   },\r"}}
[info] >    requestId: 'req_wTjsXSdQvYN3b3', {"user":"  requestId: 'req_wTjsXSdQvYN3b3',\r","metadata":{"emulator":{"name":"functions"},"function":{"name":"us-central1-api"},"extension":{},"message":"\u001b[90m> \u001b[39m   requestId: 'req_wTjsXSdQvYN3b3',\r"}}
[info] >    statusCode: 400, {"user":"  statusCode: 400,\r","metadata":{"emulator":{"name":"functions"},"function":{"name":"us-central1-api"},"extension":{},"message":"\u001b[90m> \u001b[39m   statusCode: 400,\r"}}
[info] >    userMessage: undefined, {"user":"  userMessage: undefined,\r","metadata":{"emulator":{"name":"functions"},"function":{"name":"us-central1-api"},"extension":{},"message":"\u001b[90m> \u001b[39m   userMessage: undefined,\r"}}
[info] >    charge: undefined, {"user":"  charge: undefined,\r","metadata":{"emulator":{"name":"functions"},"function":{"name":"us-central1-api"},"extension":{},"message":"\u001b[90m> \u001b[39m   charge: undefined,\r"}}
[info] >    decline_code: undefined, {"user":"  decline_code: undefined,\r","metadata":{"emulator":{"name":"functions"},"function":{"name":"us-central1-api"},"extension":{},"message":"\u001b[90m> \u001b[39m   decline_code: undefined,\r"}}
[info] >    payment_intent: undefined, {"user":"  payment_intent: undefined,\r","metadata":{"emulator":{"name":"functions"},"function":{"name":"us-central1-api"},"extension":{},"message":"\u001b[90m> \u001b[39m   payment_intent: undefined,\r"}}
[info] >    payment_method: undefined, {"user":"  payment_method: undefined,\r","metadata":{"emulator":{"name":"functions"},"function":{"name":"us-central1-api"},"extension":{},"message":"\u001b[90m> \u001b[39m   payment_method: undefined,\r"}}
[info] >    payment_method_type: undefined, {"user":"  payment_method_type: undefined,\r","metadata":{"emulator":{"name":"functions"},"function":{"name":"us-central1-api"},"extension":{},"message":"\u001b[90m> \u001b[39m   payment_method_type: undefined,\r"}}
[info] >    setup_intent: undefined, {"user":"  setup_intent: undefined,\r","metadata":{"emulator":{"name":"functions"},"function":{"name":"us-central1-api"},"extension":{},"message":"\u001b[90m> \u001b[39m   setup_intent: undefined,\r"}}
[info] >    source: undefined {"user":"  source: undefined\r","metadata":{"emulator":{"name":"functions"},"function":{"name":"us-central1-api"},"extension":{},"message":"\u001b[90m> \u001b[39m   source: undefined\r"}}
[info] >  } {"user":"}\r","metadata":{"emulator":{"name":"functions"},"function":{"name":"us-central1-api"},"extension":{},"message":"\u001b[90m> \u001b[39m }\r"}}
[info] >   {"user":"\r","metadata":{"emulator":{"name":"functions"},"function":{"name":"us-central1-api"},"extension":{},"message":"\u001b[90m> \u001b[39m \r"}}
[info] >  Node.js v22.4.1 {"user":"Node.js v22.4.1\r","metadata":{"emulator":{"name":"functions"},"function":{"name":"us-central1-api"},"extension":{},"message":"\u001b[90m> \u001b[39m Node.js v22.4.1\r"}}
[error] i  Request to function failed: Error: socket hang up {"metadata":{"emulator":{"name":"functions"},"function":{"name":"us-central1-api"},"extension":{},"message":"Request to function failed: Error: socket hang up"}}
[debug] [2025-01-24T10:33:12.830Z] [work-queue] {"queuedWork":[],"queueLength":0,"runningWork":["/clone-1cd78/us-central1/api/payments/create-2025-01-24T10:33:12.427Z"],"workRunningCount":1}
[debug] [2025-01-24T10:33:12.831Z] [worker-us-central1-api-1f6eaaf4-2ab4-4aca-ba10-5ee74fab27fe]: exited {"metadata":{"emulator":{"name":"functions"},"function":{"name":"us-central1-api"},"extension":{},"message":"[worker-us-central1-api-1f6eaaf4-2ab4-4aca-ba10-5ee74fab27fe]: exited"}}
[debug] [2025-01-24T10:33:12.831Z] [worker-us-central1-api-1f6eaaf4-2ab4-4aca-ba10-5ee74fab27fe]: FINISHED {"metadata":{"emulator":{"name":"functions"},"function":{"name":"us-central1-api"},"extension":{},"message":"[worker-us-central1-api-1f6eaaf4-2ab4-4aca-ba10-5ee74fab27fe]: FINISHED"}}
[info] >  C:\Users\JEFRINA A P\Amazon_Clone\amazon\functions\node_modules\stripe\cjs\Error.js:11 {"user":"C:\\Users\\JEFRINA A P\\Amazon_Clone\\amazon\\functions\\node_modules\\stripe\\cjs\\Error.js:11\r","metadata":{"emulator":{"name":"functions"},"function":{"name":"us-central1-api"},"extension":{},"message":"\u001b[90m> \u001b[39m C:\\Users\\JEFRINA A P\\Amazon_Clone\\amazon\\functions\\node_modules\\stripe\\cjs\\Error.js:11\r"}}
[info] >              return new StripeInvalidRequestError(rawStripeError); {"user":"            return new StripeInvalidRequestError(rawStripeError);\r","metadata":{"emulator":{"name":"functions"},"function":{"name":"us-central1-api"},"extension":{},"message":"\u001b[90m> \u001b[39m             return new StripeInvalidRequestError(rawStripeError);\r"}}
[info] >                     ^ {"user":"                   ^\r","metadata":{"emulator":{"name":"functions"},"function":{"name":"us-central1-api"},"extension":{},"message":"\u001b[90m> \u001b[39m                    ^\r"}}
[info] >   {"user":"\r","metadata":{"emulator":{"name":"functions"},"function":{"name":"us-central1-api"},"extension":{},"message":"\u001b[90m> \u001b[39m \r"}}
[info] >  StripeInvalidRequestError: The amount must be greater than or equal to the minimum charge amount allowed for your account and the currency set (https://docs.stripe.com/currencies#minimum-and-maximum-charge-amounts).  If you want to save a Payment Method for future use without an immediate payment, use a Setup Intent instead: https://docs.stripe.com/payments/setup-intents {"user":"StripeInvalidRequestError: The amount must be greater than or equal to the minimum charge amount allowed for your account and the currency set (https://docs.stripe.com/currencies#minimum-and-maximum-charge-amounts).  If you want to save a Payment Method for future use without an immediate payment, use a Setup Intent instead: https://docs.stripe.com/payments/setup-intents\r","metadata":{"emulator":{"name":"functions"},"function":{"name":"us-central1-api"},"extension":{},"message":"\u001b[90m> \u001b[39m StripeInvalidRequestError: The amount must be greater than or equal to the minimum charge amount allowed for your account and the currency set (https://docs.stripe.com/currencies#minimum-and-maximum-charge-amounts).  If you want to save a Payment Method for future use without an immediate payment, use a Setup Intent instead: https://docs.stripe.com/payments/setup-intents\r"}}
[info] >      at generateV1Error (C:\Users\JEFRINA A P\Amazon_Clone\amazon\functions\node_modules\stripe\cjs\Error.js:11:20) {"user":"    at generateV1Error (C:\\Users\\JEFRINA A P\\Amazon_Clone\\amazon\\functions\\node_modules\\stripe\\cjs\\Error.js:11:20)\r","metadata":{"emulator":{"name":"functions"},"function":{"name":"us-central1-api"},"extension":{},"message":"\u001b[90m> \u001b[39m     at generateV1Error (C:\\Users\\JEFRINA A P\\Amazon_Clone\\amazon\\functions\\node_modules\\stripe\\cjs\\Error.js:11:20)\r"}}
[info] >      at res.toJSON.then.Error_js_1.StripeAPIError.message (C:\Users\JEFRINA A P\Amazon_Clone\amazon\functions\node_modules\stripe\cjs\RequestSender.js:108:62) {"user":"    at res.toJSON.then.Error_js_1.StripeAPIError.message (C:\\Users\\JEFRINA A P\\Amazon_Clone\\amazon\\functions\\node_modules\\stripe\\cjs\\RequestSender.js:108:62)\r","metadata":{"emulator":{"name":"functions"},"function":{"name":"us-central1-api"},"extension":{},"message":"\u001b[90m> \u001b[39m     at res.toJSON.then.Error_js_1.StripeAPIError.message (C:\\Users\\JEFRINA A P\\Amazon_Clone\\amazon\\functions\\node_modules\\stripe\\cjs\\RequestSender.js:108:62)\r"}}
[info] >      at process.processTicksAndRejections (node:internal/process/task_queues:95:5) { {"user":"    at process.processTicksAndRejections (node:internal/process/task_queues:95:5) {\r","metadata":{"emulator":{"name":"functions"},"function":{"name":"us-central1-api"},"extension":{},"message":"\u001b[90m> \u001b[39m     at process.processTicksAndRejections (node:internal/process/task_queues:95:5) {\r"}}
[info] >    type: 'StripeInvalidRequestError', {"user":"  type: 'StripeInvalidRequestError',\r","metadata":{"emulator":{"name":"functions"},"function":{"name":"us-central1-api"},"extension":{},"message":"\u001b[90m> \u001b[39m   type: 'StripeInvalidRequestError',\r"}}
[info] >    raw: { {"user":"  raw: {\r","metadata":{"emulator":{"name":"functions"},"function":{"name":"us-central1-api"},"extension":{},"message":"\u001b[90m> \u001b[39m   raw: {\r"}}
[info] >      code: 'parameter_invalid_integer', {"user":"    code: 'parameter_invalid_integer',\r","metadata":{"emulator":{"name":"functions"},"function":{"name":"us-central1-api"},"extension":{},"message":"\u001b[90m> \u001b[39m     code: 'parameter_invalid_integer',\r"}}
[info] >      doc_url: 'https://stripe.com/docs/error-codes/parameter-invalid-integer', {"user":"    doc_url: 'https://stripe.com/docs/error-codes/parameter-invalid-integer',\r","metadata":{"emulator":{"name":"functions"},"function":{"name":"us-central1-api"},"extension":{},"message":"\u001b[90m> \u001b[39m     doc_url: 'https://stripe.com/docs/error-codes/parameter-invalid-integer',\r"}}
[info] >      message: 'The amount must be greater than or equal to the minimum charge amount allowed for your account and the currency set (https://docs.stripe.com/currencies#minimum-and-maximum-charge-amounts).  If you want to save a Payment Method for future use without an immediate payment, use a Setup Intent instead: https://docs.stripe.com/payments/setup-intents', {"user":"    message: 'The amount must be greater than or equal to the minimum charge amount allowed for your account and the currency set (https://docs.stripe.com/currencies#minimum-and-maximum-charge-amounts).  If you want to save a Payment Method for future use without an immediate payment, use a Setup Intent instead: https://docs.stripe.com/payments/setup-intents',\r","metadata":{"emulator":{"name":"functions"},"function":{"name":"us-central1-api"},"extension":{},"message":"\u001b[90m> \u001b[39m     message: 'The amount must be greater than or equal to the minimum charge amount allowed for your account and the currency set (https://docs.stripe.com/currencies#minimum-and-maximum-charge-amounts).  If you want to save a Payment Method for future use without an immediate payment, use a Setup Intent instead: https://docs.stripe.com/payments/setup-intents',\r"}}
[info] >      param: 'amount', {"user":"    param: 'amount',\r","metadata":{"emulator":{"name":"functions"},"function":{"name":"us-central1-api"},"extension":{},"message":"\u001b[90m> \u001b[39m     param: 'amount',\r"}}
[info] >      request_log_url: 'https://dashboard.stripe.com/test/logs/req_6TWJdKc4XyXcaf?t=1737714795', {"user":"    request_log_url: 'https://dashboard.stripe.com/test/logs/req_6TWJdKc4XyXcaf?t=1737714795',\r","metadata":{"emulator":{"name":"functions"},"function":{"name":"us-central1-api"},"extension":{},"message":"\u001b[90m> \u001b[39m     request_log_url: 'https://dashboard.stripe.com/test/logs/req_6TWJdKc4XyXcaf?t=1737714795',\r"}}
[info] >      type: 'invalid_request_error', {"user":"    type: 'invalid_request_error',\r","metadata":{"emulator":{"name":"functions"},"function":{"name":"us-central1-api"},"extension":{},"message":"\u001b[90m> \u001b[39m     type: 'invalid_request_error',\r"}}
[info] >      headers: { {"user":"    headers: {\r","metadata":{"emulator":{"name":"functions"},"function":{"name":"us-central1-api"},"extension":{},"message":"\u001b[90m> \u001b[39m     headers: {\r"}}
[info] >        server: 'nginx', {"user":"      server: 'nginx',\r","metadata":{"emulator":{"name":"functions"},"function":{"name":"us-central1-api"},"extension":{},"message":"\u001b[90m> \u001b[39m       server: 'nginx',\r"}}
[info] >        date: 'Fri, 24 Jan 2025 10:33:15 GMT', {"user":"      date: 'Fri, 24 Jan 2025 10:33:15 GMT',\r","metadata":{"emulator":{"name":"functions"},"function":{"name":"us-central1-api"},"extension":{},"message":"\u001b[90m> \u001b[39m       date: 'Fri, 24 Jan 2025 10:33:15 GMT',\r"}}
[info] >        'content-type': 'application/json', {"user":"      'content-type': 'application/json',\r","metadata":{"emulator":{"name":"functions"},"function":{"name":"us-central1-api"},"extension":{},"message":"\u001b[90m> \u001b[39m       'content-type': 'application/json',\r"}}
[info] >        'content-length': '663', {"user":"      'content-length': '663',\r","metadata":{"emulator":{"name":"functions"},"function":{"name":"us-central1-api"},"extension":{},"message":"\u001b[90m> \u001b[39m       'content-length': '663',\r"}}
[info] >        connection: 'keep-alive', {"user":"      connection: 'keep-alive',\r","metadata":{"emulator":{"name":"functions"},"function":{"name":"us-central1-api"},"extension":{},"message":"\u001b[90m> \u001b[39m       connection: 'keep-alive',\r"}}
[info] >        'access-control-allow-credentials': 'true', {"user":"      'access-control-allow-credentials': 'true',\r","metadata":{"emulator":{"name":"functions"},"function":{"name":"us-central1-api"},"extension":{},"message":"\u001b[90m> \u001b[39m       'access-control-allow-credentials': 'true',\r"}}
[info] >        'access-control-allow-methods': 'GET, HEAD, PUT, PATCH, POST, DELETE', {"user":"      'access-control-allow-methods': 'GET, HEAD, PUT, PATCH, POST, DELETE',\r","metadata":{"emulator":{"name":"functions"},"function":{"name":"us-central1-api"},"extension":{},"message":"\u001b[90m> \u001b[39m       'access-control-allow-methods': 'GET, HEAD, PUT, PATCH, POST, DELETE',\r"}}
[info] >        'access-control-allow-origin': '*', {"user":"      'access-control-allow-origin': '*',\r","metadata":{"emulator":{"name":"functions"},"function":{"name":"us-central1-api"},"extension":{},"message":"\u001b[90m> \u001b[39m       'access-control-allow-origin': '*',\r"}}
[info] >        'access-control-expose-headers': 'Request-Id, Stripe-Manage-Version, Stripe-Should-Retry, X-Stripe-External-Auth-Required, X-Stripe-Privileged-Session-Required', {"user":"      'access-control-expose-headers': 'Request-Id, Stripe-Manage-Version, Stripe-Should-Retry, X-Stripe-External-Auth-Required, X-Stripe-Privileged-Session-Required',\r","metadata":{"emulator":{"name":"functions"},"function":{"name":"us-central1-api"},"extension":{},"message":"\u001b[90m> \u001b[39m       'access-control-expose-headers': 'Request-Id, Stripe-Manage-Version, Stripe-Should-Retry, X-Stripe-External-Auth-Required, X-Stripe-Privileged-Session-Required',\r"}}
[info] >        'access-control-max-age': '300', {"user":"      'access-control-max-age': '300',\r","metadata":{"emulator":{"name":"functions"},"function":{"name":"us-central1-api"},"extension":{},"message":"\u001b[90m> \u001b[39m       'access-control-max-age': '300',\r"}}
[info] >        'cache-control': 'no-cache, no-store', {"user":"      'cache-control': 'no-cache, no-store',\r","metadata":{"emulator":{"name":"functions"},"function":{"name":"us-central1-api"},"extension":{},"message":"\u001b[90m> \u001b[39m       'cache-control': 'no-cache, no-store',\r"}}
[info] >        'content-security-policy': "base-uri 'none'; default-src 'none'; form-action 'none'; frame-ancestors 'none'; img-src 'self'; script-src 'self' 'report-sample'; style-src 'self'; upgrade-insecure-requests; report-uri https://q.stripe.com/csp-violation?q=H2xeGLQ_VmHjBMo7jKlS392dvGVeqEfdwJjAZ7RxTqyLDgiG1sIr-bLgJP-LNtz_BzrNcAPBnFzTB9G2", {"user":"      'content-security-policy': \"base-uri 'none'; default-src 'none'; form-action 'none'; frame-ancestors 'none'; img-src 'self'; script-src 'self' 'report-sample'; style-src 'self'; upgrade-insecure-requests; report-uri https://q.stripe.com/csp-violation?q=H2xeGLQ_VmHjBMo7jKlS392dvGVeqEfdwJjAZ7RxTqyLDgiG1sIr-bLgJP-LNtz_BzrNcAPBnFzTB9G2\",\r","metadata":{"emulator":{"name":"functions"},"function":{"name":"us-central1-api"},"extension":{},"message":"\u001b[90m> \u001b[39m       'content-security-policy': \"base-uri 'none'; default-src 'none'; form-action 'none'; frame-ancestors 'none'; img-src 'self'; script-src 'self' 'report-sample'; style-src 'self'; upgrade-insecure-requests; report-uri https://q.stripe.com/csp-violation?q=H2xeGLQ_VmHjBMo7jKlS392dvGVeqEfdwJjAZ7RxTqyLDgiG1sIr-bLgJP-LNtz_BzrNcAPBnFzTB9G2\",\r"}}
[info] >        'cross-origin-opener-policy-report-only': 'same-origin; report-to="coop"', {"user":"      'cross-origin-opener-policy-report-only': 'same-origin; report-to=\"coop\"',\r","metadata":{"emulator":{"name":"functions"},"function":{"name":"us-central1-api"},"extension":{},"message":"\u001b[90m> \u001b[39m       'cross-origin-opener-policy-report-only': 'same-origin; report-to=\"coop\"',\r"}}
[info] >        'idempotency-key': 'stripe-node-retry-dc73ce4a-f207-43db-b9cc-b1c98e34afa0', {"user":"      'idempotency-key': 'stripe-node-retry-dc73ce4a-f207-43db-b9cc-b1c98e34afa0',\r","metadata":{"emulator":{"name":"functions"},"function":{"name":"us-central1-api"},"extension":{},"message":"\u001b[90m> \u001b[39m       'idempotency-key': 'stripe-node-retry-dc73ce4a-f207-43db-b9cc-b1c98e34afa0',\r"}}
[info] >        'original-request': 'req_6TWJdKc4XyXcaf', {"user":"      'original-request': 'req_6TWJdKc4XyXcaf',\r","metadata":{"emulator":{"name":"functions"},"function":{"name":"us-central1-api"},"extension":{},"message":"\u001b[90m> \u001b[39m       'original-request': 'req_6TWJdKc4XyXcaf',\r"}}
[info] >        'report-to': '{"group":"coop","max_age":8640,"endpoints":[{"url":"https://q.stripe.com/coop-report"}],"include_subdomains":true}', {"user":"      'report-to': '{\"group\":\"coop\",\"max_age\":8640,\"endpoints\":[{\"url\":\"https://q.stripe.com/coop-report\"}],\"include_subdomains\":true}',\r","metadata":{"emulator":{"name":"functions"},"function":{"name":"us-central1-api"},"extension":{},"message":"\u001b[90m> \u001b[39m       'report-to': '{\"group\":\"coop\",\"max_age\":8640,\"endpoints\":[{\"url\":\"https://q.stripe.com/coop-report\"}],\"include_subdomains\":true}',\r"}}
[info] >        'reporting-endpoints': 'coop="https://q.stripe.com/coop-report"', {"user":"      'reporting-endpoints': 'coop=\"https://q.stripe.com/coop-report\"',\r","metadata":{"emulator":{"name":"functions"},"function":{"name":"us-central1-api"},"extension":{},"message":"\u001b[90m> \u001b[39m       'reporting-endpoints': 'coop=\"https://q.stripe.com/coop-report\"',\r"}}
[info] >        'request-id': 'req_6TWJdKc4XyXcaf', {"user":"      'request-id': 'req_6TWJdKc4XyXcaf',\r","metadata":{"emulator":{"name":"functions"},"function":{"name":"us-central1-api"},"extension":{},"message":"\u001b[90m> \u001b[39m       'request-id': 'req_6TWJdKc4XyXcaf',\r"}}
[info] >        'stripe-version': '2024-12-18.acacia', {"user":"      'stripe-version': '2024-12-18.acacia',\r","metadata":{"emulator":{"name":"functions"},"function":{"name":"us-central1-api"},"extension":{},"message":"\u001b[90m> \u001b[39m       'stripe-version': '2024-12-18.acacia',\r"}}
[info] >        vary: 'Origin', {"user":"      vary: 'Origin',\r","metadata":{"emulator":{"name":"functions"},"function":{"name":"us-central1-api"},"extension":{},"message":"\u001b[90m> \u001b[39m       vary: 'Origin',\r"}}
[info] >        'x-content-type-options': 'nosniff', {"user":"      'x-content-type-options': 'nosniff',\r","metadata":{"emulator":{"name":"functions"},"function":{"name":"us-central1-api"},"extension":{},"message":"\u001b[90m> \u001b[39m       'x-content-type-options': 'nosniff',\r"}}
[info] >        'x-stripe-priority-routing-enabled': 'true', {"user":"      'x-stripe-priority-routing-enabled': 'true',\r","metadata":{"emulator":{"name":"functions"},"function":{"name":"us-central1-api"},"extension":{},"message":"\u001b[90m> \u001b[39m       'x-stripe-priority-routing-enabled': 'true',\r"}}
[info] >        'x-stripe-routing-context-priority-tier': 'api-testmode', {"user":"      'x-stripe-routing-context-priority-tier': 'api-testmode',\r","metadata":{"emulator":{"name":"functions"},"function":{"name":"us-central1-api"},"extension":{},"message":"\u001b[90m> \u001b[39m       'x-stripe-routing-context-priority-tier': 'api-testmode',\r"}}
[info] >        'x-wc': 'AB', {"user":"      'x-wc': 'AB',\r","metadata":{"emulator":{"name":"functions"},"function":{"name":"us-central1-api"},"extension":{},"message":"\u001b[90m> \u001b[39m       'x-wc': 'AB',\r"}}
[info] >        'strict-transport-security': 'max-age=63072000; includeSubDomains; preload' {"user":"      'strict-transport-security': 'max-age=63072000; includeSubDomains; preload'\r","metadata":{"emulator":{"name":"functions"},"function":{"name":"us-central1-api"},"extension":{},"message":"\u001b[90m> \u001b[39m       'strict-transport-security': 'max-age=63072000; includeSubDomains; preload'\r"}}
[info] >      }, {"user":"    },\r","metadata":{"emulator":{"name":"functions"},"function":{"name":"us-central1-api"},"extension":{},"message":"\u001b[90m> \u001b[39m     },\r"}}
[info] >      statusCode: 400, {"user":"    statusCode: 400,\r","metadata":{"emulator":{"name":"functions"},"function":{"name":"us-central1-api"},"extension":{},"message":"\u001b[90m> \u001b[39m     statusCode: 400,\r"}}
[info] >      requestId: 'req_6TWJdKc4XyXcaf' {"user":"    requestId: 'req_6TWJdKc4XyXcaf'\r","metadata":{"emulator":{"name":"functions"},"function":{"name":"us-central1-api"},"extension":{},"message":"\u001b[90m> \u001b[39m     requestId: 'req_6TWJdKc4XyXcaf'\r"}}
[info] >    }, {"user":"  },\r","metadata":{"emulator":{"name":"functions"},"function":{"name":"us-central1-api"},"extension":{},"message":"\u001b[90m> \u001b[39m   },\r"}}
[info] >    rawType: 'invalid_request_error', {"user":"  rawType: 'invalid_request_error',\r","metadata":{"emulator":{"name":"functions"},"function":{"name":"us-central1-api"},"extension":{},"message":"\u001b[90m> \u001b[39m   rawType: 'invalid_request_error',\r"}}
[info] >    code: 'parameter_invalid_integer', {"user":"  code: 'parameter_invalid_integer',\r","metadata":{"emulator":{"name":"functions"},"function":{"name":"us-central1-api"},"extension":{},"message":"\u001b[90m> \u001b[39m   code: 'parameter_invalid_integer',\r"}}
[info] >    doc_url: 'https://stripe.com/docs/error-codes/parameter-invalid-integer', {"user":"  doc_url: 'https://stripe.com/docs/error-codes/parameter-invalid-integer',\r","metadata":{"emulator":{"name":"functions"},"function":{"name":"us-central1-api"},"extension":{},"message":"\u001b[90m> \u001b[39m   doc_url: 'https://stripe.com/docs/error-codes/parameter-invalid-integer',\r"}}
[info] >    param: 'amount', {"user":"  param: 'amount',\r","metadata":{"emulator":{"name":"functions"},"function":{"name":"us-central1-api"},"extension":{},"message":"\u001b[90m> \u001b[39m   param: 'amount',\r"}}
[info] >    detail: undefined, {"user":"  detail: undefined,\r","metadata":{"emulator":{"name":"functions"},"function":{"name":"us-central1-api"},"extension":{},"message":"\u001b[90m> \u001b[39m   detail: undefined,\r"}}
[info] >    headers: { {"user":"  headers: {\r","metadata":{"emulator":{"name":"functions"},"function":{"name":"us-central1-api"},"extension":{},"message":"\u001b[90m> \u001b[39m   headers: {\r"}}
[info] >      server: 'nginx', {"user":"    server: 'nginx',\r","metadata":{"emulator":{"name":"functions"},"function":{"name":"us-central1-api"},"extension":{},"message":"\u001b[90m> \u001b[39m     server: 'nginx',\r"}}
[info] >      date: 'Fri, 24 Jan 2025 10:33:15 GMT', {"user":"    date: 'Fri, 24 Jan 2025 10:33:15 GMT',\r","metadata":{"emulator":{"name":"functions"},"function":{"name":"us-central1-api"},"extension":{},"message":"\u001b[90m> \u001b[39m     date: 'Fri, 24 Jan 2025 10:33:15 GMT',\r"}}
[info] >      'content-type': 'application/json', {"user":"    'content-type': 'application/json',\r","metadata":{"emulator":{"name":"functions"},"function":{"name":"us-central1-api"},"extension":{},"message":"\u001b[90m> \u001b[39m     'content-type': 'application/json',\r"}}
[info] >      'content-length': '663', {"user":"    'content-length': '663',\r","metadata":{"emulator":{"name":"functions"},"function":{"name":"us-central1-api"},"extension":{},"message":"\u001b[90m> \u001b[39m     'content-length': '663',\r"}}
[info] >      connection: 'keep-alive', {"user":"    connection: 'keep-alive',\r","metadata":{"emulator":{"name":"functions"},"function":{"name":"us-central1-api"},"extension":{},"message":"\u001b[90m> \u001b[39m     connection: 'keep-alive',\r"}}
[info] >      'access-control-allow-credentials': 'true', {"user":"    'access-control-allow-credentials': 'true',\r","metadata":{"emulator":{"name":"functions"},"function":{"name":"us-central1-api"},"extension":{},"message":"\u001b[90m> \u001b[39m     'access-control-allow-credentials': 'true',\r"}}
[info] >      'access-control-allow-methods': 'GET, HEAD, PUT, PATCH, POST, DELETE', {"user":"    'access-control-allow-methods': 'GET, HEAD, PUT, PATCH, POST, DELETE',\r","metadata":{"emulator":{"name":"functions"},"function":{"name":"us-central1-api"},"extension":{},"message":"\u001b[90m> \u001b[39m     'access-control-allow-methods': 'GET, HEAD, PUT, PATCH, POST, DELETE',\r"}}
[info] >      'access-control-allow-origin': '*', {"user":"    'access-control-allow-origin': '*',\r","metadata":{"emulator":{"name":"functions"},"function":{"name":"us-central1-api"},"extension":{},"message":"\u001b[90m> \u001b[39m     'access-control-allow-origin': '*',\r"}}
[info] >      'access-control-expose-headers': 'Request-Id, Stripe-Manage-Version, Stripe-Should-Retry, X-Stripe-External-Auth-Required, X-Stripe-Privileged-Session-Required', {"user":"    'access-control-expose-headers': 'Request-Id, Stripe-Manage-Version, Stripe-Should-Retry, X-Stripe-External-Auth-Required, X-Stripe-Privileged-Session-Required',\r","metadata":{"emulator":{"name":"functions"},"function":{"name":"us-central1-api"},"extension":{},"message":"\u001b[90m> \u001b[39m     'access-control-expose-headers': 'Request-Id, Stripe-Manage-Version, Stripe-Should-Retry, X-Stripe-External-Auth-Required, X-Stripe-Privileged-Session-Required',\r"}}
[info] >      'access-control-max-age': '300', {"user":"    'access-control-max-age': '300',\r","metadata":{"emulator":{"name":"functions"},"function":{"name":"us-central1-api"},"extension":{},"message":"\u001b[90m> \u001b[39m     'access-control-max-age': '300',\r"}}
[info] >      'cache-control': 'no-cache, no-store', {"user":"    'cache-control': 'no-cache, no-store',\r","metadata":{"emulator":{"name":"functions"},"function":{"name":"us-central1-api"},"extension":{},"message":"\u001b[90m> \u001b[39m     'cache-control': 'no-cache, no-store',\r"}}
[info] >      'content-security-policy': "base-uri 'none'; default-src 'none'; form-action 'none'; frame-ancestors 'none'; img-src 'self'; script-src 'self' 'report-sample'; style-src 'self'; upgrade-insecure-requests; report-uri https://q.stripe.com/csp-violation?q=H2xeGLQ_VmHjBMo7jKlS392dvGVeqEfdwJjAZ7RxTqyLDgiG1sIr-bLgJP-LNtz_BzrNcAPBnFzTB9G2", {"user":"    'content-security-policy': \"base-uri 'none'; default-src 'none'; form-action 'none'; frame-ancestors 'none'; img-src 'self'; script-src 'self' 'report-sample'; style-src 'self'; upgrade-insecure-requests; report-uri https://q.stripe.com/csp-violation?q=H2xeGLQ_VmHjBMo7jKlS392dvGVeqEfdwJjAZ7RxTqyLDgiG1sIr-bLgJP-LNtz_BzrNcAPBnFzTB9G2\",\r","metadata":{"emulator":{"name":"functions"},"function":{"name":"us-central1-api"},"extension":{},"message":"\u001b[90m> \u001b[39m     'content-security-policy': \"base-uri 'none'; default-src 'none'; form-action 'none'; frame-ancestors 'none'; img-src 'self'; script-src 'self' 'report-sample'; style-src 'self'; upgrade-insecure-requests; report-uri https://q.stripe.com/csp-violation?q=H2xeGLQ_VmHjBMo7jKlS392dvGVeqEfdwJjAZ7RxTqyLDgiG1sIr-bLgJP-LNtz_BzrNcAPBnFzTB9G2\",\r"}}
[info] >      'cross-origin-opener-policy-report-only': 'same-origin; report-to="coop"', {"user":"    'cross-origin-opener-policy-report-only': 'same-origin; report-to=\"coop\"',\r","metadata":{"emulator":{"name":"functions"},"function":{"name":"us-central1-api"},"extension":{},"message":"\u001b[90m> \u001b[39m     'cross-origin-opener-policy-report-only': 'same-origin; report-to=\"coop\"',\r"}}
[info] >      'idempotency-key': 'stripe-node-retry-dc73ce4a-f207-43db-b9cc-b1c98e34afa0', {"user":"    'idempotency-key': 'stripe-node-retry-dc73ce4a-f207-43db-b9cc-b1c98e34afa0',\r","metadata":{"emulator":{"name":"functions"},"function":{"name":"us-central1-api"},"extension":{},"message":"\u001b[90m> \u001b[39m     'idempotency-key': 'stripe-node-retry-dc73ce4a-f207-43db-b9cc-b1c98e34afa0',\r"}}
[info] >      'original-request': 'req_6TWJdKc4XyXcaf', {"user":"    'original-request': 'req_6TWJdKc4XyXcaf',\r","metadata":{"emulator":{"name":"functions"},"function":{"name":"us-central1-api"},"extension":{},"message":"\u001b[90m> \u001b[39m     'original-request': 'req_6TWJdKc4XyXcaf',\r"}}
[info] >      'report-to': '{"group":"coop","max_age":8640,"endpoints":[{"url":"https://q.stripe.com/coop-report"}],"include_subdomains":true}', {"user":"    'report-to': '{\"group\":\"coop\",\"max_age\":8640,\"endpoints\":[{\"url\":\"https://q.stripe.com/coop-report\"}],\"include_subdomains\":true}',\r","metadata":{"emulator":{"name":"functions"},"function":{"name":"us-central1-api"},"extension":{},"message":"\u001b[90m> \u001b[39m     'report-to': '{\"group\":\"coop\",\"max_age\":8640,\"endpoints\":[{\"url\":\"https://q.stripe.com/coop-report\"}],\"include_subdomains\":true}',\r"}}
[info] >      'reporting-endpoints': 'coop="https://q.stripe.com/coop-report"', {"user":"    'reporting-endpoints': 'coop=\"https://q.stripe.com/coop-report\"',\r","metadata":{"emulator":{"name":"functions"},"function":{"name":"us-central1-api"},"extension":{},"message":"\u001b[90m> \u001b[39m     'reporting-endpoints': 'coop=\"https://q.stripe.com/coop-report\"',\r"}}
[info] >      'request-id': 'req_6TWJdKc4XyXcaf', {"user":"    'request-id': 'req_6TWJdKc4XyXcaf',\r","metadata":{"emulator":{"name":"functions"},"function":{"name":"us-central1-api"},"extension":{},"message":"\u001b[90m> \u001b[39m     'request-id': 'req_6TWJdKc4XyXcaf',\r"}}
[info] >      'stripe-version': '2024-12-18.acacia', {"user":"    'stripe-version': '2024-12-18.acacia',\r","metadata":{"emulator":{"name":"functions"},"function":{"name":"us-central1-api"},"extension":{},"message":"\u001b[90m> \u001b[39m     'stripe-version': '2024-12-18.acacia',\r"}}
[info] >      vary: 'Origin', {"user":"    vary: 'Origin',\r","metadata":{"emulator":{"name":"functions"},"function":{"name":"us-central1-api"},"extension":{},"message":"\u001b[90m> \u001b[39m     vary: 'Origin',\r"}}
[info] >      'x-content-type-options': 'nosniff', {"user":"    'x-content-type-options': 'nosniff',\r","metadata":{"emulator":{"name":"functions"},"function":{"name":"us-central1-api"},"extension":{},"message":"\u001b[90m> \u001b[39m     'x-content-type-options': 'nosniff',\r"}}
[info] >      'x-stripe-priority-routing-enabled': 'true', {"user":"    'x-stripe-priority-routing-enabled': 'true',\r","metadata":{"emulator":{"name":"functions"},"function":{"name":"us-central1-api"},"extension":{},"message":"\u001b[90m> \u001b[39m     'x-stripe-priority-routing-enabled': 'true',\r"}}
[info] >      'x-stripe-routing-context-priority-tier': 'api-testmode', {"user":"    'x-stripe-routing-context-priority-tier': 'api-testmode',\r","metadata":{"emulator":{"name":"functions"},"function":{"name":"us-central1-api"},"extension":{},"message":"\u001b[90m> \u001b[39m     'x-stripe-routing-context-priority-tier': 'api-testmode',\r"}}
[info] >      'x-wc': 'AB', {"user":"    'x-wc': 'AB',\r","metadata":{"emulator":{"name":"functions"},"function":{"name":"us-central1-api"},"extension":{},"message":"\u001b[90m> \u001b[39m     'x-wc': 'AB',\r"}}
[info] >      'strict-transport-security': 'max-age=63072000; includeSubDomains; preload' {"user":"    'strict-transport-security': 'max-age=63072000; includeSubDomains; preload'\r","metadata":{"emulator":{"name":"functions"},"function":{"name":"us-central1-api"},"extension":{},"message":"\u001b[90m> \u001b[39m     'strict-transport-security': 'max-age=63072000; includeSubDomains; preload'\r"}}
[info] >    }, {"user":"  },\r","metadata":{"emulator":{"name":"functions"},"function":{"name":"us-central1-api"},"extension":{},"message":"\u001b[90m> \u001b[39m   },\r"}}
[info] >    requestId: 'req_6TWJdKc4XyXcaf', {"user":"  requestId: 'req_6TWJdKc4XyXcaf',\r","metadata":{"emulator":{"name":"functions"},"function":{"name":"us-central1-api"},"extension":{},"message":"\u001b[90m> \u001b[39m   requestId: 'req_6TWJdKc4XyXcaf',\r"}}
[info] >    statusCode: 400, {"user":"  statusCode: 400,\r","metadata":{"emulator":{"name":"functions"},"function":{"name":"us-central1-api"},"extension":{},"message":"\u001b[90m> \u001b[39m   statusCode: 400,\r"}}
[info] >    userMessage: undefined, {"user":"  userMessage: undefined,\r","metadata":{"emulator":{"name":"functions"},"function":{"name":"us-central1-api"},"extension":{},"message":"\u001b[90m> \u001b[39m   userMessage: undefined,\r"}}
[info] >    charge: undefined, {"user":"  charge: undefined,\r","metadata":{"emulator":{"name":"functions"},"function":{"name":"us-central1-api"},"extension":{},"message":"\u001b[90m> \u001b[39m   charge: undefined,\r"}}
[info] >    decline_code: undefined, {"user":"  decline_code: undefined,\r","metadata":{"emulator":{"name":"functions"},"function":{"name":"us-central1-api"},"extension":{},"message":"\u001b[90m> \u001b[39m   decline_code: undefined,\r"}}
[info] >    payment_intent: undefined, {"user":"  payment_intent: undefined,\r","metadata":{"emulator":{"name":"functions"},"function":{"name":"us-central1-api"},"extension":{},"message":"\u001b[90m> \u001b[39m   payment_intent: undefined,\r"}}
[info] >    payment_method: undefined, {"user":"  payment_method: undefined,\r","metadata":{"emulator":{"name":"functions"},"function":{"name":"us-central1-api"},"extension":{},"message":"\u001b[90m> \u001b[39m   payment_method: undefined,\r"}}
[info] >    payment_method_type: undefined, {"user":"  payment_method_type: undefined,\r","metadata":{"emulator":{"name":"functions"},"function":{"name":"us-central1-api"},"extension":{},"message":"\u001b[90m> \u001b[39m   payment_method_type: undefined,\r"}}
[info] >    setup_intent: undefined, {"user":"  setup_intent: undefined,\r","metadata":{"emulator":{"name":"functions"},"function":{"name":"us-central1-api"},"extension":{},"message":"\u001b[90m> \u001b[39m   setup_intent: undefined,\r"}}
[info] >    source: undefined {"user":"  source: undefined\r","metadata":{"emulator":{"name":"functions"},"function":{"name":"us-central1-api"},"extension":{},"message":"\u001b[90m> \u001b[39m   source: undefined\r"}}
[info] >  } {"user":"}\r","metadata":{"emulator":{"name":"functions"},"function":{"name":"us-central1-api"},"extension":{},"message":"\u001b[90m> \u001b[39m }\r"}}
[info] >   {"user":"\r","metadata":{"emulator":{"name":"functions"},"function":{"name":"us-central1-api"},"extension":{},"message":"\u001b[90m> \u001b[39m \r"}}
[info] >  Node.js v22.4.1 {"user":"Node.js v22.4.1\r","metadata":{"emulator":{"name":"functions"},"function":{"name":"us-central1-api"},"extension":{},"message":"\u001b[90m> \u001b[39m Node.js v22.4.1\r"}}
[error] i  Request to function failed: Error: socket hang up {"metadata":{"emulator":{"name":"functions"},"function":{"name":"us-central1-api"},"extension":{},"message":"Request to function failed: Error: socket hang up"}}
[debug] [2025-01-24T10:33:13.124Z] [work-queue] {"queuedWork":[],"queueLength":0,"runningWork":[],"workRunningCount":0}
[debug] [2025-01-24T10:33:13.125Z] [worker-us-central1-api-23ea6f6d-6c15-4c57-a9ed-3bb56e905a27]: exited {"metadata":{"emulator":{"name":"functions"},"function":{"name":"us-central1-api"},"extension":{},"message":"[worker-us-central1-api-23ea6f6d-6c15-4c57-a9ed-3bb56e905a27]: exited"}}
[debug] [2025-01-24T10:33:13.125Z] [worker-us-central1-api-23ea6f6d-6c15-4c57-a9ed-3bb56e905a27]: FINISHED {"metadata":{"emulator":{"name":"functions"},"function":{"name":"us-central1-api"},"extension":{},"message":"[worker-us-central1-api-23ea6f6d-6c15-4c57-a9ed-3bb56e905a27]: FINISHED"}}
[debug] [2025-01-24T10:33:26.058Z] [work-queue] {"queuedWork":["/clone-1cd78/us-central1/api/payments/create-2025-01-24T10:33:26.058Z"],"queueLength":1,"runningWork":[],"workRunningCount":0}
[debug] [2025-01-24T10:33:26.059Z] [work-queue] {"queuedWork":[],"queueLength":0,"runningWork":["/clone-1cd78/us-central1/api/payments/create-2025-01-24T10:33:26.058Z"],"workRunningCount":1}
[debug] [2025-01-24T10:33:26.059Z] Accepted request POST /clone-1cd78/us-central1/api/payments/create?total=40000 --> us-central1-api
[debug] [2025-01-24T10:33:26.061Z] [functions] Runtime ready! Sending request! {"metadata":{"emulator":{"name":"functions"},"message":"[functions] Runtime ready! Sending request!"}}
[debug] [2025-01-24T10:33:26.062Z] [functions] Got req.url=/clone-1cd78/us-central1/api/payments/create?total=40000, mapping to path=/payments/create?total=40000 {"metadata":{"emulator":{"name":"functions"},"message":"[functions] Got req.url=/clone-1cd78/us-central1/api/payments/create?total=40000, mapping to path=/payments/create?total=40000"}}
[debug] [2025-01-24T10:33:26.062Z] [worker-pool] Cleaned up workers for us-central1-api: 2 --> 0 {"metadata":{"emulator":{"name":"functions"},"message":"[worker-pool] Cleaned up workers for us-central1-api: 2 --> 0"}}
[debug] [2025-01-24T10:33:26.070Z] [worker-pool] addWorker(us-central1-api) {"metadata":{"emulator":{"name":"functions"},"message":"[worker-pool] addWorker(us-central1-api)"}}
[debug] [2025-01-24T10:33:26.070Z] [worker-pool] Adding worker with key us-central1-api, total=1 {"metadata":{"emulator":{"name":"functions"},"message":"[worker-pool] Adding worker with key us-central1-api, total=1"}}
[debug] [2025-01-24T10:33:26.071Z] [work-queue] {"queuedWork":["/clone-1cd78/us-central1/api/payments/create-2025-01-24T10:33:26.071Z"],"queueLength":1,"runningWork":["/clone-1cd78/us-central1/api/payments/create-2025-01-24T10:33:26.058Z"],"workRunningCount":1}
[debug] [2025-01-24T10:33:26.071Z] [work-queue] {"queuedWork":[],"queueLength":0,"runningWork":["/clone-1cd78/us-central1/api/payments/create-2025-01-24T10:33:26.058Z","/clone-1cd78/us-central1/api/payments/create-2025-01-24T10:33:26.071Z"],"workRunningCount":2}
[debug] [2025-01-24T10:33:26.071Z] Accepted request POST /clone-1cd78/us-central1/api/payments/create?total=40000 --> us-central1-api
[debug] [2025-01-24T10:33:26.072Z] [functions] Runtime ready! Sending request! {"metadata":{"emulator":{"name":"functions"},"message":"[functions] Runtime ready! Sending request!"}}
[debug] [2025-01-24T10:33:26.073Z] [functions] Got req.url=/clone-1cd78/us-central1/api/payments/create?total=40000, mapping to path=/payments/create?total=40000 {"metadata":{"emulator":{"name":"functions"},"message":"[functions] Got req.url=/clone-1cd78/us-central1/api/payments/create?total=40000, mapping to path=/payments/create?total=40000"}}
[debug] [2025-01-24T10:33:26.081Z] [worker-pool] addWorker(us-central1-api) {"metadata":{"emulator":{"name":"functions"},"message":"[worker-pool] addWorker(us-central1-api)"}}
[debug] [2025-01-24T10:33:26.081Z] [worker-pool] Adding worker with key us-central1-api, total=2 {"metadata":{"emulator":{"name":"functions"},"message":"[worker-pool] Adding worker with key us-central1-api, total=2"}}
[info] >  (node:29164) [DEP0040] DeprecationWarning: The `punycode` module is deprecated. Please use a userland alternative instead. {"user":"(node:29164) [DEP0040] DeprecationWarning: The `punycode` module is deprecated. Please use a userland alternative instead.","metadata":{"emulator":{"name":"functions"},"function":{"name":"us-central1-api"},"extension":{},"message":"\u001b[90m> \u001b[39m (node:29164) [DEP0040] DeprecationWarning: The `punycode` module is deprecated. Please use a userland alternative instead."}}
[info] >  (Use `node --trace-deprecation ...` to show where the warning was created) {"user":"(Use `node --trace-deprecation ...` to show where the warning was created)","metadata":{"emulator":{"name":"functions"},"function":{"name":"us-central1-api"},"extension":{},"message":"\u001b[90m> \u001b[39m (Use `node --trace-deprecation ...` to show where the warning was created)"}}
[info] >  (node:15124) [DEP0040] DeprecationWarning: The `punycode` module is deprecated. Please use a userland alternative instead. {"user":"(node:15124) [DEP0040] DeprecationWarning: The `punycode` module is deprecated. Please use a userland alternative instead.","metadata":{"emulator":{"name":"functions"},"function":{"name":"us-central1-api"},"extension":{},"message":"\u001b[90m> \u001b[39m (node:15124) [DEP0040] DeprecationWarning: The `punycode` module is deprecated. Please use a userland alternative instead."}}
[info] >  (Use `node --trace-deprecation ...` to show where the warning was created) {"user":"(Use `node --trace-deprecation ...` to show where the warning was created)","metadata":{"emulator":{"name":"functions"},"function":{"name":"us-central1-api"},"extension":{},"message":"\u001b[90m> \u001b[39m (Use `node --trace-deprecation ...` to show where the warning was created)"}}
[debug] [2025-01-24T10:33:27.607Z] [runtime-status] [29164] Resolved module firebase-admin {"declared":true,"installed":true,"version":"12.7.0","resolution":"C:\\Users\\JEFRINA A P\\Amazon_Clone\\amazon\\functions\\node_modules\\firebase-admin\\lib\\index.js"} {"metadata":{"emulator":{"name":"functions"},"function":{"name":"us-central1-api"},"extension":{},"message":"[runtime-status] [29164] Resolved module firebase-admin {\"declared\":true,\"installed\":true,\"version\":\"12.7.0\",\"resolution\":\"C:\\\\Users\\\\JEFRINA A P\\\\Amazon_Clone\\\\amazon\\\\functions\\\\node_modules\\\\firebase-admin\\\\lib\\\\index.js\"}"}}
[debug] [2025-01-24T10:33:27.607Z] [runtime-status] [15124] Resolved module firebase-admin {"declared":true,"installed":true,"version":"12.7.0","resolution":"C:\\Users\\JEFRINA A P\\Amazon_Clone\\amazon\\functions\\node_modules\\firebase-admin\\lib\\index.js"} {"metadata":{"emulator":{"name":"functions"},"function":{"name":"us-central1-api"},"extension":{},"message":"[runtime-status] [15124] Resolved module firebase-admin {\"declared\":true,\"installed\":true,\"version\":\"12.7.0\",\"resolution\":\"C:\\\\Users\\\\JEFRINA A P\\\\Amazon_Clone\\\\amazon\\\\functions\\\\node_modules\\\\firebase-admin\\\\lib\\\\index.js\"}"}}
[debug] [2025-01-24T10:33:27.608Z] [runtime-status] [29164] Resolved module firebase-functions {"declared":true,"installed":true,"version":"6.2.0","resolution":"C:\\Users\\JEFRINA A P\\Amazon_Clone\\amazon\\functions\\node_modules\\firebase-functions\\lib\\v2\\index.js"} {"metadata":{"emulator":{"name":"functions"},"function":{"name":"us-central1-api"},"extension":{},"message":"[runtime-status] [29164] Resolved module firebase-functions {\"declared\":true,\"installed\":true,\"version\":\"6.2.0\",\"resolution\":\"C:\\\\Users\\\\JEFRINA A P\\\\Amazon_Clone\\\\amazon\\\\functions\\\\node_modules\\\\firebase-functions\\\\lib\\\\v2\\\\index.js\"}"}}
[debug] [2025-01-24T10:33:27.608Z] [runtime-status] [15124] Resolved module firebase-functions {"declared":true,"installed":true,"version":"6.2.0","resolution":"C:\\Users\\JEFRINA A P\\Amazon_Clone\\amazon\\functions\\node_modules\\firebase-functions\\lib\\v2\\index.js"} {"metadata":{"emulator":{"name":"functions"},"function":{"name":"us-central1-api"},"extension":{},"message":"[runtime-status] [15124] Resolved module firebase-functions {\"declared\":true,\"installed\":true,\"version\":\"6.2.0\",\"resolution\":\"C:\\\\Users\\\\JEFRINA A P\\\\Amazon_Clone\\\\amazon\\\\functions\\\\node_modules\\\\firebase-functions\\\\lib\\\\v2\\\\index.js\"}"}}
[debug] [2025-01-24T10:33:27.608Z] [runtime-status] [29164] Outgoing network have been stubbed. [{"name":"http","status":"mocked"},{"name":"http","status":"mocked"},{"name":"https","status":"mocked"},{"name":"https","status":"mocked"},{"name":"net","status":"mocked"}] {"metadata":{"emulator":{"name":"functions"},"function":{"name":"us-central1-api"},"extension":{},"message":"[runtime-status] [29164] Outgoing network have been stubbed. [{\"name\":\"http\",\"status\":\"mocked\"},{\"name\":\"http\",\"status\":\"mocked\"},{\"name\":\"https\",\"status\":\"mocked\"},{\"name\":\"https\",\"status\":\"mocked\"},{\"name\":\"net\",\"status\":\"mocked\"}]"}}
[debug] [2025-01-24T10:33:27.608Z] [runtime-status] [15124] Outgoing network have been stubbed. [{"name":"http","status":"mocked"},{"name":"http","status":"mocked"},{"name":"https","status":"mocked"},{"name":"https","status":"mocked"},{"name":"net","status":"mocked"}] {"metadata":{"emulator":{"name":"functions"},"function":{"name":"us-central1-api"},"extension":{},"message":"[runtime-status] [15124] Outgoing network have been stubbed. [{\"name\":\"http\",\"status\":\"mocked\"},{\"name\":\"http\",\"status\":\"mocked\"},{\"name\":\"https\",\"status\":\"mocked\"},{\"name\":\"https\",\"status\":\"mocked\"},{\"name\":\"net\",\"status\":\"mocked\"}]"}}
[debug] [2025-01-24T10:33:27.609Z] [runtime-status] [29164] Resolved module firebase-functions {"declared":true,"installed":true,"version":"6.2.0","resolution":"C:\\Users\\JEFRINA A P\\Amazon_Clone\\amazon\\functions\\node_modules\\firebase-functions\\lib\\v2\\index.js"} {"metadata":{"emulator":{"name":"functions"},"function":{"name":"us-central1-api"},"extension":{},"message":"[runtime-status] [29164] Resolved module firebase-functions {\"declared\":true,\"installed\":true,\"version\":\"6.2.0\",\"resolution\":\"C:\\\\Users\\\\JEFRINA A P\\\\Amazon_Clone\\\\amazon\\\\functions\\\\node_modules\\\\firebase-functions\\\\lib\\\\v2\\\\index.js\"}"}}
[debug] [2025-01-24T10:33:27.609Z] [runtime-status] [15124] Resolved module firebase-functions {"declared":true,"installed":true,"version":"6.2.0","resolution":"C:\\Users\\JEFRINA A P\\Amazon_Clone\\amazon\\functions\\node_modules\\firebase-functions\\lib\\v2\\index.js"} {"metadata":{"emulator":{"name":"functions"},"function":{"name":"us-central1-api"},"extension":{},"message":"[runtime-status] [15124] Resolved module firebase-functions {\"declared\":true,\"installed\":true,\"version\":\"6.2.0\",\"resolution\":\"C:\\\\Users\\\\JEFRINA A P\\\\Amazon_Clone\\\\amazon\\\\functions\\\\node_modules\\\\firebase-functions\\\\lib\\\\v2\\\\index.js\"}"}}
[debug] [2025-01-24T10:33:28.003Z] [runtime-status] [29164] Checked functions.config() {"config":{}} {"metadata":{"emulator":{"name":"functions"},"function":{"name":"us-central1-api"},"extension":{},"message":"[runtime-status] [29164] Checked functions.config() {\"config\":{}}"}}
[debug] [2025-01-24T10:33:28.003Z] [runtime-status] [29164] firebase-functions has been stubbed. {"functionsResolution":{"declared":true,"installed":true,"version":"6.2.0","resolution":"C:\\Users\\JEFRINA A P\\Amazon_Clone\\amazon\\functions\\node_modules\\firebase-functions\\lib\\v2\\index.js"}} {"metadata":{"emulator":{"name":"functions"},"function":{"name":"us-central1-api"},"extension":{},"message":"[runtime-status] [29164] firebase-functions has been stubbed. {\"functionsResolution\":{\"declared\":true,\"installed\":true,\"version\":\"6.2.0\",\"resolution\":\"C:\\\\Users\\\\JEFRINA A P\\\\Amazon_Clone\\\\amazon\\\\functions\\\\node_modules\\\\firebase-functions\\\\lib\\\\v2\\\\index.js\"}}"}}
[debug] [2025-01-24T10:33:28.004Z] [runtime-status] [29164] Resolved module firebase-functions {"declared":true,"installed":true,"version":"6.2.0","resolution":"C:\\Users\\JEFRINA A P\\Amazon_Clone\\amazon\\functions\\node_modules\\firebase-functions\\lib\\v2\\index.js"} {"metadata":{"emulator":{"name":"functions"},"function":{"name":"us-central1-api"},"extension":{},"message":"[runtime-status] [29164] Resolved module firebase-functions {\"declared\":true,\"installed\":true,\"version\":\"6.2.0\",\"resolution\":\"C:\\\\Users\\\\JEFRINA A P\\\\Amazon_Clone\\\\amazon\\\\functions\\\\node_modules\\\\firebase-functions\\\\lib\\\\v2\\\\index.js\"}"}}
[debug] [2025-01-24T10:33:28.006Z] [runtime-status] [15124] Checked functions.config() {"config":{}} {"metadata":{"emulator":{"name":"functions"},"function":{"name":"us-central1-api"},"extension":{},"message":"[runtime-status] [15124] Checked functions.config() {\"config\":{}}"}}
[debug] [2025-01-24T10:33:28.006Z] [runtime-status] [15124] firebase-functions has been stubbed. {"functionsResolution":{"declared":true,"installed":true,"version":"6.2.0","resolution":"C:\\Users\\JEFRINA A P\\Amazon_Clone\\amazon\\functions\\node_modules\\firebase-functions\\lib\\v2\\index.js"}} {"metadata":{"emulator":{"name":"functions"},"function":{"name":"us-central1-api"},"extension":{},"message":"[runtime-status] [15124] firebase-functions has been stubbed. {\"functionsResolution\":{\"declared\":true,\"installed\":true,\"version\":\"6.2.0\",\"resolution\":\"C:\\\\Users\\\\JEFRINA A P\\\\Amazon_Clone\\\\amazon\\\\functions\\\\node_modules\\\\firebase-functions\\\\lib\\\\v2\\\\index.js\"}}"}}
[debug] [2025-01-24T10:33:28.007Z] [runtime-status] [15124] Resolved module firebase-functions {"declared":true,"installed":true,"version":"6.2.0","resolution":"C:\\Users\\JEFRINA A P\\Amazon_Clone\\amazon\\functions\\node_modules\\firebase-functions\\lib\\v2\\index.js"} {"metadata":{"emulator":{"name":"functions"},"function":{"name":"us-central1-api"},"extension":{},"message":"[runtime-status] [15124] Resolved module firebase-functions {\"declared\":true,\"installed\":true,\"version\":\"6.2.0\",\"resolution\":\"C:\\\\Users\\\\JEFRINA A P\\\\Amazon_Clone\\\\amazon\\\\functions\\\\node_modules\\\\firebase-functions\\\\lib\\\\v2\\\\index.js\"}"}}
[debug] [2025-01-24T10:33:28.009Z] [runtime-status] [29164] Resolved module firebase-admin {"declared":true,"installed":true,"version":"12.7.0","resolution":"C:\\Users\\JEFRINA A P\\Amazon_Clone\\amazon\\functions\\node_modules\\firebase-admin\\lib\\index.js"} {"metadata":{"emulator":{"name":"functions"},"function":{"name":"us-central1-api"},"extension":{},"message":"[runtime-status] [29164] Resolved module firebase-admin {\"declared\":true,\"installed\":true,\"version\":\"12.7.0\",\"resolution\":\"C:\\\\Users\\\\JEFRINA A P\\\\Amazon_Clone\\\\amazon\\\\functions\\\\node_modules\\\\firebase-admin\\\\lib\\\\index.js\"}"}}
[debug] [2025-01-24T10:33:28.011Z] [runtime-status] [29164] Resolved module firebase-functions {"declared":true,"installed":true,"version":"6.2.0","resolution":"C:\\Users\\JEFRINA A P\\Amazon_Clone\\amazon\\functions\\node_modules\\firebase-functions\\lib\\v2\\index.js"} {"metadata":{"emulator":{"name":"functions"},"function":{"name":"us-central1-api"},"extension":{},"message":"[runtime-status] [29164] Resolved module firebase-functions {\"declared\":true,\"installed\":true,\"version\":\"6.2.0\",\"resolution\":\"C:\\\\Users\\\\JEFRINA A P\\\\Amazon_Clone\\\\amazon\\\\functions\\\\node_modules\\\\firebase-functions\\\\lib\\\\v2\\\\index.js\"}"}}
[debug] [2025-01-24T10:33:28.012Z] [runtime-status] [29164] firebase-admin has been stubbed. {"adminResolution":{"declared":true,"installed":true,"version":"12.7.0","resolution":"C:\\Users\\JEFRINA A P\\Amazon_Clone\\amazon\\functions\\node_modules\\firebase-admin\\lib\\index.js"}} {"metadata":{"emulator":{"name":"functions"},"function":{"name":"us-central1-api"},"extension":{},"message":"[runtime-status] [29164] firebase-admin has been stubbed. {\"adminResolution\":{\"declared\":true,\"installed\":true,\"version\":\"12.7.0\",\"resolution\":\"C:\\\\Users\\\\JEFRINA A P\\\\Amazon_Clone\\\\amazon\\\\functions\\\\node_modules\\\\firebase-admin\\\\lib\\\\index.js\"}}"}}
[debug] [2025-01-24T10:33:28.012Z] [runtime-status] [15124] Resolved module firebase-admin {"declared":true,"installed":true,"version":"12.7.0","resolution":"C:\\Users\\JEFRINA A P\\Amazon_Clone\\amazon\\functions\\node_modules\\firebase-admin\\lib\\index.js"} {"metadata":{"emulator":{"name":"functions"},"function":{"name":"us-central1-api"},"extension":{},"message":"[runtime-status] [15124] Resolved module firebase-admin {\"declared\":true,\"installed\":true,\"version\":\"12.7.0\",\"resolution\":\"C:\\\\Users\\\\JEFRINA A P\\\\Amazon_Clone\\\\amazon\\\\functions\\\\node_modules\\\\firebase-admin\\\\lib\\\\index.js\"}"}}
[debug] [2025-01-24T10:33:28.015Z] [runtime-status] [15124] Resolved module firebase-functions {"declared":true,"installed":true,"version":"6.2.0","resolution":"C:\\Users\\JEFRINA A P\\Amazon_Clone\\amazon\\functions\\node_modules\\firebase-functions\\lib\\v2\\index.js"} {"metadata":{"emulator":{"name":"functions"},"function":{"name":"us-central1-api"},"extension":{},"message":"[runtime-status] [15124] Resolved module firebase-functions {\"declared\":true,\"installed\":true,\"version\":\"6.2.0\",\"resolution\":\"C:\\\\Users\\\\JEFRINA A P\\\\Amazon_Clone\\\\amazon\\\\functions\\\\node_modules\\\\firebase-functions\\\\lib\\\\v2\\\\index.js\"}"}}
[debug] [2025-01-24T10:33:28.015Z] [runtime-status] [15124] firebase-admin has been stubbed. {"adminResolution":{"declared":true,"installed":true,"version":"12.7.0","resolution":"C:\\Users\\JEFRINA A P\\Amazon_Clone\\amazon\\functions\\node_modules\\firebase-admin\\lib\\index.js"}} {"metadata":{"emulator":{"name":"functions"},"function":{"name":"us-central1-api"},"extension":{},"message":"[runtime-status] [15124] firebase-admin has been stubbed. {\"adminResolution\":{\"declared\":true,\"installed\":true,\"version\":\"12.7.0\",\"resolution\":\"C:\\\\Users\\\\JEFRINA A P\\\\Amazon_Clone\\\\amazon\\\\functions\\\\node_modules\\\\firebase-admin\\\\lib\\\\index.js\"}}"}}
[debug] [2025-01-24T10:33:28.244Z] [runtime-status] [29164] Functions runtime initialized. {"cwd":"C:\\Users\\JEFRINA A P\\Amazon_Clone\\amazon\\functions","node_version":"22.4.1"} {"metadata":{"emulator":{"name":"functions"},"function":{"name":"us-central1-api"},"extension":{},"message":"[runtime-status] [29164] Functions runtime initialized. {\"cwd\":\"C:\\\\Users\\\\JEFRINA A P\\\\Amazon_Clone\\\\amazon\\\\functions\",\"node_version\":\"22.4.1\"}"}}
[debug] [2025-01-24T10:33:28.245Z] [runtime-status] [29164] Listening to port: \\?\pipe\fire_emu_dc3b1b1d958d1c69 {"metadata":{"emulator":{"name":"functions"},"function":{"name":"us-central1-api"},"extension":{},"message":"[runtime-status] [29164] Listening to port: \\\\?\\pipe\\fire_emu_dc3b1b1d958d1c69"}}
[debug] [2025-01-24T10:33:28.253Z] [runtime-status] [15124] Functions runtime initialized. {"cwd":"C:\\Users\\JEFRINA A P\\Amazon_Clone\\amazon\\functions","node_version":"22.4.1"} {"metadata":{"emulator":{"name":"functions"},"function":{"name":"us-central1-api"},"extension":{},"message":"[runtime-status] [15124] Functions runtime initialized. {\"cwd\":\"C:\\\\Users\\\\JEFRINA A P\\\\Amazon_Clone\\\\amazon\\\\functions\",\"node_version\":\"22.4.1\"}"}}
[debug] [2025-01-24T10:33:28.253Z] [runtime-status] [15124] Listening to port: \\?\pipe\fire_emu_3e8aee87520b2a06 {"metadata":{"emulator":{"name":"functions"},"function":{"name":"us-central1-api"},"extension":{},"message":"[runtime-status] [15124] Listening to port: \\\\?\\pipe\\fire_emu_3e8aee87520b2a06"}}
[debug] [2025-01-24T10:33:28.272Z] [worker-us-central1-api-fc6dfccd-b863-496d-9633-9a47f35aebb2]: IDLE {"metadata":{"emulator":{"name":"functions"},"function":{"name":"us-central1-api"},"extension":{},"message":"[worker-us-central1-api-fc6dfccd-b863-496d-9633-9a47f35aebb2]: IDLE"}}
[debug] [2025-01-24T10:33:28.272Z] [worker-pool] submitRequest(triggerId=us-central1-api) {"metadata":{"emulator":{"name":"functions"},"message":"[worker-pool] submitRequest(triggerId=us-central1-api)"}}
[info] i  functions: Beginning execution of "us-central1-api" {"metadata":{"emulator":{"name":"functions"},"function":{"name":"us-central1-api"},"extension":{},"message":"Beginning execution of \"us-central1-api\""}}
[debug] [2025-01-24T10:33:28.273Z] [worker-us-central1-api-fc6dfccd-b863-496d-9633-9a47f35aebb2]: BUSY {"metadata":{"emulator":{"name":"functions"},"function":{"name":"us-central1-api"},"extension":{},"message":"[worker-us-central1-api-fc6dfccd-b863-496d-9633-9a47f35aebb2]: BUSY"}}
[info] >  Payment Request Received BOOM!!! for amount >>>  40000 {"user":"Payment Request Received BOOM!!! for amount >>>  40000","metadata":{"emulator":{"name":"functions"},"function":{"name":"us-central1-api"},"extension":{},"message":"\u001b[90m> \u001b[39m Payment Request Received BOOM!!! for amount >>>  40000"}}
[debug] [2025-01-24T10:33:28.279Z] [worker-us-central1-api-bea38f0a-bcaf-4733-b0a3-a59459de66a7]: IDLE {"metadata":{"emulator":{"name":"functions"},"function":{"name":"us-central1-api"},"extension":{},"message":"[worker-us-central1-api-bea38f0a-bcaf-4733-b0a3-a59459de66a7]: IDLE"}}
[debug] [2025-01-24T10:33:28.279Z] [worker-pool] submitRequest(triggerId=us-central1-api) {"metadata":{"emulator":{"name":"functions"},"message":"[worker-pool] submitRequest(triggerId=us-central1-api)"}}
[info] i  functions: Beginning execution of "us-central1-api" {"metadata":{"emulator":{"name":"functions"},"function":{"name":"us-central1-api"},"extension":{},"message":"Beginning execution of \"us-central1-api\""}}
[debug] [2025-01-24T10:33:28.280Z] [worker-us-central1-api-bea38f0a-bcaf-4733-b0a3-a59459de66a7]: BUSY {"metadata":{"emulator":{"name":"functions"},"function":{"name":"us-central1-api"},"extension":{},"message":"[worker-us-central1-api-bea38f0a-bcaf-4733-b0a3-a59459de66a7]: BUSY"}}
[info] >  Payment Request Received BOOM!!! for amount >>>  40000 {"user":"Payment Request Received BOOM!!! for amount >>>  40000","metadata":{"emulator":{"name":"functions"},"function":{"name":"us-central1-api"},"extension":{},"message":"\u001b[90m> \u001b[39m Payment Request Received BOOM!!! for amount >>>  40000"}}
[debug] [2025-01-24T10:33:28.946Z] Finishing up request with event=pause {"metadata":{"emulator":{"name":"functions"},"function":{"name":"us-central1-api"},"extension":{},"message":"Finishing up request with event=pause"}}
[info] i  functions: Finished "us-central1-api" in 666.473ms {"metadata":{"emulator":{"name":"functions"},"function":{"name":"us-central1-api"},"extension":{},"message":"Finished \"us-central1-api\" in 666.473ms"}}
[debug] [2025-01-24T10:33:28.948Z] [worker-us-central1-api-bea38f0a-bcaf-4733-b0a3-a59459de66a7]: IDLE {"metadata":{"emulator":{"name":"functions"},"function":{"name":"us-central1-api"},"extension":{},"message":"[worker-us-central1-api-bea38f0a-bcaf-4733-b0a3-a59459de66a7]: IDLE"}}
[debug] [2025-01-24T10:33:28.948Z] Finishing up request with event=finish {"metadata":{"emulator":{"name":"functions"},"function":{"name":"us-central1-api"},"extension":{},"message":"Finishing up request with event=finish"}}
[debug] [2025-01-24T10:33:28.948Z] Finishing up request with event=close {"metadata":{"emulator":{"name":"functions"},"function":{"name":"us-central1-api"},"extension":{},"message":"Finishing up request with event=close"}}
[debug] [2025-01-24T10:33:28.948Z] [work-queue] {"queuedWork":[],"queueLength":0,"runningWork":["/clone-1cd78/us-central1/api/payments/create-2025-01-24T10:33:26.058Z"],"workRunningCount":1}
[debug] [2025-01-24T10:33:28.949Z] Finishing up request with event=pause {"metadata":{"emulator":{"name":"functions"},"function":{"name":"us-central1-api"},"extension":{},"message":"Finishing up request with event=pause"}}
[info] i  functions: Finished "us-central1-api" in 676.3313ms {"metadata":{"emulator":{"name":"functions"},"function":{"name":"us-central1-api"},"extension":{},"message":"Finished \"us-central1-api\" in 676.3313ms"}}
[debug] [2025-01-24T10:33:28.950Z] [worker-us-central1-api-fc6dfccd-b863-496d-9633-9a47f35aebb2]: IDLE {"metadata":{"emulator":{"name":"functions"},"function":{"name":"us-central1-api"},"extension":{},"message":"[worker-us-central1-api-fc6dfccd-b863-496d-9633-9a47f35aebb2]: IDLE"}}
[debug] [2025-01-24T10:33:28.950Z] Finishing up request with event=finish {"metadata":{"emulator":{"name":"functions"},"function":{"name":"us-central1-api"},"extension":{},"message":"Finishing up request with event=finish"}}
[debug] [2025-01-24T10:33:28.950Z] Finishing up request with event=close {"metadata":{"emulator":{"name":"functions"},"function":{"name":"us-central1-api"},"extension":{},"message":"Finishing up request with event=close"}}
[debug] [2025-01-24T10:33:28.950Z] [work-queue] {"queuedWork":[],"queueLength":0,"runningWork":[],"workRunningCount":0}
[debug] [2025-01-24T10:35:01.961Z] [work-queue] {"queuedWork":["/clone-1cd78/us-central1/api/payments/create-2025-01-24T10:35:01.961Z"],"queueLength":1,"runningWork":[],"workRunningCount":0}
[debug] [2025-01-24T10:35:01.961Z] [work-queue] {"queuedWork":[],"queueLength":0,"runningWork":["/clone-1cd78/us-central1/api/payments/create-2025-01-24T10:35:01.961Z"],"workRunningCount":1}
[debug] [2025-01-24T10:35:01.961Z] Accepted request POST /clone-1cd78/us-central1/api/payments/create?total=0 --> us-central1-api
[debug] [2025-01-24T10:35:01.963Z] [functions] Runtime ready! Sending request! {"metadata":{"emulator":{"name":"functions"},"message":"[functions] Runtime ready! Sending request!"}}
[debug] [2025-01-24T10:35:01.963Z] [functions] Got req.url=/clone-1cd78/us-central1/api/payments/create?total=0, mapping to path=/payments/create?total=0 {"metadata":{"emulator":{"name":"functions"},"message":"[functions] Got req.url=/clone-1cd78/us-central1/api/payments/create?total=0, mapping to path=/payments/create?total=0"}}
[debug] [2025-01-24T10:35:01.963Z] [worker-pool] submitRequest(triggerId=us-central1-api) {"metadata":{"emulator":{"name":"functions"},"message":"[worker-pool] submitRequest(triggerId=us-central1-api)"}}
[info] i  functions: Beginning execution of "us-central1-api" {"metadata":{"emulator":{"name":"functions"},"function":{"name":"us-central1-api"},"extension":{},"message":"Beginning execution of \"us-central1-api\""}}
[debug] [2025-01-24T10:35:01.964Z] [worker-us-central1-api-fc6dfccd-b863-496d-9633-9a47f35aebb2]: BUSY {"metadata":{"emulator":{"name":"functions"},"function":{"name":"us-central1-api"},"extension":{},"message":"[worker-us-central1-api-fc6dfccd-b863-496d-9633-9a47f35aebb2]: BUSY"}}
[info] >  Payment Request Received BOOM!!! for amount >>>  0 {"user":"Payment Request Received BOOM!!! for amount >>>  0","metadata":{"emulator":{"name":"functions"},"function":{"name":"us-central1-api"},"extension":{},"message":"\u001b[90m> \u001b[39m Payment Request Received BOOM!!! for amount >>>  0"}}
[info] >  C:\Users\JEFRINA A P\Amazon_Clone\amazon\functions\node_modules\stripe\cjs\Error.js:11 {"user":"C:\\Users\\JEFRINA A P\\Amazon_Clone\\amazon\\functions\\node_modules\\stripe\\cjs\\Error.js:11\r","metadata":{"emulator":{"name":"functions"},"function":{"name":"us-central1-api"},"extension":{},"message":"\u001b[90m> \u001b[39m C:\\Users\\JEFRINA A P\\Amazon_Clone\\amazon\\functions\\node_modules\\stripe\\cjs\\Error.js:11\r"}}
[info] >              return new StripeInvalidRequestError(rawStripeError); {"user":"            return new StripeInvalidRequestError(rawStripeError);\r","metadata":{"emulator":{"name":"functions"},"function":{"name":"us-central1-api"},"extension":{},"message":"\u001b[90m> \u001b[39m             return new StripeInvalidRequestError(rawStripeError);\r"}}
[info] >                     ^ {"user":"                   ^\r","metadata":{"emulator":{"name":"functions"},"function":{"name":"us-central1-api"},"extension":{},"message":"\u001b[90m> \u001b[39m                    ^\r"}}
[info] >   {"user":"\r","metadata":{"emulator":{"name":"functions"},"function":{"name":"us-central1-api"},"extension":{},"message":"\u001b[90m> \u001b[39m \r"}}
[info] >  StripeInvalidRequestError: The amount must be greater than or equal to the minimum charge amount allowed for your account and the currency set (https://docs.stripe.com/currencies#minimum-and-maximum-charge-amounts).  If you want to save a Payment Method for future use without an immediate payment, use a Setup Intent instead: https://docs.stripe.com/payments/setup-intents {"user":"StripeInvalidRequestError: The amount must be greater than or equal to the minimum charge amount allowed for your account and the currency set (https://docs.stripe.com/currencies#minimum-and-maximum-charge-amounts).  If you want to save a Payment Method for future use without an immediate payment, use a Setup Intent instead: https://docs.stripe.com/payments/setup-intents\r","metadata":{"emulator":{"name":"functions"},"function":{"name":"us-central1-api"},"extension":{},"message":"\u001b[90m> \u001b[39m StripeInvalidRequestError: The amount must be greater than or equal to the minimum charge amount allowed for your account and the currency set (https://docs.stripe.com/currencies#minimum-and-maximum-charge-amounts).  If you want to save a Payment Method for future use without an immediate payment, use a Setup Intent instead: https://docs.stripe.com/payments/setup-intents\r"}}
[info] >      at generateV1Error (C:\Users\JEFRINA A P\Amazon_Clone\amazon\functions\node_modules\stripe\cjs\Error.js:11:20) {"user":"    at generateV1Error (C:\\Users\\JEFRINA A P\\Amazon_Clone\\amazon\\functions\\node_modules\\stripe\\cjs\\Error.js:11:20)\r","metadata":{"emulator":{"name":"functions"},"function":{"name":"us-central1-api"},"extension":{},"message":"\u001b[90m> \u001b[39m     at generateV1Error (C:\\Users\\JEFRINA A P\\Amazon_Clone\\amazon\\functions\\node_modules\\stripe\\cjs\\Error.js:11:20)\r"}}
[info] >      at res.toJSON.then.Error_js_1.StripeAPIError.message (C:\Users\JEFRINA A P\Amazon_Clone\amazon\functions\node_modules\stripe\cjs\RequestSender.js:108:62) {"user":"    at res.toJSON.then.Error_js_1.StripeAPIError.message (C:\\Users\\JEFRINA A P\\Amazon_Clone\\amazon\\functions\\node_modules\\stripe\\cjs\\RequestSender.js:108:62)\r","metadata":{"emulator":{"name":"functions"},"function":{"name":"us-central1-api"},"extension":{},"message":"\u001b[90m> \u001b[39m     at res.toJSON.then.Error_js_1.StripeAPIError.message (C:\\Users\\JEFRINA A P\\Amazon_Clone\\amazon\\functions\\node_modules\\stripe\\cjs\\RequestSender.js:108:62)\r"}}
[info] >      at process.processTicksAndRejections (node:internal/process/task_queues:95:5) { {"user":"    at process.processTicksAndRejections (node:internal/process/task_queues:95:5) {\r","metadata":{"emulator":{"name":"functions"},"function":{"name":"us-central1-api"},"extension":{},"message":"\u001b[90m> \u001b[39m     at process.processTicksAndRejections (node:internal/process/task_queues:95:5) {\r"}}
[info] >    type: 'StripeInvalidRequestError', {"user":"  type: 'StripeInvalidRequestError',\r","metadata":{"emulator":{"name":"functions"},"function":{"name":"us-central1-api"},"extension":{},"message":"\u001b[90m> \u001b[39m   type: 'StripeInvalidRequestError',\r"}}
[info] >    raw: { {"user":"  raw: {\r","metadata":{"emulator":{"name":"functions"},"function":{"name":"us-central1-api"},"extension":{},"message":"\u001b[90m> \u001b[39m   raw: {\r"}}
[info] >      code: 'parameter_invalid_integer', {"user":"    code: 'parameter_invalid_integer',\r","metadata":{"emulator":{"name":"functions"},"function":{"name":"us-central1-api"},"extension":{},"message":"\u001b[90m> \u001b[39m     code: 'parameter_invalid_integer',\r"}}
[info] >      doc_url: 'https://stripe.com/docs/error-codes/parameter-invalid-integer', {"user":"    doc_url: 'https://stripe.com/docs/error-codes/parameter-invalid-integer',\r","metadata":{"emulator":{"name":"functions"},"function":{"name":"us-central1-api"},"extension":{},"message":"\u001b[90m> \u001b[39m     doc_url: 'https://stripe.com/docs/error-codes/parameter-invalid-integer',\r"}}
[info] >      message: 'The amount must be greater than or equal to the minimum charge amount allowed for your account and the currency set (https://docs.stripe.com/currencies#minimum-and-maximum-charge-amounts).  If you want to save a Payment Method for future use without an immediate payment, use a Setup Intent instead: https://docs.stripe.com/payments/setup-intents', {"user":"    message: 'The amount must be greater than or equal to the minimum charge amount allowed for your account and the currency set (https://docs.stripe.com/currencies#minimum-and-maximum-charge-amounts).  If you want to save a Payment Method for future use without an immediate payment, use a Setup Intent instead: https://docs.stripe.com/payments/setup-intents',\r","metadata":{"emulator":{"name":"functions"},"function":{"name":"us-central1-api"},"extension":{},"message":"\u001b[90m> \u001b[39m     message: 'The amount must be greater than or equal to the minimum charge amount allowed for your account and the currency set (https://docs.stripe.com/currencies#minimum-and-maximum-charge-amounts).  If you want to save a Payment Method for future use without an immediate payment, use a Setup Intent instead: https://docs.stripe.com/payments/setup-intents',\r"}}
[info] >      param: 'amount', {"user":"    param: 'amount',\r","metadata":{"emulator":{"name":"functions"},"function":{"name":"us-central1-api"},"extension":{},"message":"\u001b[90m> \u001b[39m     param: 'amount',\r"}}
[info] >      request_log_url: 'https://dashboard.stripe.com/test/logs/req_M63LxdfCJakhkM?t=1737714905', {"user":"    request_log_url: 'https://dashboard.stripe.com/test/logs/req_M63LxdfCJakhkM?t=1737714905',\r","metadata":{"emulator":{"name":"functions"},"function":{"name":"us-central1-api"},"extension":{},"message":"\u001b[90m> \u001b[39m     request_log_url: 'https://dashboard.stripe.com/test/logs/req_M63LxdfCJakhkM?t=1737714905',\r"}}
[info] >      type: 'invalid_request_error', {"user":"    type: 'invalid_request_error',\r","metadata":{"emulator":{"name":"functions"},"function":{"name":"us-central1-api"},"extension":{},"message":"\u001b[90m> \u001b[39m     type: 'invalid_request_error',\r"}}
[info] >      headers: { {"user":"    headers: {\r","metadata":{"emulator":{"name":"functions"},"function":{"name":"us-central1-api"},"extension":{},"message":"\u001b[90m> \u001b[39m     headers: {\r"}}
[info] >        server: 'nginx', {"user":"      server: 'nginx',\r","metadata":{"emulator":{"name":"functions"},"function":{"name":"us-central1-api"},"extension":{},"message":"\u001b[90m> \u001b[39m       server: 'nginx',\r"}}
[info] >        date: 'Fri, 24 Jan 2025 10:35:05 GMT', {"user":"      date: 'Fri, 24 Jan 2025 10:35:05 GMT',\r","metadata":{"emulator":{"name":"functions"},"function":{"name":"us-central1-api"},"extension":{},"message":"\u001b[90m> \u001b[39m       date: 'Fri, 24 Jan 2025 10:35:05 GMT',\r"}}
[info] >        'content-type': 'application/json', {"user":"      'content-type': 'application/json',\r","metadata":{"emulator":{"name":"functions"},"function":{"name":"us-central1-api"},"extension":{},"message":"\u001b[90m> \u001b[39m       'content-type': 'application/json',\r"}}
[info] >        'content-length': '663', {"user":"      'content-length': '663',\r","metadata":{"emulator":{"name":"functions"},"function":{"name":"us-central1-api"},"extension":{},"message":"\u001b[90m> \u001b[39m       'content-length': '663',\r"}}
[info] >        connection: 'keep-alive', {"user":"      connection: 'keep-alive',\r","metadata":{"emulator":{"name":"functions"},"function":{"name":"us-central1-api"},"extension":{},"message":"\u001b[90m> \u001b[39m       connection: 'keep-alive',\r"}}
[info] >        'access-control-allow-credentials': 'true', {"user":"      'access-control-allow-credentials': 'true',\r","metadata":{"emulator":{"name":"functions"},"function":{"name":"us-central1-api"},"extension":{},"message":"\u001b[90m> \u001b[39m       'access-control-allow-credentials': 'true',\r"}}
[info] >        'access-control-allow-methods': 'GET, HEAD, PUT, PATCH, POST, DELETE', {"user":"      'access-control-allow-methods': 'GET, HEAD, PUT, PATCH, POST, DELETE',\r","metadata":{"emulator":{"name":"functions"},"function":{"name":"us-central1-api"},"extension":{},"message":"\u001b[90m> \u001b[39m       'access-control-allow-methods': 'GET, HEAD, PUT, PATCH, POST, DELETE',\r"}}
[info] >        'access-control-allow-origin': '*', {"user":"      'access-control-allow-origin': '*',\r","metadata":{"emulator":{"name":"functions"},"function":{"name":"us-central1-api"},"extension":{},"message":"\u001b[90m> \u001b[39m       'access-control-allow-origin': '*',\r"}}
[info] >        'access-control-expose-headers': 'Request-Id, Stripe-Manage-Version, Stripe-Should-Retry, X-Stripe-External-Auth-Required, X-Stripe-Privileged-Session-Required', {"user":"      'access-control-expose-headers': 'Request-Id, Stripe-Manage-Version, Stripe-Should-Retry, X-Stripe-External-Auth-Required, X-Stripe-Privileged-Session-Required',\r","metadata":{"emulator":{"name":"functions"},"function":{"name":"us-central1-api"},"extension":{},"message":"\u001b[90m> \u001b[39m       'access-control-expose-headers': 'Request-Id, Stripe-Manage-Version, Stripe-Should-Retry, X-Stripe-External-Auth-Required, X-Stripe-Privileged-Session-Required',\r"}}
[info] >        'access-control-max-age': '300', {"user":"      'access-control-max-age': '300',\r","metadata":{"emulator":{"name":"functions"},"function":{"name":"us-central1-api"},"extension":{},"message":"\u001b[90m> \u001b[39m       'access-control-max-age': '300',\r"}}
[info] >        'cache-control': 'no-cache, no-store', {"user":"      'cache-control': 'no-cache, no-store',\r","metadata":{"emulator":{"name":"functions"},"function":{"name":"us-central1-api"},"extension":{},"message":"\u001b[90m> \u001b[39m       'cache-control': 'no-cache, no-store',\r"}}
[info] >        'content-security-policy': "base-uri 'none'; default-src 'none'; form-action 'none'; frame-ancestors 'none'; img-src 'self'; script-src 'self' 'report-sample'; style-src 'self'; upgrade-insecure-requests; report-uri https://q.stripe.com/csp-violation?q=FhdAxcxsSJJkbe3Lg0m7DUhzlmyGol3rhw4KzS1NNlYgLHFewIxQWbHoYP6YCEr9QVXeEwfRDm6Lr6xr", {"user":"      'content-security-policy': \"base-uri 'none'; default-src 'none'; form-action 'none'; frame-ancestors 'none'; img-src 'self'; script-src 'self' 'report-sample'; style-src 'self'; upgrade-insecure-requests; report-uri https://q.stripe.com/csp-violation?q=FhdAxcxsSJJkbe3Lg0m7DUhzlmyGol3rhw4KzS1NNlYgLHFewIxQWbHoYP6YCEr9QVXeEwfRDm6Lr6xr\",\r","metadata":{"emulator":{"name":"functions"},"function":{"name":"us-central1-api"},"extension":{},"message":"\u001b[90m> \u001b[39m       'content-security-policy': \"base-uri 'none'; default-src 'none'; form-action 'none'; frame-ancestors 'none'; img-src 'self'; script-src 'self' 'report-sample'; style-src 'self'; upgrade-insecure-requests; report-uri https://q.stripe.com/csp-violation?q=FhdAxcxsSJJkbe3Lg0m7DUhzlmyGol3rhw4KzS1NNlYgLHFewIxQWbHoYP6YCEr9QVXeEwfRDm6Lr6xr\",\r"}}
[info] >        'cross-origin-opener-policy-report-only': 'same-origin; report-to="coop"', {"user":"      'cross-origin-opener-policy-report-only': 'same-origin; report-to=\"coop\"',\r","metadata":{"emulator":{"name":"functions"},"function":{"name":"us-central1-api"},"extension":{},"message":"\u001b[90m> \u001b[39m       'cross-origin-opener-policy-report-only': 'same-origin; report-to=\"coop\"',\r"}}
[info] >        'idempotency-key': 'stripe-node-retry-c7b408e1-18d6-4662-af46-ae76944aafc5', {"user":"      'idempotency-key': 'stripe-node-retry-c7b408e1-18d6-4662-af46-ae76944aafc5',\r","metadata":{"emulator":{"name":"functions"},"function":{"name":"us-central1-api"},"extension":{},"message":"\u001b[90m> \u001b[39m       'idempotency-key': 'stripe-node-retry-c7b408e1-18d6-4662-af46-ae76944aafc5',\r"}}
[info] >        'original-request': 'req_M63LxdfCJakhkM', {"user":"      'original-request': 'req_M63LxdfCJakhkM',\r","metadata":{"emulator":{"name":"functions"},"function":{"name":"us-central1-api"},"extension":{},"message":"\u001b[90m> \u001b[39m       'original-request': 'req_M63LxdfCJakhkM',\r"}}
[info] >        'report-to': '{"group":"coop","max_age":8640,"endpoints":[{"url":"https://q.stripe.com/coop-report"}],"include_subdomains":true}', {"user":"      'report-to': '{\"group\":\"coop\",\"max_age\":8640,\"endpoints\":[{\"url\":\"https://q.stripe.com/coop-report\"}],\"include_subdomains\":true}',\r","metadata":{"emulator":{"name":"functions"},"function":{"name":"us-central1-api"},"extension":{},"message":"\u001b[90m> \u001b[39m       'report-to': '{\"group\":\"coop\",\"max_age\":8640,\"endpoints\":[{\"url\":\"https://q.stripe.com/coop-report\"}],\"include_subdomains\":true}',\r"}}
[info] >        'reporting-endpoints': 'coop="https://q.stripe.com/coop-report"', {"user":"      'reporting-endpoints': 'coop=\"https://q.stripe.com/coop-report\"',\r","metadata":{"emulator":{"name":"functions"},"function":{"name":"us-central1-api"},"extension":{},"message":"\u001b[90m> \u001b[39m       'reporting-endpoints': 'coop=\"https://q.stripe.com/coop-report\"',\r"}}
[info] >        'request-id': 'req_M63LxdfCJakhkM', {"user":"      'request-id': 'req_M63LxdfCJakhkM',\r","metadata":{"emulator":{"name":"functions"},"function":{"name":"us-central1-api"},"extension":{},"message":"\u001b[90m> \u001b[39m       'request-id': 'req_M63LxdfCJakhkM',\r"}}
[info] >        'stripe-version': '2024-12-18.acacia', {"user":"      'stripe-version': '2024-12-18.acacia',\r","metadata":{"emulator":{"name":"functions"},"function":{"name":"us-central1-api"},"extension":{},"message":"\u001b[90m> \u001b[39m       'stripe-version': '2024-12-18.acacia',\r"}}
[info] >        vary: 'Origin', {"user":"      vary: 'Origin',\r","metadata":{"emulator":{"name":"functions"},"function":{"name":"us-central1-api"},"extension":{},"message":"\u001b[90m> \u001b[39m       vary: 'Origin',\r"}}
[info] >        'x-content-type-options': 'nosniff', {"user":"      'x-content-type-options': 'nosniff',\r","metadata":{"emulator":{"name":"functions"},"function":{"name":"us-central1-api"},"extension":{},"message":"\u001b[90m> \u001b[39m       'x-content-type-options': 'nosniff',\r"}}
[info] >        'x-stripe-priority-routing-enabled': 'true', {"user":"      'x-stripe-priority-routing-enabled': 'true',\r","metadata":{"emulator":{"name":"functions"},"function":{"name":"us-central1-api"},"extension":{},"message":"\u001b[90m> \u001b[39m       'x-stripe-priority-routing-enabled': 'true',\r"}}
[info] >        'x-stripe-routing-context-priority-tier': 'api-testmode', {"user":"      'x-stripe-routing-context-priority-tier': 'api-testmode',\r","metadata":{"emulator":{"name":"functions"},"function":{"name":"us-central1-api"},"extension":{},"message":"\u001b[90m> \u001b[39m       'x-stripe-routing-context-priority-tier': 'api-testmode',\r"}}
[info] >        'x-wc': 'AB', {"user":"      'x-wc': 'AB',\r","metadata":{"emulator":{"name":"functions"},"function":{"name":"us-central1-api"},"extension":{},"message":"\u001b[90m> \u001b[39m       'x-wc': 'AB',\r"}}
[info] >        'strict-transport-security': 'max-age=63072000; includeSubDomains; preload' {"user":"      'strict-transport-security': 'max-age=63072000; includeSubDomains; preload'\r","metadata":{"emulator":{"name":"functions"},"function":{"name":"us-central1-api"},"extension":{},"message":"\u001b[90m> \u001b[39m       'strict-transport-security': 'max-age=63072000; includeSubDomains; preload'\r"}}
[info] >      }, {"user":"    },\r","metadata":{"emulator":{"name":"functions"},"function":{"name":"us-central1-api"},"extension":{},"message":"\u001b[90m> \u001b[39m     },\r"}}
[info] >      statusCode: 400, {"user":"    statusCode: 400,\r","metadata":{"emulator":{"name":"functions"},"function":{"name":"us-central1-api"},"extension":{},"message":"\u001b[90m> \u001b[39m     statusCode: 400,\r"}}
[info] >      requestId: 'req_M63LxdfCJakhkM' {"user":"    requestId: 'req_M63LxdfCJakhkM'\r","metadata":{"emulator":{"name":"functions"},"function":{"name":"us-central1-api"},"extension":{},"message":"\u001b[90m> \u001b[39m     requestId: 'req_M63LxdfCJakhkM'\r"}}
[info] >    }, {"user":"  },\r","metadata":{"emulator":{"name":"functions"},"function":{"name":"us-central1-api"},"extension":{},"message":"\u001b[90m> \u001b[39m   },\r"}}
[info] >    rawType: 'invalid_request_error', {"user":"  rawType: 'invalid_request_error',\r","metadata":{"emulator":{"name":"functions"},"function":{"name":"us-central1-api"},"extension":{},"message":"\u001b[90m> \u001b[39m   rawType: 'invalid_request_error',\r"}}
[info] >    code: 'parameter_invalid_integer', {"user":"  code: 'parameter_invalid_integer',\r","metadata":{"emulator":{"name":"functions"},"function":{"name":"us-central1-api"},"extension":{},"message":"\u001b[90m> \u001b[39m   code: 'parameter_invalid_integer',\r"}}
[info] >    doc_url: 'https://stripe.com/docs/error-codes/parameter-invalid-integer', {"user":"  doc_url: 'https://stripe.com/docs/error-codes/parameter-invalid-integer',\r","metadata":{"emulator":{"name":"functions"},"function":{"name":"us-central1-api"},"extension":{},"message":"\u001b[90m> \u001b[39m   doc_url: 'https://stripe.com/docs/error-codes/parameter-invalid-integer',\r"}}
[info] >    param: 'amount', {"user":"  param: 'amount',\r","metadata":{"emulator":{"name":"functions"},"function":{"name":"us-central1-api"},"extension":{},"message":"\u001b[90m> \u001b[39m   param: 'amount',\r"}}
[info] >    detail: undefined, {"user":"  detail: undefined,\r","metadata":{"emulator":{"name":"functions"},"function":{"name":"us-central1-api"},"extension":{},"message":"\u001b[90m> \u001b[39m   detail: undefined,\r"}}
[info] >    headers: { {"user":"  headers: {\r","metadata":{"emulator":{"name":"functions"},"function":{"name":"us-central1-api"},"extension":{},"message":"\u001b[90m> \u001b[39m   headers: {\r"}}
[info] >      server: 'nginx', {"user":"    server: 'nginx',\r","metadata":{"emulator":{"name":"functions"},"function":{"name":"us-central1-api"},"extension":{},"message":"\u001b[90m> \u001b[39m     server: 'nginx',\r"}}
[info] >      date: 'Fri, 24 Jan 2025 10:35:05 GMT', {"user":"    date: 'Fri, 24 Jan 2025 10:35:05 GMT',\r","metadata":{"emulator":{"name":"functions"},"function":{"name":"us-central1-api"},"extension":{},"message":"\u001b[90m> \u001b[39m     date: 'Fri, 24 Jan 2025 10:35:05 GMT',\r"}}
[info] >      'content-type': 'application/json', {"user":"    'content-type': 'application/json',\r","metadata":{"emulator":{"name":"functions"},"function":{"name":"us-central1-api"},"extension":{},"message":"\u001b[90m> \u001b[39m     'content-type': 'application/json',\r"}}
[info] >      'content-length': '663', {"user":"    'content-length': '663',\r","metadata":{"emulator":{"name":"functions"},"function":{"name":"us-central1-api"},"extension":{},"message":"\u001b[90m> \u001b[39m     'content-length': '663',\r"}}
[info] >      connection: 'keep-alive', {"user":"    connection: 'keep-alive',\r","metadata":{"emulator":{"name":"functions"},"function":{"name":"us-central1-api"},"extension":{},"message":"\u001b[90m> \u001b[39m     connection: 'keep-alive',\r"}}
[info] >      'access-control-allow-credentials': 'true', {"user":"    'access-control-allow-credentials': 'true',\r","metadata":{"emulator":{"name":"functions"},"function":{"name":"us-central1-api"},"extension":{},"message":"\u001b[90m> \u001b[39m     'access-control-allow-credentials': 'true',\r"}}
[info] >      'access-control-allow-methods': 'GET, HEAD, PUT, PATCH, POST, DELETE', {"user":"    'access-control-allow-methods': 'GET, HEAD, PUT, PATCH, POST, DELETE',\r","metadata":{"emulator":{"name":"functions"},"function":{"name":"us-central1-api"},"extension":{},"message":"\u001b[90m> \u001b[39m     'access-control-allow-methods': 'GET, HEAD, PUT, PATCH, POST, DELETE',\r"}}
[info] >      'access-control-allow-origin': '*', {"user":"    'access-control-allow-origin': '*',\r","metadata":{"emulator":{"name":"functions"},"function":{"name":"us-central1-api"},"extension":{},"message":"\u001b[90m> \u001b[39m     'access-control-allow-origin': '*',\r"}}
[info] >      'access-control-expose-headers': 'Request-Id, Stripe-Manage-Version, Stripe-Should-Retry, X-Stripe-External-Auth-Required, X-Stripe-Privileged-Session-Required', {"user":"    'access-control-expose-headers': 'Request-Id, Stripe-Manage-Version, Stripe-Should-Retry, X-Stripe-External-Auth-Required, X-Stripe-Privileged-Session-Required',\r","metadata":{"emulator":{"name":"functions"},"function":{"name":"us-central1-api"},"extension":{},"message":"\u001b[90m> \u001b[39m     'access-control-expose-headers': 'Request-Id, Stripe-Manage-Version, Stripe-Should-Retry, X-Stripe-External-Auth-Required, X-Stripe-Privileged-Session-Required',\r"}}
[info] >      'access-control-max-age': '300', {"user":"    'access-control-max-age': '300',\r","metadata":{"emulator":{"name":"functions"},"function":{"name":"us-central1-api"},"extension":{},"message":"\u001b[90m> \u001b[39m     'access-control-max-age': '300',\r"}}
[info] >      'cache-control': 'no-cache, no-store', {"user":"    'cache-control': 'no-cache, no-store',\r","metadata":{"emulator":{"name":"functions"},"function":{"name":"us-central1-api"},"extension":{},"message":"\u001b[90m> \u001b[39m     'cache-control': 'no-cache, no-store',\r"}}
[info] >      'content-security-policy': "base-uri 'none'; default-src 'none'; form-action 'none'; frame-ancestors 'none'; img-src 'self'; script-src 'self' 'report-sample'; style-src 'self'; upgrade-insecure-requests; report-uri https://q.stripe.com/csp-violation?q=FhdAxcxsSJJkbe3Lg0m7DUhzlmyGol3rhw4KzS1NNlYgLHFewIxQWbHoYP6YCEr9QVXeEwfRDm6Lr6xr", {"user":"    'content-security-policy': \"base-uri 'none'; default-src 'none'; form-action 'none'; frame-ancestors 'none'; img-src 'self'; script-src 'self' 'report-sample'; style-src 'self'; upgrade-insecure-requests; report-uri https://q.stripe.com/csp-violation?q=FhdAxcxsSJJkbe3Lg0m7DUhzlmyGol3rhw4KzS1NNlYgLHFewIxQWbHoYP6YCEr9QVXeEwfRDm6Lr6xr\",\r","metadata":{"emulator":{"name":"functions"},"function":{"name":"us-central1-api"},"extension":{},"message":"\u001b[90m> \u001b[39m     'content-security-policy': \"base-uri 'none'; default-src 'none'; form-action 'none'; frame-ancestors 'none'; img-src 'self'; script-src 'self' 'report-sample'; style-src 'self'; upgrade-insecure-requests; report-uri https://q.stripe.com/csp-violation?q=FhdAxcxsSJJkbe3Lg0m7DUhzlmyGol3rhw4KzS1NNlYgLHFewIxQWbHoYP6YCEr9QVXeEwfRDm6Lr6xr\",\r"}}
[info] >      'cross-origin-opener-policy-report-only': 'same-origin; report-to="coop"', {"user":"    'cross-origin-opener-policy-report-only': 'same-origin; report-to=\"coop\"',\r","metadata":{"emulator":{"name":"functions"},"function":{"name":"us-central1-api"},"extension":{},"message":"\u001b[90m> \u001b[39m     'cross-origin-opener-policy-report-only': 'same-origin; report-to=\"coop\"',\r"}}
[info] >      'idempotency-key': 'stripe-node-retry-c7b408e1-18d6-4662-af46-ae76944aafc5', {"user":"    'idempotency-key': 'stripe-node-retry-c7b408e1-18d6-4662-af46-ae76944aafc5',\r","metadata":{"emulator":{"name":"functions"},"function":{"name":"us-central1-api"},"extension":{},"message":"\u001b[90m> \u001b[39m     'idempotency-key': 'stripe-node-retry-c7b408e1-18d6-4662-af46-ae76944aafc5',\r"}}
[info] >      'original-request': 'req_M63LxdfCJakhkM', {"user":"    'original-request': 'req_M63LxdfCJakhkM',\r","metadata":{"emulator":{"name":"functions"},"function":{"name":"us-central1-api"},"extension":{},"message":"\u001b[90m> \u001b[39m     'original-request': 'req_M63LxdfCJakhkM',\r"}}
[info] >      'report-to': '{"group":"coop","max_age":8640,"endpoints":[{"url":"https://q.stripe.com/coop-report"}],"include_subdomains":true}', {"user":"    'report-to': '{\"group\":\"coop\",\"max_age\":8640,\"endpoints\":[{\"url\":\"https://q.stripe.com/coop-report\"}],\"include_subdomains\":true}',\r","metadata":{"emulator":{"name":"functions"},"function":{"name":"us-central1-api"},"extension":{},"message":"\u001b[90m> \u001b[39m     'report-to': '{\"group\":\"coop\",\"max_age\":8640,\"endpoints\":[{\"url\":\"https://q.stripe.com/coop-report\"}],\"include_subdomains\":true}',\r"}}
[info] >      'reporting-endpoints': 'coop="https://q.stripe.com/coop-report"', {"user":"    'reporting-endpoints': 'coop=\"https://q.stripe.com/coop-report\"',\r","metadata":{"emulator":{"name":"functions"},"function":{"name":"us-central1-api"},"extension":{},"message":"\u001b[90m> \u001b[39m     'reporting-endpoints': 'coop=\"https://q.stripe.com/coop-report\"',\r"}}
[info] >      'request-id': 'req_M63LxdfCJakhkM', {"user":"    'request-id': 'req_M63LxdfCJakhkM',\r","metadata":{"emulator":{"name":"functions"},"function":{"name":"us-central1-api"},"extension":{},"message":"\u001b[90m> \u001b[39m     'request-id': 'req_M63LxdfCJakhkM',\r"}}
[info] >      'stripe-version': '2024-12-18.acacia', {"user":"    'stripe-version': '2024-12-18.acacia',\r","metadata":{"emulator":{"name":"functions"},"function":{"name":"us-central1-api"},"extension":{},"message":"\u001b[90m> \u001b[39m     'stripe-version': '2024-12-18.acacia',\r"}}
[info] >      vary: 'Origin', {"user":"    vary: 'Origin',\r","metadata":{"emulator":{"name":"functions"},"function":{"name":"us-central1-api"},"extension":{},"message":"\u001b[90m> \u001b[39m     vary: 'Origin',\r"}}
[info] >      'x-content-type-options': 'nosniff', {"user":"    'x-content-type-options': 'nosniff',\r","metadata":{"emulator":{"name":"functions"},"function":{"name":"us-central1-api"},"extension":{},"message":"\u001b[90m> \u001b[39m     'x-content-type-options': 'nosniff',\r"}}
[info] >      'x-stripe-priority-routing-enabled': 'true', {"user":"    'x-stripe-priority-routing-enabled': 'true',\r","metadata":{"emulator":{"name":"functions"},"function":{"name":"us-central1-api"},"extension":{},"message":"\u001b[90m> \u001b[39m     'x-stripe-priority-routing-enabled': 'true',\r"}}
[info] >      'x-stripe-routing-context-priority-tier': 'api-testmode', {"user":"    'x-stripe-routing-context-priority-tier': 'api-testmode',\r","metadata":{"emulator":{"name":"functions"},"function":{"name":"us-central1-api"},"extension":{},"message":"\u001b[90m> \u001b[39m     'x-stripe-routing-context-priority-tier': 'api-testmode',\r"}}
[info] >      'x-wc': 'AB', {"user":"    'x-wc': 'AB',\r","metadata":{"emulator":{"name":"functions"},"function":{"name":"us-central1-api"},"extension":{},"message":"\u001b[90m> \u001b[39m     'x-wc': 'AB',\r"}}
[info] >      'strict-transport-security': 'max-age=63072000; includeSubDomains; preload' {"user":"    'strict-transport-security': 'max-age=63072000; includeSubDomains; preload'\r","metadata":{"emulator":{"name":"functions"},"function":{"name":"us-central1-api"},"extension":{},"message":"\u001b[90m> \u001b[39m     'strict-transport-security': 'max-age=63072000; includeSubDomains; preload'\r"}}
[info] >    }, {"user":"  },\r","metadata":{"emulator":{"name":"functions"},"function":{"name":"us-central1-api"},"extension":{},"message":"\u001b[90m> \u001b[39m   },\r"}}
[info] >    requestId: 'req_M63LxdfCJakhkM', {"user":"  requestId: 'req_M63LxdfCJakhkM',\r","metadata":{"emulator":{"name":"functions"},"function":{"name":"us-central1-api"},"extension":{},"message":"\u001b[90m> \u001b[39m   requestId: 'req_M63LxdfCJakhkM',\r"}}
[info] >    statusCode: 400, {"user":"  statusCode: 400,\r","metadata":{"emulator":{"name":"functions"},"function":{"name":"us-central1-api"},"extension":{},"message":"\u001b[90m> \u001b[39m   statusCode: 400,\r"}}
[info] >    userMessage: undefined, {"user":"  userMessage: undefined,\r","metadata":{"emulator":{"name":"functions"},"function":{"name":"us-central1-api"},"extension":{},"message":"\u001b[90m> \u001b[39m   userMessage: undefined,\r"}}
[info] >    charge: undefined, {"user":"  charge: undefined,\r","metadata":{"emulator":{"name":"functions"},"function":{"name":"us-central1-api"},"extension":{},"message":"\u001b[90m> \u001b[39m   charge: undefined,\r"}}
[info] >    decline_code: undefined, {"user":"  decline_code: undefined,\r","metadata":{"emulator":{"name":"functions"},"function":{"name":"us-central1-api"},"extension":{},"message":"\u001b[90m> \u001b[39m   decline_code: undefined,\r"}}
[info] >    payment_intent: undefined, {"user":"  payment_intent: undefined,\r","metadata":{"emulator":{"name":"functions"},"function":{"name":"us-central1-api"},"extension":{},"message":"\u001b[90m> \u001b[39m   payment_intent: undefined,\r"}}
[info] >    payment_method: undefined, {"user":"  payment_method: undefined,\r","metadata":{"emulator":{"name":"functions"},"function":{"name":"us-central1-api"},"extension":{},"message":"\u001b[90m> \u001b[39m   payment_method: undefined,\r"}}
[info] >    payment_method_type: undefined, {"user":"  payment_method_type: undefined,\r","metadata":{"emulator":{"name":"functions"},"function":{"name":"us-central1-api"},"extension":{},"message":"\u001b[90m> \u001b[39m   payment_method_type: undefined,\r"}}
[info] >    setup_intent: undefined, {"user":"  setup_intent: undefined,\r","metadata":{"emulator":{"name":"functions"},"function":{"name":"us-central1-api"},"extension":{},"message":"\u001b[90m> \u001b[39m   setup_intent: undefined,\r"}}
[info] >    source: undefined {"user":"  source: undefined\r","metadata":{"emulator":{"name":"functions"},"function":{"name":"us-central1-api"},"extension":{},"message":"\u001b[90m> \u001b[39m   source: undefined\r"}}
[info] >  } {"user":"}\r","metadata":{"emulator":{"name":"functions"},"function":{"name":"us-central1-api"},"extension":{},"message":"\u001b[90m> \u001b[39m }\r"}}
[info] >   {"user":"\r","metadata":{"emulator":{"name":"functions"},"function":{"name":"us-central1-api"},"extension":{},"message":"\u001b[90m> \u001b[39m \r"}}
[info] >  Node.js v22.4.1 {"user":"Node.js v22.4.1\r","metadata":{"emulator":{"name":"functions"},"function":{"name":"us-central1-api"},"extension":{},"message":"\u001b[90m> \u001b[39m Node.js v22.4.1\r"}}
[error] i  Request to function failed: Error: socket hang up {"metadata":{"emulator":{"name":"functions"},"function":{"name":"us-central1-api"},"extension":{},"message":"Request to function failed: Error: socket hang up"}}
[debug] [2025-01-24T10:35:02.545Z] Error: kill EPERM
    at ChildProcess.kill (node:internal/child_process:512:26)
    at ClientRequest.<anonymous> (C:\Users\JEFRINA A P\AppData\Roaming\npm\node_modules\firebase-tools\lib\emulator\functionsRuntimeWorker.js:142:38)
    at ClientRequest.emit (node:events:520:28)
    at ClientRequest.emit (node:domain:488:12)
    at Socket.socketOnEnd (node:_http_client:526:9)
    at Socket.emit (node:events:532:35)
    at Socket.emit (node:domain:488:12)
    at endReadableNT (node:internal/streams/readable:1696:12)
    at process.processTicksAndRejections (node:internal/process/task_queues:82:21)
[error] 
[error] Error: An unexpected error has occurred.
[debug] [2025-01-24T10:35:02.551Z] [worker-us-central1-api-fc6dfccd-b863-496d-9633-9a47f35aebb2]: exited {"metadata":{"emulator":{"name":"functions"},"function":{"name":"us-central1-api"},"extension":{},"message":"[worker-us-central1-api-fc6dfccd-b863-496d-9633-9a47f35aebb2]: exited"}}
[debug] [2025-01-24T10:35:02.551Z] [worker-us-central1-api-fc6dfccd-b863-496d-9633-9a47f35aebb2]: FINISHED {"metadata":{"emulator":{"name":"functions"},"function":{"name":"us-central1-api"},"extension":{},"message":"[worker-us-central1-api-fc6dfccd-b863-496d-9633-9a47f35aebb2]: FINISHED"}}
[debug] [2025-01-24T10:36:25.972Z] ----------------------------------------------------------------------
[debug] [2025-01-24T10:36:25.974Z] Command:       C:\Program Files\nodejs\node.exe C:\Users\JEFRINA A P\AppData\Roaming\npm\node_modules\firebase-tools\lib\bin\firebase.js emulators:start
[debug] [2025-01-24T10:36:25.975Z] CLI Version:   13.29.1
[debug] [2025-01-24T10:36:25.975Z] Platform:      win32
[debug] [2025-01-24T10:36:25.975Z] Node Version:  v22.4.1
[debug] [2025-01-24T10:36:25.975Z] Time:          Fri Jan 24 2025 16:06:25 GMT+0530 (India Standard Time)
[debug] [2025-01-24T10:36:25.975Z] ----------------------------------------------------------------------
[debug] 
[debug] [2025-01-24T10:36:26.081Z] > command requires scopes: ["email","openid","https://www.googleapis.com/auth/cloudplatformprojects.readonly","https://www.googleapis.com/auth/firebase","https://www.googleapis.com/auth/cloud-platform"]
[debug] [2025-01-24T10:36:26.081Z] > authorizing via signed-in user (apjefrina123@gmail.com)
[info] i  emulators: Starting emulators: functions, hosting, extensions {"metadata":{"emulator":{"name":"hub"},"message":"Starting emulators: functions, hosting, extensions"}}
[debug] [2025-01-24T10:36:26.085Z] Checked if tokens are valid: true, expires at: 1737716758347
[debug] [2025-01-24T10:36:26.085Z] Checked if tokens are valid: true, expires at: 1737716758347
[debug] [2025-01-24T10:36:26.086Z] >>> [apiv2][query] GET https://cloudresourcemanager.googleapis.com/v1/projects/clone-1cd78 [none]
[debug] [2025-01-24T10:36:28.012Z] <<< [apiv2][status] GET https://cloudresourcemanager.googleapis.com/v1/projects/clone-1cd78 200
[debug] [2025-01-24T10:36:28.012Z] <<< [apiv2][body] GET https://cloudresourcemanager.googleapis.com/v1/projects/clone-1cd78 {"projectNumber":"319218318016","projectId":"clone-1cd78","lifecycleState":"ACTIVE","name":"amazon-clone","labels":{"firebase":"enabled","firebase-core":"disabled"},"createTime":"2025-01-01T18:38:52.353004Z"}
[debug] [2025-01-24T10:36:28.028Z] [logging] Logging Emulator only supports listening on one address (127.0.0.1). Not listening on ::1
[debug] [2025-01-24T10:36:28.028Z] [hosting] Hosting Emulator only supports listening on one address (127.0.0.1). Not listening on ::1
[debug] [2025-01-24T10:36:28.029Z] assigned listening specs for emulators {"user":{"hub":[{"address":"127.0.0.1","family":"IPv4","port":4400},{"address":"::1","family":"IPv6","port":4400}],"ui":[{"address":"127.0.0.1","family":"IPv4","port":4000},{"address":"::1","family":"IPv6","port":4000}],"logging":[{"address":"127.0.0.1","family":"IPv4","port":4500}],"hosting":[{"address":"127.0.0.1","family":"IPv4","port":5000}]},"metadata":{"message":"assigned listening specs for emulators"}}
[warn] !  emulators: It seems that you are running multiple instances of the emulator suite for project clone-1cd78. This may result in unexpected behavior. 
[debug] [2025-01-24T10:36:28.038Z] [hub] writing locator at C:\Users\JEFRIN~1\AppData\Local\Temp\hub-clone-1cd78.json
[debug] [2025-01-24T10:36:28.050Z] [Extensions] Started Extensions emulator, this is a noop.
[debug] [2025-01-24T10:36:28.057Z] [functions] Functions Emulator only supports listening on one address (127.0.0.1). Not listening on ::1
[debug] [2025-01-24T10:36:28.057Z] [eventarc] Eventarc Emulator only supports listening on one address (127.0.0.1). Not listening on ::1
[debug] [2025-01-24T10:36:28.058Z] [tasks] Cloud Tasks Emulator only supports listening on one address (127.0.0.1). Not listening on ::1
[debug] [2025-01-24T10:36:28.058Z] late-assigned ports for functions and eventarc emulators {"user":{"hub":[{"address":"127.0.0.1","family":"IPv4","port":4400},{"address":"::1","family":"IPv6","port":4400}],"ui":[{"address":"127.0.0.1","family":"IPv4","port":4000},{"address":"::1","family":"IPv6","port":4000}],"logging":[{"address":"127.0.0.1","family":"IPv4","port":4500}],"hosting":[{"address":"127.0.0.1","family":"IPv4","port":5000}],"functions":[{"address":"127.0.0.1","family":"IPv4","port":5001}],"eventarc":[{"address":"127.0.0.1","family":"IPv4","port":9299}],"tasks":[{"address":"127.0.0.1","family":"IPv4","port":9499}]},"metadata":{"message":"late-assigned ports for functions and eventarc emulators"}}
[warn] !  functions: The following emulators are not running, calls to these services from the Functions emulator will affect production: apphosting, auth, firestore, database, pubsub, storage, dataconnect {"metadata":{"emulator":{"name":"functions"},"message":"The following emulators are not running, calls to these services from the Functions emulator will affect production: \u001b[1mapphosting, auth, firestore, database, pubsub, storage, dataconnect\u001b[22m"}}
[debug] [2025-01-24T10:36:28.062Z] defaultcredentials: writing to file C:\Users\JEFRINA A P\AppData\Roaming\firebase\apjefrina123_gmail_com_application_default_credentials.json
[debug] [2025-01-24T10:36:28.065Z] Setting GAC to C:\Users\JEFRINA A P\AppData\Roaming\firebase\apjefrina123_gmail_com_application_default_credentials.json {"metadata":{"emulator":{"name":"functions"},"message":"Setting GAC to C:\\Users\\JEFRINA A P\\AppData\\Roaming\\firebase\\apjefrina123_gmail_com_application_default_credentials.json"}}
[debug] [2025-01-24T10:36:28.065Z] Checked if tokens are valid: true, expires at: 1737716758347
[debug] [2025-01-24T10:36:28.065Z] Checked if tokens are valid: true, expires at: 1737716758347
[debug] [2025-01-24T10:36:28.065Z] >>> [apiv2][query] GET https://firebase.googleapis.com/v1beta1/projects/clone-1cd78/adminSdkConfig [none]
[debug] [2025-01-24T10:36:28.622Z] <<< [apiv2][status] GET https://firebase.googleapis.com/v1beta1/projects/clone-1cd78/adminSdkConfig 200
[debug] [2025-01-24T10:36:28.623Z] <<< [apiv2][body] GET https://firebase.googleapis.com/v1beta1/projects/clone-1cd78/adminSdkConfig {"projectId":"clone-1cd78","storageBucket":"clone-1cd78.firebasestorage.app"}
[debug] [2025-01-24T10:36:28.645Z] Checked if tokens are valid: true, expires at: 1737716758347
[debug] [2025-01-24T10:36:28.645Z] Checked if tokens are valid: true, expires at: 1737716758347
[debug] [2025-01-24T10:36:28.646Z] >>> [apiv2][query] GET https://firebasehosting.googleapis.com/v1beta1/projects/clone-1cd78/sites 
[debug] [2025-01-24T10:36:29.728Z] <<< [apiv2][status] GET https://firebasehosting.googleapis.com/v1beta1/projects/clone-1cd78/sites 200
[debug] [2025-01-24T10:36:29.728Z] <<< [apiv2][body] GET https://firebasehosting.googleapis.com/v1beta1/projects/clone-1cd78/sites {"sites":[{"name":"projects/clone-1cd78/sites/clone-1cd78","defaultUrl":"https://clone-1cd78.web.app","appId":"1:319218318016:web:a50fe2d182f59a20dd0b25","type":"DEFAULT_SITE"}]}
[debug] [2025-01-24T10:36:29.729Z] Checked if tokens are valid: true, expires at: 1737716758347
[debug] [2025-01-24T10:36:29.729Z] Checked if tokens are valid: true, expires at: 1737716758347
[debug] [2025-01-24T10:36:29.729Z] >>> [apiv2][query] GET https://firebase.googleapis.com/v1beta1/projects/clone-1cd78/webApps/1:319218318016:web:a50fe2d182f59a20dd0b25/config [none]
[debug] [2025-01-24T10:36:30.599Z] <<< [apiv2][status] GET https://firebase.googleapis.com/v1beta1/projects/clone-1cd78/webApps/1:319218318016:web:a50fe2d182f59a20dd0b25/config 200
[debug] [2025-01-24T10:36:30.599Z] <<< [apiv2][body] GET https://firebase.googleapis.com/v1beta1/projects/clone-1cd78/webApps/1:319218318016:web:a50fe2d182f59a20dd0b25/config {"projectId":"clone-1cd78","appId":"1:319218318016:web:a50fe2d182f59a20dd0b25","storageBucket":"clone-1cd78.firebasestorage.app","apiKey":"AIzaSyAWeFnNwa_ZuLSx9KQlPpn1s4SHxVlUXG4","authDomain":"clone-1cd78.firebaseapp.com","messagingSenderId":"319218318016","measurementId":"G-WWEEYN8WRJ"}
[debug] [2025-01-24T10:36:30.607Z] Checked if tokens are valid: true, expires at: 1737716758347
[debug] [2025-01-24T10:36:30.607Z] Checked if tokens are valid: true, expires at: 1737716758347
[debug] [2025-01-24T10:36:30.607Z] >>> [apiv2][query] GET https://firebase.googleapis.com/v1beta1/projects/clone-1cd78 [none]
[debug] [2025-01-24T10:36:30.918Z] <<< [apiv2][status] GET https://firebase.googleapis.com/v1beta1/projects/clone-1cd78 200
[debug] [2025-01-24T10:36:30.919Z] <<< [apiv2][body] GET https://firebase.googleapis.com/v1beta1/projects/clone-1cd78 {"projectId":"clone-1cd78","projectNumber":"319218318016","displayName":"amazon-clone","name":"projects/clone-1cd78","resources":{"hostingSite":"clone-1cd78"},"state":"ACTIVE","etag":"1_42c439ba-bcb2-4904-ba67-84daa21df54a"}
[info] i  hosting[clone-1cd78]: Serving hosting files from: build {"metadata":{"emulator":{"name":"hosting"},"message":"Serving hosting files from: \u001b[1mbuild\u001b[22m"}}
[info] +  hosting[clone-1cd78]: Local server: http://127.0.0.1:5000 {"metadata":{"emulator":{"name":"hosting"},"message":"Local server: \u001b[4m\u001b[1mhttp://127.0.0.1:5000\u001b[22m\u001b[24m"}}
[debug] [2025-01-24T10:36:30.946Z] [Extensions] Connecting Extensions emulator, this is a noop.
[info] i  functions: Watching "C:\Users\JEFRINA A P\Amazon_Clone\amazon\functions" for Cloud Functions... {"metadata":{"emulator":{"name":"functions"},"message":"Watching \"C:\\Users\\JEFRINA A P\\Amazon_Clone\\amazon\\functions\" for Cloud Functions..."}}
[debug] [2025-01-24T10:36:30.956Z] Validating nodejs source
[debug] [2025-01-24T10:36:31.998Z] > [functions] package.json contents: {
  "name": "functions",
  "description": "Cloud Functions for Firebase",
  "scripts": {
    "lint": "eslint .",
    "serve": "firebase emulators:start --only functions",
    "shell": "firebase functions:shell",
    "start": "npm run shell",
    "deploy": "firebase deploy --only functions",
    "logs": "firebase functions:log"
  },
  "engines": {
    "node": "22"
  },
  "main": "index.js",
  "dependencies": {
    "axios": "^1.7.9",
    "cors": "^2.8.5",
    "express": "^4.21.2",
    "firebase-admin": "^12.6.0",
    "firebase-functions": "^6.0.1",
    "stripe": "^17.5.0"
  },
  "devDependencies": {
    "eslint": "^8.15.0",
    "eslint-config-google": "^0.14.0",
    "firebase-functions-test": "^3.1.0"
  },
  "private": true
}
[debug] [2025-01-24T10:36:31.998Z] Building nodejs source
[debug] [2025-01-24T10:36:31.999Z] Failed to find version of module node: reached end of search path C:\Users\JEFRINA A P\Amazon_Clone\amazon\functions\node_modules
[info] +  functions: Using node@22 from host. 
[debug] [2025-01-24T10:36:32.002Z] Could not find functions.yaml. Must use http discovery
[debug] [2025-01-24T10:36:32.009Z] Found firebase-functions binary at 'C:\Users\JEFRINA A P\Amazon_Clone\amazon\functions\node_modules\.bin\firebase-functions'
[info] Serving at port 8490

[debug] [2025-01-24T10:36:32.723Z] Got response from /__/functions.yaml {"endpoints":{"api":{"availableMemoryMb":null,"timeoutSeconds":null,"minInstances":null,"maxInstances":null,"ingressSettings":null,"concurrency":null,"serviceAccountEmail":null,"vpc":null,"platform":"gcfv2","labels":{},"httpsTrigger":{},"entryPoint":"api"}},"specVersion":"v1alpha1","requiredAPIs":[],"extensions":{}}
[debug] [2025-01-24T10:36:37.779Z] defaultcredentials: writing to file C:\Users\JEFRINA A P\AppData\Roaming\firebase\apjefrina123_gmail_com_application_default_credentials.json
[debug] [2025-01-24T10:36:37.781Z] Setting GAC to C:\Users\JEFRINA A P\AppData\Roaming\firebase\apjefrina123_gmail_com_application_default_credentials.json {"metadata":{"emulator":{"name":"functions"},"message":"Setting GAC to C:\\Users\\JEFRINA A P\\AppData\\Roaming\\firebase\\apjefrina123_gmail_com_application_default_credentials.json"}}
[info] +  functions: Loaded functions definitions from source: api. {"metadata":{"emulator":{"name":"functions"},"message":"Loaded functions definitions from source: api."}}
[info] +  functions[us-central1-api]: http function initialized (http://127.0.0.1:5001/clone-1cd78/us-central1/api). {"metadata":{"emulator":{"name":"functions"},"message":"\u001b[1mhttp\u001b[22m function initialized (http://127.0.0.1:5001/clone-1cd78/us-central1/api)."}}
[debug] [2025-01-24T10:36:37.794Z] Could not find VSCode notification endpoint: FetchError: request to http://localhost:40001/vscode/notify failed, reason: . If you are not running the Firebase Data Connect VSCode extension, this is expected and not an issue.
[info] 
┌─────────────────────────────────────────────────────────────┐
│ ✔  All emulators ready! It is now safe to connect your app. │
│ i  View Emulator UI at http://127.0.0.1:4000/               │
└─────────────────────────────────────────────────────────────┘

┌────────────┬────────────────┬──────────────────────────────────┐
│ Emulator   │ Host:Port      │ View in Emulator UI              │
├────────────┼────────────────┼──────────────────────────────────┤
│ Functions  │ 127.0.0.1:5001 │ http://127.0.0.1:4000/functions  │
├────────────┼────────────────┼──────────────────────────────────┤
│ Hosting    │ 127.0.0.1:5000 │ n/a                              │
├────────────┼────────────────┼──────────────────────────────────┤
│ Extensions │ 127.0.0.1:5001 │ http://127.0.0.1:4000/extensions │
└────────────┴────────────────┴──────────────────────────────────┘
  Emulator Hub running at 127.0.0.1:4400
  Other reserved ports: 4500
┌─────────────────────────┬───────────────┬─────────────────────┐
│ Extension Instance Name │ Extension Ref │ View in Emulator UI │
└─────────────────────────┴───────────────┴─────────────────────┘
Issues? Report them at https://github.com/firebase/firebase-tools/issues and attach the *-debug.log files.
 
[debug] [2025-01-24T10:36:51.703Z] [work-queue] {"queuedWork":["/clone-1cd78/us-central1/api-2025-01-24T10:36:51.703Z"],"queueLength":1,"runningWork":[],"workRunningCount":0}
[debug] [2025-01-24T10:36:51.703Z] [work-queue] {"queuedWork":[],"queueLength":0,"runningWork":["/clone-1cd78/us-central1/api-2025-01-24T10:36:51.703Z"],"workRunningCount":1}
[debug] [2025-01-24T10:36:51.703Z] Accepted request GET /clone-1cd78/us-central1/api --> us-central1-api
[debug] [2025-01-24T10:36:51.706Z] [functions] Runtime ready! Sending request! {"metadata":{"emulator":{"name":"functions"},"message":"[functions] Runtime ready! Sending request!"}}
[debug] [2025-01-24T10:36:51.706Z] [functions] Got req.url=/clone-1cd78/us-central1/api, mapping to path=/ {"metadata":{"emulator":{"name":"functions"},"message":"[functions] Got req.url=/clone-1cd78/us-central1/api, mapping to path=/"}}
[debug] [2025-01-24T10:36:51.734Z] [worker-pool] addWorker(us-central1-api) {"metadata":{"emulator":{"name":"functions"},"message":"[worker-pool] addWorker(us-central1-api)"}}
[debug] [2025-01-24T10:36:51.735Z] [worker-pool] Adding worker with key us-central1-api, total=1 {"metadata":{"emulator":{"name":"functions"},"message":"[worker-pool] Adding worker with key us-central1-api, total=1"}}
[info] >  (node:29572) [DEP0040] DeprecationWarning: The `punycode` module is deprecated. Please use a userland alternative instead. {"user":"(node:29572) [DEP0040] DeprecationWarning: The `punycode` module is deprecated. Please use a userland alternative instead.","metadata":{"emulator":{"name":"functions"},"function":{"name":"us-central1-api"},"extension":{},"message":"\u001b[90m> \u001b[39m (node:29572) [DEP0040] DeprecationWarning: The `punycode` module is deprecated. Please use a userland alternative instead."}}
[info] >  (Use `node --trace-deprecation ...` to show where the warning was created) {"user":"(Use `node --trace-deprecation ...` to show where the warning was created)","metadata":{"emulator":{"name":"functions"},"function":{"name":"us-central1-api"},"extension":{},"message":"\u001b[90m> \u001b[39m (Use `node --trace-deprecation ...` to show where the warning was created)"}}
[debug] [2025-01-24T10:36:53.039Z] [runtime-status] [29572] Resolved module firebase-admin {"declared":true,"installed":true,"version":"12.7.0","resolution":"C:\\Users\\JEFRINA A P\\Amazon_Clone\\amazon\\functions\\node_modules\\firebase-admin\\lib\\index.js"} {"metadata":{"emulator":{"name":"functions"},"function":{"name":"us-central1-api"},"extension":{},"message":"[runtime-status] [29572] Resolved module firebase-admin {\"declared\":true,\"installed\":true,\"version\":\"12.7.0\",\"resolution\":\"C:\\\\Users\\\\JEFRINA A P\\\\Amazon_Clone\\\\amazon\\\\functions\\\\node_modules\\\\firebase-admin\\\\lib\\\\index.js\"}"}}
[debug] [2025-01-24T10:36:53.040Z] [runtime-status] [29572] Resolved module firebase-functions {"declared":true,"installed":true,"version":"6.2.0","resolution":"C:\\Users\\JEFRINA A P\\Amazon_Clone\\amazon\\functions\\node_modules\\firebase-functions\\lib\\v2\\index.js"} {"metadata":{"emulator":{"name":"functions"},"function":{"name":"us-central1-api"},"extension":{},"message":"[runtime-status] [29572] Resolved module firebase-functions {\"declared\":true,\"installed\":true,\"version\":\"6.2.0\",\"resolution\":\"C:\\\\Users\\\\JEFRINA A P\\\\Amazon_Clone\\\\amazon\\\\functions\\\\node_modules\\\\firebase-functions\\\\lib\\\\v2\\\\index.js\"}"}}
[debug] [2025-01-24T10:36:53.041Z] [runtime-status] [29572] Outgoing network have been stubbed. [{"name":"http","status":"mocked"},{"name":"http","status":"mocked"},{"name":"https","status":"mocked"},{"name":"https","status":"mocked"},{"name":"net","status":"mocked"}] {"metadata":{"emulator":{"name":"functions"},"function":{"name":"us-central1-api"},"extension":{},"message":"[runtime-status] [29572] Outgoing network have been stubbed. [{\"name\":\"http\",\"status\":\"mocked\"},{\"name\":\"http\",\"status\":\"mocked\"},{\"name\":\"https\",\"status\":\"mocked\"},{\"name\":\"https\",\"status\":\"mocked\"},{\"name\":\"net\",\"status\":\"mocked\"}]"}}
[debug] [2025-01-24T10:36:53.041Z] [runtime-status] [29572] Resolved module firebase-functions {"declared":true,"installed":true,"version":"6.2.0","resolution":"C:\\Users\\JEFRINA A P\\Amazon_Clone\\amazon\\functions\\node_modules\\firebase-functions\\lib\\v2\\index.js"} {"metadata":{"emulator":{"name":"functions"},"function":{"name":"us-central1-api"},"extension":{},"message":"[runtime-status] [29572] Resolved module firebase-functions {\"declared\":true,\"installed\":true,\"version\":\"6.2.0\",\"resolution\":\"C:\\\\Users\\\\JEFRINA A P\\\\Amazon_Clone\\\\amazon\\\\functions\\\\node_modules\\\\firebase-functions\\\\lib\\\\v2\\\\index.js\"}"}}
[debug] [2025-01-24T10:36:53.345Z] [runtime-status] [29572] Checked functions.config() {"config":{}} {"metadata":{"emulator":{"name":"functions"},"function":{"name":"us-central1-api"},"extension":{},"message":"[runtime-status] [29572] Checked functions.config() {\"config\":{}}"}}
[debug] [2025-01-24T10:36:53.346Z] [runtime-status] [29572] firebase-functions has been stubbed. {"functionsResolution":{"declared":true,"installed":true,"version":"6.2.0","resolution":"C:\\Users\\JEFRINA A P\\Amazon_Clone\\amazon\\functions\\node_modules\\firebase-functions\\lib\\v2\\index.js"}} {"metadata":{"emulator":{"name":"functions"},"function":{"name":"us-central1-api"},"extension":{},"message":"[runtime-status] [29572] firebase-functions has been stubbed. {\"functionsResolution\":{\"declared\":true,\"installed\":true,\"version\":\"6.2.0\",\"resolution\":\"C:\\\\Users\\\\JEFRINA A P\\\\Amazon_Clone\\\\amazon\\\\functions\\\\node_modules\\\\firebase-functions\\\\lib\\\\v2\\\\index.js\"}}"}}
[debug] [2025-01-24T10:36:53.346Z] [runtime-status] [29572] Resolved module firebase-functions {"declared":true,"installed":true,"version":"6.2.0","resolution":"C:\\Users\\JEFRINA A P\\Amazon_Clone\\amazon\\functions\\node_modules\\firebase-functions\\lib\\v2\\index.js"} {"metadata":{"emulator":{"name":"functions"},"function":{"name":"us-central1-api"},"extension":{},"message":"[runtime-status] [29572] Resolved module firebase-functions {\"declared\":true,\"installed\":true,\"version\":\"6.2.0\",\"resolution\":\"C:\\\\Users\\\\JEFRINA A P\\\\Amazon_Clone\\\\amazon\\\\functions\\\\node_modules\\\\firebase-functions\\\\lib\\\\v2\\\\index.js\"}"}}
[debug] [2025-01-24T10:36:53.351Z] [runtime-status] [29572] Resolved module firebase-admin {"declared":true,"installed":true,"version":"12.7.0","resolution":"C:\\Users\\JEFRINA A P\\Amazon_Clone\\amazon\\functions\\node_modules\\firebase-admin\\lib\\index.js"} {"metadata":{"emulator":{"name":"functions"},"function":{"name":"us-central1-api"},"extension":{},"message":"[runtime-status] [29572] Resolved module firebase-admin {\"declared\":true,\"installed\":true,\"version\":\"12.7.0\",\"resolution\":\"C:\\\\Users\\\\JEFRINA A P\\\\Amazon_Clone\\\\amazon\\\\functions\\\\node_modules\\\\firebase-admin\\\\lib\\\\index.js\"}"}}
[debug] [2025-01-24T10:36:53.353Z] [runtime-status] [29572] Resolved module firebase-functions {"declared":true,"installed":true,"version":"6.2.0","resolution":"C:\\Users\\JEFRINA A P\\Amazon_Clone\\amazon\\functions\\node_modules\\firebase-functions\\lib\\v2\\index.js"} {"metadata":{"emulator":{"name":"functions"},"function":{"name":"us-central1-api"},"extension":{},"message":"[runtime-status] [29572] Resolved module firebase-functions {\"declared\":true,\"installed\":true,\"version\":\"6.2.0\",\"resolution\":\"C:\\\\Users\\\\JEFRINA A P\\\\Amazon_Clone\\\\amazon\\\\functions\\\\node_modules\\\\firebase-functions\\\\lib\\\\v2\\\\index.js\"}"}}
[debug] [2025-01-24T10:36:53.354Z] [runtime-status] [29572] firebase-admin has been stubbed. {"adminResolution":{"declared":true,"installed":true,"version":"12.7.0","resolution":"C:\\Users\\JEFRINA A P\\Amazon_Clone\\amazon\\functions\\node_modules\\firebase-admin\\lib\\index.js"}} {"metadata":{"emulator":{"name":"functions"},"function":{"name":"us-central1-api"},"extension":{},"message":"[runtime-status] [29572] firebase-admin has been stubbed. {\"adminResolution\":{\"declared\":true,\"installed\":true,\"version\":\"12.7.0\",\"resolution\":\"C:\\\\Users\\\\JEFRINA A P\\\\Amazon_Clone\\\\amazon\\\\functions\\\\node_modules\\\\firebase-admin\\\\lib\\\\index.js\"}}"}}
[debug] [2025-01-24T10:36:53.543Z] [runtime-status] [29572] Functions runtime initialized. {"cwd":"C:\\Users\\JEFRINA A P\\Amazon_Clone\\amazon\\functions","node_version":"22.4.1"} {"metadata":{"emulator":{"name":"functions"},"function":{"name":"us-central1-api"},"extension":{},"message":"[runtime-status] [29572] Functions runtime initialized. {\"cwd\":\"C:\\\\Users\\\\JEFRINA A P\\\\Amazon_Clone\\\\amazon\\\\functions\",\"node_version\":\"22.4.1\"}"}}
[debug] [2025-01-24T10:36:53.543Z] [runtime-status] [29572] Listening to port: \\?\pipe\fire_emu_82b7ee27235115c6 {"metadata":{"emulator":{"name":"functions"},"function":{"name":"us-central1-api"},"extension":{},"message":"[runtime-status] [29572] Listening to port: \\\\?\\pipe\\fire_emu_82b7ee27235115c6"}}
[debug] [2025-01-24T10:36:53.568Z] [worker-us-central1-api-267a1360-2bae-4e55-8716-ed0b57017aaa]: IDLE {"metadata":{"emulator":{"name":"functions"},"function":{"name":"us-central1-api"},"extension":{},"message":"[worker-us-central1-api-267a1360-2bae-4e55-8716-ed0b57017aaa]: IDLE"}}
[debug] [2025-01-24T10:36:53.568Z] [worker-pool] submitRequest(triggerId=us-central1-api) {"metadata":{"emulator":{"name":"functions"},"message":"[worker-pool] submitRequest(triggerId=us-central1-api)"}}
[info] i  functions: Beginning execution of "us-central1-api" {"metadata":{"emulator":{"name":"functions"},"function":{"name":"us-central1-api"},"extension":{},"message":"Beginning execution of \"us-central1-api\""}}
[debug] [2025-01-24T10:36:53.569Z] [worker-us-central1-api-267a1360-2bae-4e55-8716-ed0b57017aaa]: BUSY {"metadata":{"emulator":{"name":"functions"},"function":{"name":"us-central1-api"},"extension":{},"message":"[worker-us-central1-api-267a1360-2bae-4e55-8716-ed0b57017aaa]: BUSY"}}
[debug] [2025-01-24T10:36:53.574Z] Finishing up request with event=pause {"metadata":{"emulator":{"name":"functions"},"function":{"name":"us-central1-api"},"extension":{},"message":"Finishing up request with event=pause"}}
[info] i  functions: Finished "us-central1-api" in 4.654ms {"metadata":{"emulator":{"name":"functions"},"function":{"name":"us-central1-api"},"extension":{},"message":"Finished \"us-central1-api\" in 4.654ms"}}
[debug] [2025-01-24T10:36:53.574Z] [worker-us-central1-api-267a1360-2bae-4e55-8716-ed0b57017aaa]: IDLE {"metadata":{"emulator":{"name":"functions"},"function":{"name":"us-central1-api"},"extension":{},"message":"[worker-us-central1-api-267a1360-2bae-4e55-8716-ed0b57017aaa]: IDLE"}}
[debug] [2025-01-24T10:36:53.574Z] Finishing up request with event=finish {"metadata":{"emulator":{"name":"functions"},"function":{"name":"us-central1-api"},"extension":{},"message":"Finishing up request with event=finish"}}
[debug] [2025-01-24T10:36:53.575Z] Finishing up request with event=close {"metadata":{"emulator":{"name":"functions"},"function":{"name":"us-central1-api"},"extension":{},"message":"Finishing up request with event=close"}}
[debug] [2025-01-24T10:36:53.575Z] [work-queue] {"queuedWork":[],"queueLength":0,"runningWork":[],"workRunningCount":0}
[debug] [2025-01-24T10:37:04.757Z] [work-queue] {"queuedWork":["/clone-1cd78/us-central1/api/payments/create-2025-01-24T10:37:04.757Z"],"queueLength":1,"runningWork":[],"workRunningCount":0}
[debug] [2025-01-24T10:37:04.758Z] [work-queue] {"queuedWork":[],"queueLength":0,"runningWork":["/clone-1cd78/us-central1/api/payments/create-2025-01-24T10:37:04.757Z"],"workRunningCount":1}
[debug] [2025-01-24T10:37:04.758Z] Accepted request POST /clone-1cd78/us-central1/api/payments/create?total=242400 --> us-central1-api
[debug] [2025-01-24T10:37:04.760Z] [functions] Runtime ready! Sending request! {"metadata":{"emulator":{"name":"functions"},"message":"[functions] Runtime ready! Sending request!"}}
[debug] [2025-01-24T10:37:04.761Z] [functions] Got req.url=/clone-1cd78/us-central1/api/payments/create?total=242400, mapping to path=/payments/create?total=242400 {"metadata":{"emulator":{"name":"functions"},"message":"[functions] Got req.url=/clone-1cd78/us-central1/api/payments/create?total=242400, mapping to path=/payments/create?total=242400"}}
[debug] [2025-01-24T10:37:04.761Z] [worker-pool] submitRequest(triggerId=us-central1-api) {"metadata":{"emulator":{"name":"functions"},"message":"[worker-pool] submitRequest(triggerId=us-central1-api)"}}
[info] i  functions: Beginning execution of "us-central1-api" {"metadata":{"emulator":{"name":"functions"},"function":{"name":"us-central1-api"},"extension":{},"message":"Beginning execution of \"us-central1-api\""}}
[debug] [2025-01-24T10:37:04.762Z] [worker-us-central1-api-267a1360-2bae-4e55-8716-ed0b57017aaa]: BUSY {"metadata":{"emulator":{"name":"functions"},"function":{"name":"us-central1-api"},"extension":{},"message":"[worker-us-central1-api-267a1360-2bae-4e55-8716-ed0b57017aaa]: BUSY"}}
[info] >  Payment Request Received BOOM!!! for amount >>>  242400 {"user":"Payment Request Received BOOM!!! for amount >>>  242400","metadata":{"emulator":{"name":"functions"},"function":{"name":"us-central1-api"},"extension":{},"message":"\u001b[90m> \u001b[39m Payment Request Received BOOM!!! for amount >>>  242400"}}
[debug] [2025-01-24T10:37:04.769Z] [work-queue] {"queuedWork":["/clone-1cd78/us-central1/api/payments/create-2025-01-24T10:37:04.769Z"],"queueLength":1,"runningWork":["/clone-1cd78/us-central1/api/payments/create-2025-01-24T10:37:04.757Z"],"workRunningCount":1}
[debug] [2025-01-24T10:37:04.769Z] [work-queue] {"queuedWork":[],"queueLength":0,"runningWork":["/clone-1cd78/us-central1/api/payments/create-2025-01-24T10:37:04.757Z","/clone-1cd78/us-central1/api/payments/create-2025-01-24T10:37:04.769Z"],"workRunningCount":2}
[debug] [2025-01-24T10:37:04.769Z] Accepted request POST /clone-1cd78/us-central1/api/payments/create?total=242400 --> us-central1-api
[debug] [2025-01-24T10:37:04.771Z] [functions] Runtime ready! Sending request! {"metadata":{"emulator":{"name":"functions"},"message":"[functions] Runtime ready! Sending request!"}}
[debug] [2025-01-24T10:37:04.772Z] [functions] Got req.url=/clone-1cd78/us-central1/api/payments/create?total=242400, mapping to path=/payments/create?total=242400 {"metadata":{"emulator":{"name":"functions"},"message":"[functions] Got req.url=/clone-1cd78/us-central1/api/payments/create?total=242400, mapping to path=/payments/create?total=242400"}}
[debug] [2025-01-24T10:37:04.780Z] [worker-pool] addWorker(us-central1-api) {"metadata":{"emulator":{"name":"functions"},"message":"[worker-pool] addWorker(us-central1-api)"}}
[debug] [2025-01-24T10:37:04.780Z] [worker-pool] Adding worker with key us-central1-api, total=2 {"metadata":{"emulator":{"name":"functions"},"message":"[worker-pool] Adding worker with key us-central1-api, total=2"}}
[debug] [2025-01-24T10:37:05.610Z] Finishing up request with event=pause {"metadata":{"emulator":{"name":"functions"},"function":{"name":"us-central1-api"},"extension":{},"message":"Finishing up request with event=pause"}}
[info] i  functions: Finished "us-central1-api" in 848.4483ms {"metadata":{"emulator":{"name":"functions"},"function":{"name":"us-central1-api"},"extension":{},"message":"Finished \"us-central1-api\" in 848.4483ms"}}
[debug] [2025-01-24T10:37:05.611Z] [worker-us-central1-api-267a1360-2bae-4e55-8716-ed0b57017aaa]: IDLE {"metadata":{"emulator":{"name":"functions"},"function":{"name":"us-central1-api"},"extension":{},"message":"[worker-us-central1-api-267a1360-2bae-4e55-8716-ed0b57017aaa]: IDLE"}}
[debug] [2025-01-24T10:37:05.611Z] Finishing up request with event=finish {"metadata":{"emulator":{"name":"functions"},"function":{"name":"us-central1-api"},"extension":{},"message":"Finishing up request with event=finish"}}
[debug] [2025-01-24T10:37:05.611Z] Finishing up request with event=close {"metadata":{"emulator":{"name":"functions"},"function":{"name":"us-central1-api"},"extension":{},"message":"Finishing up request with event=close"}}
[debug] [2025-01-24T10:37:05.611Z] [work-queue] {"queuedWork":[],"queueLength":0,"runningWork":["/clone-1cd78/us-central1/api/payments/create-2025-01-24T10:37:04.769Z"],"workRunningCount":1}
[info] >  (node:16908) [DEP0040] DeprecationWarning: The `punycode` module is deprecated. Please use a userland alternative instead. {"user":"(node:16908) [DEP0040] DeprecationWarning: The `punycode` module is deprecated. Please use a userland alternative instead.","metadata":{"emulator":{"name":"functions"},"function":{"name":"us-central1-api"},"extension":{},"message":"\u001b[90m> \u001b[39m (node:16908) [DEP0040] DeprecationWarning: The `punycode` module is deprecated. Please use a userland alternative instead."}}
[info] >  (Use `node --trace-deprecation ...` to show where the warning was created) {"user":"(Use `node --trace-deprecation ...` to show where the warning was created)","metadata":{"emulator":{"name":"functions"},"function":{"name":"us-central1-api"},"extension":{},"message":"\u001b[90m> \u001b[39m (Use `node --trace-deprecation ...` to show where the warning was created)"}}
[debug] [2025-01-24T10:37:06.372Z] [runtime-status] [16908] Resolved module firebase-admin {"declared":true,"installed":true,"version":"12.7.0","resolution":"C:\\Users\\JEFRINA A P\\Amazon_Clone\\amazon\\functions\\node_modules\\firebase-admin\\lib\\index.js"} {"metadata":{"emulator":{"name":"functions"},"function":{"name":"us-central1-api"},"extension":{},"message":"[runtime-status] [16908] Resolved module firebase-admin {\"declared\":true,\"installed\":true,\"version\":\"12.7.0\",\"resolution\":\"C:\\\\Users\\\\JEFRINA A P\\\\Amazon_Clone\\\\amazon\\\\functions\\\\node_modules\\\\firebase-admin\\\\lib\\\\index.js\"}"}}
[debug] [2025-01-24T10:37:06.374Z] [runtime-status] [16908] Resolved module firebase-functions {"declared":true,"installed":true,"version":"6.2.0","resolution":"C:\\Users\\JEFRINA A P\\Amazon_Clone\\amazon\\functions\\node_modules\\firebase-functions\\lib\\v2\\index.js"} {"metadata":{"emulator":{"name":"functions"},"function":{"name":"us-central1-api"},"extension":{},"message":"[runtime-status] [16908] Resolved module firebase-functions {\"declared\":true,\"installed\":true,\"version\":\"6.2.0\",\"resolution\":\"C:\\\\Users\\\\JEFRINA A P\\\\Amazon_Clone\\\\amazon\\\\functions\\\\node_modules\\\\firebase-functions\\\\lib\\\\v2\\\\index.js\"}"}}
[debug] [2025-01-24T10:37:06.375Z] [runtime-status] [16908] Outgoing network have been stubbed. [{"name":"http","status":"mocked"},{"name":"http","status":"mocked"},{"name":"https","status":"mocked"},{"name":"https","status":"mocked"},{"name":"net","status":"mocked"}] {"metadata":{"emulator":{"name":"functions"},"function":{"name":"us-central1-api"},"extension":{},"message":"[runtime-status] [16908] Outgoing network have been stubbed. [{\"name\":\"http\",\"status\":\"mocked\"},{\"name\":\"http\",\"status\":\"mocked\"},{\"name\":\"https\",\"status\":\"mocked\"},{\"name\":\"https\",\"status\":\"mocked\"},{\"name\":\"net\",\"status\":\"mocked\"}]"}}
[debug] [2025-01-24T10:37:06.376Z] [runtime-status] [16908] Resolved module firebase-functions {"declared":true,"installed":true,"version":"6.2.0","resolution":"C:\\Users\\JEFRINA A P\\Amazon_Clone\\amazon\\functions\\node_modules\\firebase-functions\\lib\\v2\\index.js"} {"metadata":{"emulator":{"name":"functions"},"function":{"name":"us-central1-api"},"extension":{},"message":"[runtime-status] [16908] Resolved module firebase-functions {\"declared\":true,\"installed\":true,\"version\":\"6.2.0\",\"resolution\":\"C:\\\\Users\\\\JEFRINA A P\\\\Amazon_Clone\\\\amazon\\\\functions\\\\node_modules\\\\firebase-functions\\\\lib\\\\v2\\\\index.js\"}"}}
[debug] [2025-01-24T10:37:06.792Z] [runtime-status] [16908] Checked functions.config() {"config":{}} {"metadata":{"emulator":{"name":"functions"},"function":{"name":"us-central1-api"},"extension":{},"message":"[runtime-status] [16908] Checked functions.config() {\"config\":{}}"}}
[debug] [2025-01-24T10:37:06.792Z] [runtime-status] [16908] firebase-functions has been stubbed. {"functionsResolution":{"declared":true,"installed":true,"version":"6.2.0","resolution":"C:\\Users\\JEFRINA A P\\Amazon_Clone\\amazon\\functions\\node_modules\\firebase-functions\\lib\\v2\\index.js"}} {"metadata":{"emulator":{"name":"functions"},"function":{"name":"us-central1-api"},"extension":{},"message":"[runtime-status] [16908] firebase-functions has been stubbed. {\"functionsResolution\":{\"declared\":true,\"installed\":true,\"version\":\"6.2.0\",\"resolution\":\"C:\\\\Users\\\\JEFRINA A P\\\\Amazon_Clone\\\\amazon\\\\functions\\\\node_modules\\\\firebase-functions\\\\lib\\\\v2\\\\index.js\"}}"}}
[debug] [2025-01-24T10:37:06.793Z] [runtime-status] [16908] Resolved module firebase-functions {"declared":true,"installed":true,"version":"6.2.0","resolution":"C:\\Users\\JEFRINA A P\\Amazon_Clone\\amazon\\functions\\node_modules\\firebase-functions\\lib\\v2\\index.js"} {"metadata":{"emulator":{"name":"functions"},"function":{"name":"us-central1-api"},"extension":{},"message":"[runtime-status] [16908] Resolved module firebase-functions {\"declared\":true,\"installed\":true,\"version\":\"6.2.0\",\"resolution\":\"C:\\\\Users\\\\JEFRINA A P\\\\Amazon_Clone\\\\amazon\\\\functions\\\\node_modules\\\\firebase-functions\\\\lib\\\\v2\\\\index.js\"}"}}
[debug] [2025-01-24T10:37:06.799Z] [runtime-status] [16908] Resolved module firebase-admin {"declared":true,"installed":true,"version":"12.7.0","resolution":"C:\\Users\\JEFRINA A P\\Amazon_Clone\\amazon\\functions\\node_modules\\firebase-admin\\lib\\index.js"} {"metadata":{"emulator":{"name":"functions"},"function":{"name":"us-central1-api"},"extension":{},"message":"[runtime-status] [16908] Resolved module firebase-admin {\"declared\":true,\"installed\":true,\"version\":\"12.7.0\",\"resolution\":\"C:\\\\Users\\\\JEFRINA A P\\\\Amazon_Clone\\\\amazon\\\\functions\\\\node_modules\\\\firebase-admin\\\\lib\\\\index.js\"}"}}
[debug] [2025-01-24T10:37:06.802Z] [runtime-status] [16908] Resolved module firebase-functions {"declared":true,"installed":true,"version":"6.2.0","resolution":"C:\\Users\\JEFRINA A P\\Amazon_Clone\\amazon\\functions\\node_modules\\firebase-functions\\lib\\v2\\index.js"} {"metadata":{"emulator":{"name":"functions"},"function":{"name":"us-central1-api"},"extension":{},"message":"[runtime-status] [16908] Resolved module firebase-functions {\"declared\":true,\"installed\":true,\"version\":\"6.2.0\",\"resolution\":\"C:\\\\Users\\\\JEFRINA A P\\\\Amazon_Clone\\\\amazon\\\\functions\\\\node_modules\\\\firebase-functions\\\\lib\\\\v2\\\\index.js\"}"}}
[debug] [2025-01-24T10:37:06.802Z] [runtime-status] [16908] firebase-admin has been stubbed. {"adminResolution":{"declared":true,"installed":true,"version":"12.7.0","resolution":"C:\\Users\\JEFRINA A P\\Amazon_Clone\\amazon\\functions\\node_modules\\firebase-admin\\lib\\index.js"}} {"metadata":{"emulator":{"name":"functions"},"function":{"name":"us-central1-api"},"extension":{},"message":"[runtime-status] [16908] firebase-admin has been stubbed. {\"adminResolution\":{\"declared\":true,\"installed\":true,\"version\":\"12.7.0\",\"resolution\":\"C:\\\\Users\\\\JEFRINA A P\\\\Amazon_Clone\\\\amazon\\\\functions\\\\node_modules\\\\firebase-admin\\\\lib\\\\index.js\"}}"}}
[debug] [2025-01-24T10:37:07.077Z] [runtime-status] [16908] Functions runtime initialized. {"cwd":"C:\\Users\\JEFRINA A P\\Amazon_Clone\\amazon\\functions","node_version":"22.4.1"} {"metadata":{"emulator":{"name":"functions"},"function":{"name":"us-central1-api"},"extension":{},"message":"[runtime-status] [16908] Functions runtime initialized. {\"cwd\":\"C:\\\\Users\\\\JEFRINA A P\\\\Amazon_Clone\\\\amazon\\\\functions\",\"node_version\":\"22.4.1\"}"}}
[debug] [2025-01-24T10:37:07.078Z] [runtime-status] [16908] Listening to port: \\?\pipe\fire_emu_9fbaedd6dc58d244 {"metadata":{"emulator":{"name":"functions"},"function":{"name":"us-central1-api"},"extension":{},"message":"[runtime-status] [16908] Listening to port: \\\\?\\pipe\\fire_emu_9fbaedd6dc58d244"}}
[debug] [2025-01-24T10:37:07.172Z] [worker-us-central1-api-4578f245-d376-46a3-9fc7-b96791e05141]: IDLE {"metadata":{"emulator":{"name":"functions"},"function":{"name":"us-central1-api"},"extension":{},"message":"[worker-us-central1-api-4578f245-d376-46a3-9fc7-b96791e05141]: IDLE"}}
[debug] [2025-01-24T10:37:07.172Z] [worker-pool] submitRequest(triggerId=us-central1-api) {"metadata":{"emulator":{"name":"functions"},"message":"[worker-pool] submitRequest(triggerId=us-central1-api)"}}
[info] i  functions: Beginning execution of "us-central1-api" {"metadata":{"emulator":{"name":"functions"},"function":{"name":"us-central1-api"},"extension":{},"message":"Beginning execution of \"us-central1-api\""}}
[debug] [2025-01-24T10:37:07.173Z] [worker-us-central1-api-267a1360-2bae-4e55-8716-ed0b57017aaa]: BUSY {"metadata":{"emulator":{"name":"functions"},"function":{"name":"us-central1-api"},"extension":{},"message":"[worker-us-central1-api-267a1360-2bae-4e55-8716-ed0b57017aaa]: BUSY"}}
[info] >  Payment Request Received BOOM!!! for amount >>>  242400 {"user":"Payment Request Received BOOM!!! for amount >>>  242400","metadata":{"emulator":{"name":"functions"},"function":{"name":"us-central1-api"},"extension":{},"message":"\u001b[90m> \u001b[39m Payment Request Received BOOM!!! for amount >>>  242400"}}
[debug] [2025-01-24T10:37:07.586Z] Finishing up request with event=pause {"metadata":{"emulator":{"name":"functions"},"function":{"name":"us-central1-api"},"extension":{},"message":"Finishing up request with event=pause"}}
[info] i  functions: Finished "us-central1-api" in 413.6072ms {"metadata":{"emulator":{"name":"functions"},"function":{"name":"us-central1-api"},"extension":{},"message":"Finished \"us-central1-api\" in 413.6072ms"}}
[debug] [2025-01-24T10:37:07.588Z] [worker-us-central1-api-267a1360-2bae-4e55-8716-ed0b57017aaa]: IDLE {"metadata":{"emulator":{"name":"functions"},"function":{"name":"us-central1-api"},"extension":{},"message":"[worker-us-central1-api-267a1360-2bae-4e55-8716-ed0b57017aaa]: IDLE"}}
[debug] [2025-01-24T10:37:07.589Z] Finishing up request with event=finish {"metadata":{"emulator":{"name":"functions"},"function":{"name":"us-central1-api"},"extension":{},"message":"Finishing up request with event=finish"}}
[debug] [2025-01-24T10:37:07.589Z] Finishing up request with event=close {"metadata":{"emulator":{"name":"functions"},"function":{"name":"us-central1-api"},"extension":{},"message":"Finishing up request with event=close"}}
[debug] [2025-01-24T10:37:07.589Z] [work-queue] {"queuedWork":[],"queueLength":0,"runningWork":[],"workRunningCount":0}
[debug] [2025-01-24T10:37:09.707Z] [work-queue] {"queuedWork":["/clone-1cd78/us-central1/api/payments/create-2025-01-24T10:37:09.707Z"],"queueLength":1,"runningWork":[],"workRunningCount":0}
[debug] [2025-01-24T10:37:09.708Z] [work-queue] {"queuedWork":[],"queueLength":0,"runningWork":["/clone-1cd78/us-central1/api/payments/create-2025-01-24T10:37:09.707Z"],"workRunningCount":1}
[debug] [2025-01-24T10:37:09.708Z] Accepted request POST /clone-1cd78/us-central1/api/payments/create?total=27500 --> us-central1-api
[debug] [2025-01-24T10:37:09.709Z] [functions] Runtime ready! Sending request! {"metadata":{"emulator":{"name":"functions"},"message":"[functions] Runtime ready! Sending request!"}}
[debug] [2025-01-24T10:37:09.710Z] [functions] Got req.url=/clone-1cd78/us-central1/api/payments/create?total=27500, mapping to path=/payments/create?total=27500 {"metadata":{"emulator":{"name":"functions"},"message":"[functions] Got req.url=/clone-1cd78/us-central1/api/payments/create?total=27500, mapping to path=/payments/create?total=27500"}}
[debug] [2025-01-24T10:37:09.710Z] [worker-pool] submitRequest(triggerId=us-central1-api) {"metadata":{"emulator":{"name":"functions"},"message":"[worker-pool] submitRequest(triggerId=us-central1-api)"}}
[info] i  functions: Beginning execution of "us-central1-api" {"metadata":{"emulator":{"name":"functions"},"function":{"name":"us-central1-api"},"extension":{},"message":"Beginning execution of \"us-central1-api\""}}
[debug] [2025-01-24T10:37:09.712Z] [worker-us-central1-api-267a1360-2bae-4e55-8716-ed0b57017aaa]: BUSY {"metadata":{"emulator":{"name":"functions"},"function":{"name":"us-central1-api"},"extension":{},"message":"[worker-us-central1-api-267a1360-2bae-4e55-8716-ed0b57017aaa]: BUSY"}}
[info] >  Payment Request Received BOOM!!! for amount >>>  27500 {"user":"Payment Request Received BOOM!!! for amount >>>  27500","metadata":{"emulator":{"name":"functions"},"function":{"name":"us-central1-api"},"extension":{},"message":"\u001b[90m> \u001b[39m Payment Request Received BOOM!!! for amount >>>  27500"}}
[debug] [2025-01-24T10:37:10.185Z] Finishing up request with event=pause {"metadata":{"emulator":{"name":"functions"},"function":{"name":"us-central1-api"},"extension":{},"message":"Finishing up request with event=pause"}}
[info] i  functions: Finished "us-central1-api" in 473.4127ms {"metadata":{"emulator":{"name":"functions"},"function":{"name":"us-central1-api"},"extension":{},"message":"Finished \"us-central1-api\" in 473.4127ms"}}
[debug] [2025-01-24T10:37:10.186Z] [worker-us-central1-api-267a1360-2bae-4e55-8716-ed0b57017aaa]: IDLE {"metadata":{"emulator":{"name":"functions"},"function":{"name":"us-central1-api"},"extension":{},"message":"[worker-us-central1-api-267a1360-2bae-4e55-8716-ed0b57017aaa]: IDLE"}}
[debug] [2025-01-24T10:37:10.186Z] Finishing up request with event=finish {"metadata":{"emulator":{"name":"functions"},"function":{"name":"us-central1-api"},"extension":{},"message":"Finishing up request with event=finish"}}
[debug] [2025-01-24T10:37:10.186Z] Finishing up request with event=close {"metadata":{"emulator":{"name":"functions"},"function":{"name":"us-central1-api"},"extension":{},"message":"Finishing up request with event=close"}}
[debug] [2025-01-24T10:37:10.186Z] [work-queue] {"queuedWork":[],"queueLength":0,"runningWork":[],"workRunningCount":0}
[debug] [2025-01-24T10:37:13.327Z] [work-queue] {"queuedWork":["/clone-1cd78/us-central1/api/payments/create-2025-01-24T10:37:13.327Z"],"queueLength":1,"runningWork":[],"workRunningCount":0}
[debug] [2025-01-24T10:37:13.328Z] [work-queue] {"queuedWork":[],"queueLength":0,"runningWork":["/clone-1cd78/us-central1/api/payments/create-2025-01-24T10:37:13.327Z"],"workRunningCount":1}
[debug] [2025-01-24T10:37:13.328Z] Accepted request POST /clone-1cd78/us-central1/api/payments/create?total=0 --> us-central1-api
[debug] [2025-01-24T10:37:13.330Z] [functions] Runtime ready! Sending request! {"metadata":{"emulator":{"name":"functions"},"message":"[functions] Runtime ready! Sending request!"}}
[debug] [2025-01-24T10:37:13.330Z] [functions] Got req.url=/clone-1cd78/us-central1/api/payments/create?total=0, mapping to path=/payments/create?total=0 {"metadata":{"emulator":{"name":"functions"},"message":"[functions] Got req.url=/clone-1cd78/us-central1/api/payments/create?total=0, mapping to path=/payments/create?total=0"}}
[debug] [2025-01-24T10:37:13.330Z] [worker-pool] submitRequest(triggerId=us-central1-api) {"metadata":{"emulator":{"name":"functions"},"message":"[worker-pool] submitRequest(triggerId=us-central1-api)"}}
[info] i  functions: Beginning execution of "us-central1-api" {"metadata":{"emulator":{"name":"functions"},"function":{"name":"us-central1-api"},"extension":{},"message":"Beginning execution of \"us-central1-api\""}}
[debug] [2025-01-24T10:37:13.332Z] [worker-us-central1-api-267a1360-2bae-4e55-8716-ed0b57017aaa]: BUSY {"metadata":{"emulator":{"name":"functions"},"function":{"name":"us-central1-api"},"extension":{},"message":"[worker-us-central1-api-267a1360-2bae-4e55-8716-ed0b57017aaa]: BUSY"}}
[info] >  Payment Request Received BOOM!!! for amount >>>  0 {"user":"Payment Request Received BOOM!!! for amount >>>  0","metadata":{"emulator":{"name":"functions"},"function":{"name":"us-central1-api"},"extension":{},"message":"\u001b[90m> \u001b[39m Payment Request Received BOOM!!! for amount >>>  0"}}
[info] >  C:\Users\JEFRINA A P\Amazon_Clone\amazon\functions\node_modules\stripe\cjs\Error.js:11 {"user":"C:\\Users\\JEFRINA A P\\Amazon_Clone\\amazon\\functions\\node_modules\\stripe\\cjs\\Error.js:11\r","metadata":{"emulator":{"name":"functions"},"function":{"name":"us-central1-api"},"extension":{},"message":"\u001b[90m> \u001b[39m C:\\Users\\JEFRINA A P\\Amazon_Clone\\amazon\\functions\\node_modules\\stripe\\cjs\\Error.js:11\r"}}
[info] >              return new StripeInvalidRequestError(rawStripeError); {"user":"            return new StripeInvalidRequestError(rawStripeError);\r","metadata":{"emulator":{"name":"functions"},"function":{"name":"us-central1-api"},"extension":{},"message":"\u001b[90m> \u001b[39m             return new StripeInvalidRequestError(rawStripeError);\r"}}
[info] >                     ^ {"user":"                   ^\r","metadata":{"emulator":{"name":"functions"},"function":{"name":"us-central1-api"},"extension":{},"message":"\u001b[90m> \u001b[39m                    ^\r"}}
[info] >   {"user":"\r","metadata":{"emulator":{"name":"functions"},"function":{"name":"us-central1-api"},"extension":{},"message":"\u001b[90m> \u001b[39m \r"}}
[info] >  StripeInvalidRequestError: The amount must be greater than or equal to the minimum charge amount allowed for your account and the currency set (https://docs.stripe.com/currencies#minimum-and-maximum-charge-amounts).  If you want to save a Payment Method for future use without an immediate payment, use a Setup Intent instead: https://docs.stripe.com/payments/setup-intents {"user":"StripeInvalidRequestError: The amount must be greater than or equal to the minimum charge amount allowed for your account and the currency set (https://docs.stripe.com/currencies#minimum-and-maximum-charge-amounts).  If you want to save a Payment Method for future use without an immediate payment, use a Setup Intent instead: https://docs.stripe.com/payments/setup-intents\r","metadata":{"emulator":{"name":"functions"},"function":{"name":"us-central1-api"},"extension":{},"message":"\u001b[90m> \u001b[39m StripeInvalidRequestError: The amount must be greater than or equal to the minimum charge amount allowed for your account and the currency set (https://docs.stripe.com/currencies#minimum-and-maximum-charge-amounts).  If you want to save a Payment Method for future use without an immediate payment, use a Setup Intent instead: https://docs.stripe.com/payments/setup-intents\r"}}
[info] >      at generateV1Error (C:\Users\JEFRINA A P\Amazon_Clone\amazon\functions\node_modules\stripe\cjs\Error.js:11:20) {"user":"    at generateV1Error (C:\\Users\\JEFRINA A P\\Amazon_Clone\\amazon\\functions\\node_modules\\stripe\\cjs\\Error.js:11:20)\r","metadata":{"emulator":{"name":"functions"},"function":{"name":"us-central1-api"},"extension":{},"message":"\u001b[90m> \u001b[39m     at generateV1Error (C:\\Users\\JEFRINA A P\\Amazon_Clone\\amazon\\functions\\node_modules\\stripe\\cjs\\Error.js:11:20)\r"}}
[info] >      at res.toJSON.then.Error_js_1.StripeAPIError.message (C:\Users\JEFRINA A P\Amazon_Clone\amazon\functions\node_modules\stripe\cjs\RequestSender.js:108:62) {"user":"    at res.toJSON.then.Error_js_1.StripeAPIError.message (C:\\Users\\JEFRINA A P\\Amazon_Clone\\amazon\\functions\\node_modules\\stripe\\cjs\\RequestSender.js:108:62)\r","metadata":{"emulator":{"name":"functions"},"function":{"name":"us-central1-api"},"extension":{},"message":"\u001b[90m> \u001b[39m     at res.toJSON.then.Error_js_1.StripeAPIError.message (C:\\Users\\JEFRINA A P\\Amazon_Clone\\amazon\\functions\\node_modules\\stripe\\cjs\\RequestSender.js:108:62)\r"}}
[info] >      at process.processTicksAndRejections (node:internal/process/task_queues:95:5) { {"user":"    at process.processTicksAndRejections (node:internal/process/task_queues:95:5) {\r","metadata":{"emulator":{"name":"functions"},"function":{"name":"us-central1-api"},"extension":{},"message":"\u001b[90m> \u001b[39m     at process.processTicksAndRejections (node:internal/process/task_queues:95:5) {\r"}}
[info] >    type: 'StripeInvalidRequestError', {"user":"  type: 'StripeInvalidRequestError',\r","metadata":{"emulator":{"name":"functions"},"function":{"name":"us-central1-api"},"extension":{},"message":"\u001b[90m> \u001b[39m   type: 'StripeInvalidRequestError',\r"}}
[info] >    raw: { {"user":"  raw: {\r","metadata":{"emulator":{"name":"functions"},"function":{"name":"us-central1-api"},"extension":{},"message":"\u001b[90m> \u001b[39m   raw: {\r"}}
[info] >      code: 'parameter_invalid_integer', {"user":"    code: 'parameter_invalid_integer',\r","metadata":{"emulator":{"name":"functions"},"function":{"name":"us-central1-api"},"extension":{},"message":"\u001b[90m> \u001b[39m     code: 'parameter_invalid_integer',\r"}}
[info] >      doc_url: 'https://stripe.com/docs/error-codes/parameter-invalid-integer', {"user":"    doc_url: 'https://stripe.com/docs/error-codes/parameter-invalid-integer',\r","metadata":{"emulator":{"name":"functions"},"function":{"name":"us-central1-api"},"extension":{},"message":"\u001b[90m> \u001b[39m     doc_url: 'https://stripe.com/docs/error-codes/parameter-invalid-integer',\r"}}
[info] >      message: 'The amount must be greater than or equal to the minimum charge amount allowed for your account and the currency set (https://docs.stripe.com/currencies#minimum-and-maximum-charge-amounts).  If you want to save a Payment Method for future use without an immediate payment, use a Setup Intent instead: https://docs.stripe.com/payments/setup-intents', {"user":"    message: 'The amount must be greater than or equal to the minimum charge amount allowed for your account and the currency set (https://docs.stripe.com/currencies#minimum-and-maximum-charge-amounts).  If you want to save a Payment Method for future use without an immediate payment, use a Setup Intent instead: https://docs.stripe.com/payments/setup-intents',\r","metadata":{"emulator":{"name":"functions"},"function":{"name":"us-central1-api"},"extension":{},"message":"\u001b[90m> \u001b[39m     message: 'The amount must be greater than or equal to the minimum charge amount allowed for your account and the currency set (https://docs.stripe.com/currencies#minimum-and-maximum-charge-amounts).  If you want to save a Payment Method for future use without an immediate payment, use a Setup Intent instead: https://docs.stripe.com/payments/setup-intents',\r"}}
[info] >      param: 'amount', {"user":"    param: 'amount',\r","metadata":{"emulator":{"name":"functions"},"function":{"name":"us-central1-api"},"extension":{},"message":"\u001b[90m> \u001b[39m     param: 'amount',\r"}}
[info] >      request_log_url: 'https://dashboard.stripe.com/test/logs/req_mD9BHznd3lk4g4?t=1737715036', {"user":"    request_log_url: 'https://dashboard.stripe.com/test/logs/req_mD9BHznd3lk4g4?t=1737715036',\r","metadata":{"emulator":{"name":"functions"},"function":{"name":"us-central1-api"},"extension":{},"message":"\u001b[90m> \u001b[39m     request_log_url: 'https://dashboard.stripe.com/test/logs/req_mD9BHznd3lk4g4?t=1737715036',\r"}}
[info] >      type: 'invalid_request_error', {"user":"    type: 'invalid_request_error',\r","metadata":{"emulator":{"name":"functions"},"function":{"name":"us-central1-api"},"extension":{},"message":"\u001b[90m> \u001b[39m     type: 'invalid_request_error',\r"}}
[info] >      headers: { {"user":"    headers: {\r","metadata":{"emulator":{"name":"functions"},"function":{"name":"us-central1-api"},"extension":{},"message":"\u001b[90m> \u001b[39m     headers: {\r"}}
[info] >        server: 'nginx', {"user":"      server: 'nginx',\r","metadata":{"emulator":{"name":"functions"},"function":{"name":"us-central1-api"},"extension":{},"message":"\u001b[90m> \u001b[39m       server: 'nginx',\r"}}
[info] >        date: 'Fri, 24 Jan 2025 10:37:16 GMT', {"user":"      date: 'Fri, 24 Jan 2025 10:37:16 GMT',\r","metadata":{"emulator":{"name":"functions"},"function":{"name":"us-central1-api"},"extension":{},"message":"\u001b[90m> \u001b[39m       date: 'Fri, 24 Jan 2025 10:37:16 GMT',\r"}}
[info] >        'content-type': 'application/json', {"user":"      'content-type': 'application/json',\r","metadata":{"emulator":{"name":"functions"},"function":{"name":"us-central1-api"},"extension":{},"message":"\u001b[90m> \u001b[39m       'content-type': 'application/json',\r"}}
[info] >        'content-length': '663', {"user":"      'content-length': '663',\r","metadata":{"emulator":{"name":"functions"},"function":{"name":"us-central1-api"},"extension":{},"message":"\u001b[90m> \u001b[39m       'content-length': '663',\r"}}
[info] >        connection: 'keep-alive', {"user":"      connection: 'keep-alive',\r","metadata":{"emulator":{"name":"functions"},"function":{"name":"us-central1-api"},"extension":{},"message":"\u001b[90m> \u001b[39m       connection: 'keep-alive',\r"}}
[info] >        'access-control-allow-credentials': 'true', {"user":"      'access-control-allow-credentials': 'true',\r","metadata":{"emulator":{"name":"functions"},"function":{"name":"us-central1-api"},"extension":{},"message":"\u001b[90m> \u001b[39m       'access-control-allow-credentials': 'true',\r"}}
[info] >        'access-control-allow-methods': 'GET, HEAD, PUT, PATCH, POST, DELETE', {"user":"      'access-control-allow-methods': 'GET, HEAD, PUT, PATCH, POST, DELETE',\r","metadata":{"emulator":{"name":"functions"},"function":{"name":"us-central1-api"},"extension":{},"message":"\u001b[90m> \u001b[39m       'access-control-allow-methods': 'GET, HEAD, PUT, PATCH, POST, DELETE',\r"}}
[info] >        'access-control-allow-origin': '*', {"user":"      'access-control-allow-origin': '*',\r","metadata":{"emulator":{"name":"functions"},"function":{"name":"us-central1-api"},"extension":{},"message":"\u001b[90m> \u001b[39m       'access-control-allow-origin': '*',\r"}}
[info] >        'access-control-expose-headers': 'Request-Id, Stripe-Manage-Version, Stripe-Should-Retry, X-Stripe-External-Auth-Required, X-Stripe-Privileged-Session-Required', {"user":"      'access-control-expose-headers': 'Request-Id, Stripe-Manage-Version, Stripe-Should-Retry, X-Stripe-External-Auth-Required, X-Stripe-Privileged-Session-Required',\r","metadata":{"emulator":{"name":"functions"},"function":{"name":"us-central1-api"},"extension":{},"message":"\u001b[90m> \u001b[39m       'access-control-expose-headers': 'Request-Id, Stripe-Manage-Version, Stripe-Should-Retry, X-Stripe-External-Auth-Required, X-Stripe-Privileged-Session-Required',\r"}}
[info] >        'access-control-max-age': '300', {"user":"      'access-control-max-age': '300',\r","metadata":{"emulator":{"name":"functions"},"function":{"name":"us-central1-api"},"extension":{},"message":"\u001b[90m> \u001b[39m       'access-control-max-age': '300',\r"}}
[info] >        'cache-control': 'no-cache, no-store', {"user":"      'cache-control': 'no-cache, no-store',\r","metadata":{"emulator":{"name":"functions"},"function":{"name":"us-central1-api"},"extension":{},"message":"\u001b[90m> \u001b[39m       'cache-control': 'no-cache, no-store',\r"}}
[info] >        'content-security-policy': "base-uri 'none'; default-src 'none'; form-action 'none'; frame-ancestors 'none'; img-src 'self'; script-src 'self' 'report-sample'; style-src 'self'; upgrade-insecure-requests; report-uri https://q.stripe.com/csp-violation?q=-IhA8dJdz4CO4gisOASuCeRFmZRCKUzgjjjWsjzLFak0NPTgIJmdy7hJq_LFXDb3DXJtne5dOxT6L7o3", {"user":"      'content-security-policy': \"base-uri 'none'; default-src 'none'; form-action 'none'; frame-ancestors 'none'; img-src 'self'; script-src 'self' 'report-sample'; style-src 'self'; upgrade-insecure-requests; report-uri https://q.stripe.com/csp-violation?q=-IhA8dJdz4CO4gisOASuCeRFmZRCKUzgjjjWsjzLFak0NPTgIJmdy7hJq_LFXDb3DXJtne5dOxT6L7o3\",\r","metadata":{"emulator":{"name":"functions"},"function":{"name":"us-central1-api"},"extension":{},"message":"\u001b[90m> \u001b[39m       'content-security-policy': \"base-uri 'none'; default-src 'none'; form-action 'none'; frame-ancestors 'none'; img-src 'self'; script-src 'self' 'report-sample'; style-src 'self'; upgrade-insecure-requests; report-uri https://q.stripe.com/csp-violation?q=-IhA8dJdz4CO4gisOASuCeRFmZRCKUzgjjjWsjzLFak0NPTgIJmdy7hJq_LFXDb3DXJtne5dOxT6L7o3\",\r"}}
[info] >        'cross-origin-opener-policy-report-only': 'same-origin; report-to="coop"', {"user":"      'cross-origin-opener-policy-report-only': 'same-origin; report-to=\"coop\"',\r","metadata":{"emulator":{"name":"functions"},"function":{"name":"us-central1-api"},"extension":{},"message":"\u001b[90m> \u001b[39m       'cross-origin-opener-policy-report-only': 'same-origin; report-to=\"coop\"',\r"}}
[info] >        'idempotency-key': 'stripe-node-retry-6d4b9dba-1340-4aa1-abbf-c896af5ccaf5', {"user":"      'idempotency-key': 'stripe-node-retry-6d4b9dba-1340-4aa1-abbf-c896af5ccaf5',\r","metadata":{"emulator":{"name":"functions"},"function":{"name":"us-central1-api"},"extension":{},"message":"\u001b[90m> \u001b[39m       'idempotency-key': 'stripe-node-retry-6d4b9dba-1340-4aa1-abbf-c896af5ccaf5',\r"}}
[info] >        'original-request': 'req_mD9BHznd3lk4g4', {"user":"      'original-request': 'req_mD9BHznd3lk4g4',\r","metadata":{"emulator":{"name":"functions"},"function":{"name":"us-central1-api"},"extension":{},"message":"\u001b[90m> \u001b[39m       'original-request': 'req_mD9BHznd3lk4g4',\r"}}
[info] >        'report-to': '{"group":"coop","max_age":8640,"endpoints":[{"url":"https://q.stripe.com/coop-report"}],"include_subdomains":true}', {"user":"      'report-to': '{\"group\":\"coop\",\"max_age\":8640,\"endpoints\":[{\"url\":\"https://q.stripe.com/coop-report\"}],\"include_subdomains\":true}',\r","metadata":{"emulator":{"name":"functions"},"function":{"name":"us-central1-api"},"extension":{},"message":"\u001b[90m> \u001b[39m       'report-to': '{\"group\":\"coop\",\"max_age\":8640,\"endpoints\":[{\"url\":\"https://q.stripe.com/coop-report\"}],\"include_subdomains\":true}',\r"}}
[info] >        'reporting-endpoints': 'coop="https://q.stripe.com/coop-report"', {"user":"      'reporting-endpoints': 'coop=\"https://q.stripe.com/coop-report\"',\r","metadata":{"emulator":{"name":"functions"},"function":{"name":"us-central1-api"},"extension":{},"message":"\u001b[90m> \u001b[39m       'reporting-endpoints': 'coop=\"https://q.stripe.com/coop-report\"',\r"}}
[info] >        'request-id': 'req_mD9BHznd3lk4g4', {"user":"      'request-id': 'req_mD9BHznd3lk4g4',\r","metadata":{"emulator":{"name":"functions"},"function":{"name":"us-central1-api"},"extension":{},"message":"\u001b[90m> \u001b[39m       'request-id': 'req_mD9BHznd3lk4g4',\r"}}
[info] >        'stripe-version': '2024-12-18.acacia', {"user":"      'stripe-version': '2024-12-18.acacia',\r","metadata":{"emulator":{"name":"functions"},"function":{"name":"us-central1-api"},"extension":{},"message":"\u001b[90m> \u001b[39m       'stripe-version': '2024-12-18.acacia',\r"}}
[info] >        vary: 'Origin', {"user":"      vary: 'Origin',\r","metadata":{"emulator":{"name":"functions"},"function":{"name":"us-central1-api"},"extension":{},"message":"\u001b[90m> \u001b[39m       vary: 'Origin',\r"}}
[info] >        'x-content-type-options': 'nosniff', {"user":"      'x-content-type-options': 'nosniff',\r","metadata":{"emulator":{"name":"functions"},"function":{"name":"us-central1-api"},"extension":{},"message":"\u001b[90m> \u001b[39m       'x-content-type-options': 'nosniff',\r"}}
[info] >        'x-stripe-priority-routing-enabled': 'true', {"user":"      'x-stripe-priority-routing-enabled': 'true',\r","metadata":{"emulator":{"name":"functions"},"function":{"name":"us-central1-api"},"extension":{},"message":"\u001b[90m> \u001b[39m       'x-stripe-priority-routing-enabled': 'true',\r"}}
[info] >        'x-stripe-routing-context-priority-tier': 'api-testmode', {"user":"      'x-stripe-routing-context-priority-tier': 'api-testmode',\r","metadata":{"emulator":{"name":"functions"},"function":{"name":"us-central1-api"},"extension":{},"message":"\u001b[90m> \u001b[39m       'x-stripe-routing-context-priority-tier': 'api-testmode',\r"}}
[info] >        'x-wc': 'AB', {"user":"      'x-wc': 'AB',\r","metadata":{"emulator":{"name":"functions"},"function":{"name":"us-central1-api"},"extension":{},"message":"\u001b[90m> \u001b[39m       'x-wc': 'AB',\r"}}
[info] >        'strict-transport-security': 'max-age=63072000; includeSubDomains; preload' {"user":"      'strict-transport-security': 'max-age=63072000; includeSubDomains; preload'\r","metadata":{"emulator":{"name":"functions"},"function":{"name":"us-central1-api"},"extension":{},"message":"\u001b[90m> \u001b[39m       'strict-transport-security': 'max-age=63072000; includeSubDomains; preload'\r"}}
[info] >      }, {"user":"    },\r","metadata":{"emulator":{"name":"functions"},"function":{"name":"us-central1-api"},"extension":{},"message":"\u001b[90m> \u001b[39m     },\r"}}
[info] >      statusCode: 400, {"user":"    statusCode: 400,\r","metadata":{"emulator":{"name":"functions"},"function":{"name":"us-central1-api"},"extension":{},"message":"\u001b[90m> \u001b[39m     statusCode: 400,\r"}}
[info] >      requestId: 'req_mD9BHznd3lk4g4' {"user":"    requestId: 'req_mD9BHznd3lk4g4'\r","metadata":{"emulator":{"name":"functions"},"function":{"name":"us-central1-api"},"extension":{},"message":"\u001b[90m> \u001b[39m     requestId: 'req_mD9BHznd3lk4g4'\r"}}
[info] >    }, {"user":"  },\r","metadata":{"emulator":{"name":"functions"},"function":{"name":"us-central1-api"},"extension":{},"message":"\u001b[90m> \u001b[39m   },\r"}}
[info] >    rawType: 'invalid_request_error', {"user":"  rawType: 'invalid_request_error',\r","metadata":{"emulator":{"name":"functions"},"function":{"name":"us-central1-api"},"extension":{},"message":"\u001b[90m> \u001b[39m   rawType: 'invalid_request_error',\r"}}
[info] >    code: 'parameter_invalid_integer', {"user":"  code: 'parameter_invalid_integer',\r","metadata":{"emulator":{"name":"functions"},"function":{"name":"us-central1-api"},"extension":{},"message":"\u001b[90m> \u001b[39m   code: 'parameter_invalid_integer',\r"}}
[info] >    doc_url: 'https://stripe.com/docs/error-codes/parameter-invalid-integer', {"user":"  doc_url: 'https://stripe.com/docs/error-codes/parameter-invalid-integer',\r","metadata":{"emulator":{"name":"functions"},"function":{"name":"us-central1-api"},"extension":{},"message":"\u001b[90m> \u001b[39m   doc_url: 'https://stripe.com/docs/error-codes/parameter-invalid-integer',\r"}}
[info] >    param: 'amount', {"user":"  param: 'amount',\r","metadata":{"emulator":{"name":"functions"},"function":{"name":"us-central1-api"},"extension":{},"message":"\u001b[90m> \u001b[39m   param: 'amount',\r"}}
[info] >    detail: undefined, {"user":"  detail: undefined,\r","metadata":{"emulator":{"name":"functions"},"function":{"name":"us-central1-api"},"extension":{},"message":"\u001b[90m> \u001b[39m   detail: undefined,\r"}}
[info] >    headers: { {"user":"  headers: {\r","metadata":{"emulator":{"name":"functions"},"function":{"name":"us-central1-api"},"extension":{},"message":"\u001b[90m> \u001b[39m   headers: {\r"}}
[info] >      server: 'nginx', {"user":"    server: 'nginx',\r","metadata":{"emulator":{"name":"functions"},"function":{"name":"us-central1-api"},"extension":{},"message":"\u001b[90m> \u001b[39m     server: 'nginx',\r"}}
[info] >      date: 'Fri, 24 Jan 2025 10:37:16 GMT', {"user":"    date: 'Fri, 24 Jan 2025 10:37:16 GMT',\r","metadata":{"emulator":{"name":"functions"},"function":{"name":"us-central1-api"},"extension":{},"message":"\u001b[90m> \u001b[39m     date: 'Fri, 24 Jan 2025 10:37:16 GMT',\r"}}
[info] >      'content-type': 'application/json', {"user":"    'content-type': 'application/json',\r","metadata":{"emulator":{"name":"functions"},"function":{"name":"us-central1-api"},"extension":{},"message":"\u001b[90m> \u001b[39m     'content-type': 'application/json',\r"}}
[info] >      'content-length': '663', {"user":"    'content-length': '663',\r","metadata":{"emulator":{"name":"functions"},"function":{"name":"us-central1-api"},"extension":{},"message":"\u001b[90m> \u001b[39m     'content-length': '663',\r"}}
[info] >      connection: 'keep-alive', {"user":"    connection: 'keep-alive',\r","metadata":{"emulator":{"name":"functions"},"function":{"name":"us-central1-api"},"extension":{},"message":"\u001b[90m> \u001b[39m     connection: 'keep-alive',\r"}}
[info] >      'access-control-allow-credentials': 'true', {"user":"    'access-control-allow-credentials': 'true',\r","metadata":{"emulator":{"name":"functions"},"function":{"name":"us-central1-api"},"extension":{},"message":"\u001b[90m> \u001b[39m     'access-control-allow-credentials': 'true',\r"}}
[info] >      'access-control-allow-methods': 'GET, HEAD, PUT, PATCH, POST, DELETE', {"user":"    'access-control-allow-methods': 'GET, HEAD, PUT, PATCH, POST, DELETE',\r","metadata":{"emulator":{"name":"functions"},"function":{"name":"us-central1-api"},"extension":{},"message":"\u001b[90m> \u001b[39m     'access-control-allow-methods': 'GET, HEAD, PUT, PATCH, POST, DELETE',\r"}}
[info] >      'access-control-allow-origin': '*', {"user":"    'access-control-allow-origin': '*',\r","metadata":{"emulator":{"name":"functions"},"function":{"name":"us-central1-api"},"extension":{},"message":"\u001b[90m> \u001b[39m     'access-control-allow-origin': '*',\r"}}
[info] >      'access-control-expose-headers': 'Request-Id, Stripe-Manage-Version, Stripe-Should-Retry, X-Stripe-External-Auth-Required, X-Stripe-Privileged-Session-Required', {"user":"    'access-control-expose-headers': 'Request-Id, Stripe-Manage-Version, Stripe-Should-Retry, X-Stripe-External-Auth-Required, X-Stripe-Privileged-Session-Required',\r","metadata":{"emulator":{"name":"functions"},"function":{"name":"us-central1-api"},"extension":{},"message":"\u001b[90m> \u001b[39m     'access-control-expose-headers': 'Request-Id, Stripe-Manage-Version, Stripe-Should-Retry, X-Stripe-External-Auth-Required, X-Stripe-Privileged-Session-Required',\r"}}
[info] >      'access-control-max-age': '300', {"user":"    'access-control-max-age': '300',\r","metadata":{"emulator":{"name":"functions"},"function":{"name":"us-central1-api"},"extension":{},"message":"\u001b[90m> \u001b[39m     'access-control-max-age': '300',\r"}}
[info] >      'cache-control': 'no-cache, no-store', {"user":"    'cache-control': 'no-cache, no-store',\r","metadata":{"emulator":{"name":"functions"},"function":{"name":"us-central1-api"},"extension":{},"message":"\u001b[90m> \u001b[39m     'cache-control': 'no-cache, no-store',\r"}}
[info] >      'content-security-policy': "base-uri 'none'; default-src 'none'; form-action 'none'; frame-ancestors 'none'; img-src 'self'; script-src 'self' 'report-sample'; style-src 'self'; upgrade-insecure-requests; report-uri https://q.stripe.com/csp-violation?q=-IhA8dJdz4CO4gisOASuCeRFmZRCKUzgjjjWsjzLFak0NPTgIJmdy7hJq_LFXDb3DXJtne5dOxT6L7o3", {"user":"    'content-security-policy': \"base-uri 'none'; default-src 'none'; form-action 'none'; frame-ancestors 'none'; img-src 'self'; script-src 'self' 'report-sample'; style-src 'self'; upgrade-insecure-requests; report-uri https://q.stripe.com/csp-violation?q=-IhA8dJdz4CO4gisOASuCeRFmZRCKUzgjjjWsjzLFak0NPTgIJmdy7hJq_LFXDb3DXJtne5dOxT6L7o3\",\r","metadata":{"emulator":{"name":"functions"},"function":{"name":"us-central1-api"},"extension":{},"message":"\u001b[90m> \u001b[39m     'content-security-policy': \"base-uri 'none'; default-src 'none'; form-action 'none'; frame-ancestors 'none'; img-src 'self'; script-src 'self' 'report-sample'; style-src 'self'; upgrade-insecure-requests; report-uri https://q.stripe.com/csp-violation?q=-IhA8dJdz4CO4gisOASuCeRFmZRCKUzgjjjWsjzLFak0NPTgIJmdy7hJq_LFXDb3DXJtne5dOxT6L7o3\",\r"}}
[info] >      'cross-origin-opener-policy-report-only': 'same-origin; report-to="coop"', {"user":"    'cross-origin-opener-policy-report-only': 'same-origin; report-to=\"coop\"',\r","metadata":{"emulator":{"name":"functions"},"function":{"name":"us-central1-api"},"extension":{},"message":"\u001b[90m> \u001b[39m     'cross-origin-opener-policy-report-only': 'same-origin; report-to=\"coop\"',\r"}}
[info] >      'idempotency-key': 'stripe-node-retry-6d4b9dba-1340-4aa1-abbf-c896af5ccaf5', {"user":"    'idempotency-key': 'stripe-node-retry-6d4b9dba-1340-4aa1-abbf-c896af5ccaf5',\r","metadata":{"emulator":{"name":"functions"},"function":{"name":"us-central1-api"},"extension":{},"message":"\u001b[90m> \u001b[39m     'idempotency-key': 'stripe-node-retry-6d4b9dba-1340-4aa1-abbf-c896af5ccaf5',\r"}}
[info] >      'original-request': 'req_mD9BHznd3lk4g4', {"user":"    'original-request': 'req_mD9BHznd3lk4g4',\r","metadata":{"emulator":{"name":"functions"},"function":{"name":"us-central1-api"},"extension":{},"message":"\u001b[90m> \u001b[39m     'original-request': 'req_mD9BHznd3lk4g4',\r"}}
[info] >      'report-to': '{"group":"coop","max_age":8640,"endpoints":[{"url":"https://q.stripe.com/coop-report"}],"include_subdomains":true}', {"user":"    'report-to': '{\"group\":\"coop\",\"max_age\":8640,\"endpoints\":[{\"url\":\"https://q.stripe.com/coop-report\"}],\"include_subdomains\":true}',\r","metadata":{"emulator":{"name":"functions"},"function":{"name":"us-central1-api"},"extension":{},"message":"\u001b[90m> \u001b[39m     'report-to': '{\"group\":\"coop\",\"max_age\":8640,\"endpoints\":[{\"url\":\"https://q.stripe.com/coop-report\"}],\"include_subdomains\":true}',\r"}}
[info] >      'reporting-endpoints': 'coop="https://q.stripe.com/coop-report"', {"user":"    'reporting-endpoints': 'coop=\"https://q.stripe.com/coop-report\"',\r","metadata":{"emulator":{"name":"functions"},"function":{"name":"us-central1-api"},"extension":{},"message":"\u001b[90m> \u001b[39m     'reporting-endpoints': 'coop=\"https://q.stripe.com/coop-report\"',\r"}}
[info] >      'request-id': 'req_mD9BHznd3lk4g4', {"user":"    'request-id': 'req_mD9BHznd3lk4g4',\r","metadata":{"emulator":{"name":"functions"},"function":{"name":"us-central1-api"},"extension":{},"message":"\u001b[90m> \u001b[39m     'request-id': 'req_mD9BHznd3lk4g4',\r"}}
[info] >      'stripe-version': '2024-12-18.acacia', {"user":"    'stripe-version': '2024-12-18.acacia',\r","metadata":{"emulator":{"name":"functions"},"function":{"name":"us-central1-api"},"extension":{},"message":"\u001b[90m> \u001b[39m     'stripe-version': '2024-12-18.acacia',\r"}}
[info] >      vary: 'Origin', {"user":"    vary: 'Origin',\r","metadata":{"emulator":{"name":"functions"},"function":{"name":"us-central1-api"},"extension":{},"message":"\u001b[90m> \u001b[39m     vary: 'Origin',\r"}}
[info] >      'x-content-type-options': 'nosniff', {"user":"    'x-content-type-options': 'nosniff',\r","metadata":{"emulator":{"name":"functions"},"function":{"name":"us-central1-api"},"extension":{},"message":"\u001b[90m> \u001b[39m     'x-content-type-options': 'nosniff',\r"}}
[info] >      'x-stripe-priority-routing-enabled': 'true', {"user":"    'x-stripe-priority-routing-enabled': 'true',\r","metadata":{"emulator":{"name":"functions"},"function":{"name":"us-central1-api"},"extension":{},"message":"\u001b[90m> \u001b[39m     'x-stripe-priority-routing-enabled': 'true',\r"}}
[info] >      'x-stripe-routing-context-priority-tier': 'api-testmode', {"user":"    'x-stripe-routing-context-priority-tier': 'api-testmode',\r","metadata":{"emulator":{"name":"functions"},"function":{"name":"us-central1-api"},"extension":{},"message":"\u001b[90m> \u001b[39m     'x-stripe-routing-context-priority-tier': 'api-testmode',\r"}}
[info] >      'x-wc': 'AB', {"user":"    'x-wc': 'AB',\r","metadata":{"emulator":{"name":"functions"},"function":{"name":"us-central1-api"},"extension":{},"message":"\u001b[90m> \u001b[39m     'x-wc': 'AB',\r"}}
[info] >      'strict-transport-security': 'max-age=63072000; includeSubDomains; preload' {"user":"    'strict-transport-security': 'max-age=63072000; includeSubDomains; preload'\r","metadata":{"emulator":{"name":"functions"},"function":{"name":"us-central1-api"},"extension":{},"message":"\u001b[90m> \u001b[39m     'strict-transport-security': 'max-age=63072000; includeSubDomains; preload'\r"}}
[info] >    }, {"user":"  },\r","metadata":{"emulator":{"name":"functions"},"function":{"name":"us-central1-api"},"extension":{},"message":"\u001b[90m> \u001b[39m   },\r"}}
[info] >    requestId: 'req_mD9BHznd3lk4g4', {"user":"  requestId: 'req_mD9BHznd3lk4g4',\r","metadata":{"emulator":{"name":"functions"},"function":{"name":"us-central1-api"},"extension":{},"message":"\u001b[90m> \u001b[39m   requestId: 'req_mD9BHznd3lk4g4',\r"}}
[info] >    statusCode: 400, {"user":"  statusCode: 400,\r","metadata":{"emulator":{"name":"functions"},"function":{"name":"us-central1-api"},"extension":{},"message":"\u001b[90m> \u001b[39m   statusCode: 400,\r"}}
[info] >    userMessage: undefined, {"user":"  userMessage: undefined,\r","metadata":{"emulator":{"name":"functions"},"function":{"name":"us-central1-api"},"extension":{},"message":"\u001b[90m> \u001b[39m   userMessage: undefined,\r"}}
[info] >    charge: undefined, {"user":"  charge: undefined,\r","metadata":{"emulator":{"name":"functions"},"function":{"name":"us-central1-api"},"extension":{},"message":"\u001b[90m> \u001b[39m   charge: undefined,\r"}}
[info] >    decline_code: undefined, {"user":"  decline_code: undefined,\r","metadata":{"emulator":{"name":"functions"},"function":{"name":"us-central1-api"},"extension":{},"message":"\u001b[90m> \u001b[39m   decline_code: undefined,\r"}}
[info] >    payment_intent: undefined, {"user":"  payment_intent: undefined,\r","metadata":{"emulator":{"name":"functions"},"function":{"name":"us-central1-api"},"extension":{},"message":"\u001b[90m> \u001b[39m   payment_intent: undefined,\r"}}
[info] >    payment_method: undefined, {"user":"  payment_method: undefined,\r","metadata":{"emulator":{"name":"functions"},"function":{"name":"us-central1-api"},"extension":{},"message":"\u001b[90m> \u001b[39m   payment_method: undefined,\r"}}
[info] >    payment_method_type: undefined, {"user":"  payment_method_type: undefined,\r","metadata":{"emulator":{"name":"functions"},"function":{"name":"us-central1-api"},"extension":{},"message":"\u001b[90m> \u001b[39m   payment_method_type: undefined,\r"}}
[info] >    setup_intent: undefined, {"user":"  setup_intent: undefined,\r","metadata":{"emulator":{"name":"functions"},"function":{"name":"us-central1-api"},"extension":{},"message":"\u001b[90m> \u001b[39m   setup_intent: undefined,\r"}}
[info] >    source: undefined {"user":"  source: undefined\r","metadata":{"emulator":{"name":"functions"},"function":{"name":"us-central1-api"},"extension":{},"message":"\u001b[90m> \u001b[39m   source: undefined\r"}}
[info] >  } {"user":"}\r","metadata":{"emulator":{"name":"functions"},"function":{"name":"us-central1-api"},"extension":{},"message":"\u001b[90m> \u001b[39m }\r"}}
[info] >   {"user":"\r","metadata":{"emulator":{"name":"functions"},"function":{"name":"us-central1-api"},"extension":{},"message":"\u001b[90m> \u001b[39m \r"}}
[info] >  Node.js v22.4.1 {"user":"Node.js v22.4.1\r","metadata":{"emulator":{"name":"functions"},"function":{"name":"us-central1-api"},"extension":{},"message":"\u001b[90m> \u001b[39m Node.js v22.4.1\r"}}
[error] i  Request to function failed: Error: socket hang up {"metadata":{"emulator":{"name":"functions"},"function":{"name":"us-central1-api"},"extension":{},"message":"Request to function failed: Error: socket hang up"}}
[debug] [2025-01-24T10:37:13.751Z] [work-queue] {"queuedWork":[],"queueLength":0,"runningWork":[],"workRunningCount":0}
[debug] [2025-01-24T10:37:13.752Z] [worker-us-central1-api-267a1360-2bae-4e55-8716-ed0b57017aaa]: exited {"metadata":{"emulator":{"name":"functions"},"function":{"name":"us-central1-api"},"extension":{},"message":"[worker-us-central1-api-267a1360-2bae-4e55-8716-ed0b57017aaa]: exited"}}
[debug] [2025-01-24T10:37:13.752Z] [worker-us-central1-api-267a1360-2bae-4e55-8716-ed0b57017aaa]: FINISHED {"metadata":{"emulator":{"name":"functions"},"function":{"name":"us-central1-api"},"extension":{},"message":"[worker-us-central1-api-267a1360-2bae-4e55-8716-ed0b57017aaa]: FINISHED"}}
[debug] [2025-01-24T10:37:48.389Z] [work-queue] {"queuedWork":["/clone-1cd78/us-central1/api/payments/create-2025-01-24T10:37:48.389Z"],"queueLength":1,"runningWork":[],"workRunningCount":0}
[debug] [2025-01-24T10:37:48.389Z] [work-queue] {"queuedWork":[],"queueLength":0,"runningWork":["/clone-1cd78/us-central1/api/payments/create-2025-01-24T10:37:48.389Z"],"workRunningCount":1}
[debug] [2025-01-24T10:37:48.389Z] Accepted request POST /clone-1cd78/us-central1/api/payments/create?total=1285700 --> us-central1-api
[debug] [2025-01-24T10:37:48.392Z] [functions] Runtime ready! Sending request! {"metadata":{"emulator":{"name":"functions"},"message":"[functions] Runtime ready! Sending request!"}}
[debug] [2025-01-24T10:37:48.393Z] [functions] Got req.url=/clone-1cd78/us-central1/api/payments/create?total=1285700, mapping to path=/payments/create?total=1285700 {"metadata":{"emulator":{"name":"functions"},"message":"[functions] Got req.url=/clone-1cd78/us-central1/api/payments/create?total=1285700, mapping to path=/payments/create?total=1285700"}}
[debug] [2025-01-24T10:37:48.393Z] [worker-pool] Cleaned up workers for us-central1-api: 2 --> 1 {"metadata":{"emulator":{"name":"functions"},"message":"[worker-pool] Cleaned up workers for us-central1-api: 2 --> 1"}}
[debug] [2025-01-24T10:37:48.393Z] [worker-pool] submitRequest(triggerId=us-central1-api) {"metadata":{"emulator":{"name":"functions"},"message":"[worker-pool] submitRequest(triggerId=us-central1-api)"}}
[info] i  functions: Beginning execution of "us-central1-api" {"metadata":{"emulator":{"name":"functions"},"function":{"name":"us-central1-api"},"extension":{},"message":"Beginning execution of \"us-central1-api\""}}
[debug] [2025-01-24T10:37:48.394Z] [worker-us-central1-api-4578f245-d376-46a3-9fc7-b96791e05141]: BUSY {"metadata":{"emulator":{"name":"functions"},"function":{"name":"us-central1-api"},"extension":{},"message":"[worker-us-central1-api-4578f245-d376-46a3-9fc7-b96791e05141]: BUSY"}}
[debug] [2025-01-24T10:37:48.396Z] [work-queue] {"queuedWork":["/clone-1cd78/us-central1/api/payments/create-2025-01-24T10:37:48.396Z"],"queueLength":1,"runningWork":["/clone-1cd78/us-central1/api/payments/create-2025-01-24T10:37:48.389Z"],"workRunningCount":1}
[debug] [2025-01-24T10:37:48.397Z] [work-queue] {"queuedWork":[],"queueLength":0,"runningWork":["/clone-1cd78/us-central1/api/payments/create-2025-01-24T10:37:48.389Z","/clone-1cd78/us-central1/api/payments/create-2025-01-24T10:37:48.396Z"],"workRunningCount":2}
[debug] [2025-01-24T10:37:48.397Z] Accepted request POST /clone-1cd78/us-central1/api/payments/create?total=1285700 --> us-central1-api
[debug] [2025-01-24T10:37:48.406Z] [functions] Runtime ready! Sending request! {"metadata":{"emulator":{"name":"functions"},"message":"[functions] Runtime ready! Sending request!"}}
[debug] [2025-01-24T10:37:48.406Z] [functions] Got req.url=/clone-1cd78/us-central1/api/payments/create?total=1285700, mapping to path=/payments/create?total=1285700 {"metadata":{"emulator":{"name":"functions"},"message":"[functions] Got req.url=/clone-1cd78/us-central1/api/payments/create?total=1285700, mapping to path=/payments/create?total=1285700"}}
[debug] [2025-01-24T10:37:48.415Z] [worker-pool] addWorker(us-central1-api) {"metadata":{"emulator":{"name":"functions"},"message":"[worker-pool] addWorker(us-central1-api)"}}
[debug] [2025-01-24T10:37:48.415Z] [worker-pool] Adding worker with key us-central1-api, total=2 {"metadata":{"emulator":{"name":"functions"},"message":"[worker-pool] Adding worker with key us-central1-api, total=2"}}
[info] >  Payment Request Received BOOM!!! for amount >>>  1285700 {"user":"Payment Request Received BOOM!!! for amount >>>  1285700","metadata":{"emulator":{"name":"functions"},"function":{"name":"us-central1-api"},"extension":{},"message":"\u001b[90m> \u001b[39m Payment Request Received BOOM!!! for amount >>>  1285700"}}
[debug] [2025-01-24T10:37:49.523Z] Finishing up request with event=pause {"metadata":{"emulator":{"name":"functions"},"function":{"name":"us-central1-api"},"extension":{},"message":"Finishing up request with event=pause"}}
[info] i  functions: Finished "us-central1-api" in 1129.5077ms {"metadata":{"emulator":{"name":"functions"},"function":{"name":"us-central1-api"},"extension":{},"message":"Finished \"us-central1-api\" in 1129.5077ms"}}
[debug] [2025-01-24T10:37:49.524Z] [worker-us-central1-api-4578f245-d376-46a3-9fc7-b96791e05141]: IDLE {"metadata":{"emulator":{"name":"functions"},"function":{"name":"us-central1-api"},"extension":{},"message":"[worker-us-central1-api-4578f245-d376-46a3-9fc7-b96791e05141]: IDLE"}}
[debug] [2025-01-24T10:37:49.524Z] Finishing up request with event=finish {"metadata":{"emulator":{"name":"functions"},"function":{"name":"us-central1-api"},"extension":{},"message":"Finishing up request with event=finish"}}
[debug] [2025-01-24T10:37:49.524Z] Finishing up request with event=close {"metadata":{"emulator":{"name":"functions"},"function":{"name":"us-central1-api"},"extension":{},"message":"Finishing up request with event=close"}}
[debug] [2025-01-24T10:37:49.524Z] [work-queue] {"queuedWork":[],"queueLength":0,"runningWork":["/clone-1cd78/us-central1/api/payments/create-2025-01-24T10:37:48.396Z"],"workRunningCount":1}
[info] >  (node:22260) [DEP0040] DeprecationWarning: The `punycode` module is deprecated. Please use a userland alternative instead. {"user":"(node:22260) [DEP0040] DeprecationWarning: The `punycode` module is deprecated. Please use a userland alternative instead.","metadata":{"emulator":{"name":"functions"},"function":{"name":"us-central1-api"},"extension":{},"message":"\u001b[90m> \u001b[39m (node:22260) [DEP0040] DeprecationWarning: The `punycode` module is deprecated. Please use a userland alternative instead."}}
[info] >  (Use `node --trace-deprecation ...` to show where the warning was created) {"user":"(Use `node --trace-deprecation ...` to show where the warning was created)","metadata":{"emulator":{"name":"functions"},"function":{"name":"us-central1-api"},"extension":{},"message":"\u001b[90m> \u001b[39m (Use `node --trace-deprecation ...` to show where the warning was created)"}}
[debug] [2025-01-24T10:37:49.890Z] [runtime-status] [22260] Resolved module firebase-admin {"declared":true,"installed":true,"version":"12.7.0","resolution":"C:\\Users\\JEFRINA A P\\Amazon_Clone\\amazon\\functions\\node_modules\\firebase-admin\\lib\\index.js"} {"metadata":{"emulator":{"name":"functions"},"function":{"name":"us-central1-api"},"extension":{},"message":"[runtime-status] [22260] Resolved module firebase-admin {\"declared\":true,\"installed\":true,\"version\":\"12.7.0\",\"resolution\":\"C:\\\\Users\\\\JEFRINA A P\\\\Amazon_Clone\\\\amazon\\\\functions\\\\node_modules\\\\firebase-admin\\\\lib\\\\index.js\"}"}}
[debug] [2025-01-24T10:37:49.892Z] [runtime-status] [22260] Resolved module firebase-functions {"declared":true,"installed":true,"version":"6.2.0","resolution":"C:\\Users\\JEFRINA A P\\Amazon_Clone\\amazon\\functions\\node_modules\\firebase-functions\\lib\\v2\\index.js"} {"metadata":{"emulator":{"name":"functions"},"function":{"name":"us-central1-api"},"extension":{},"message":"[runtime-status] [22260] Resolved module firebase-functions {\"declared\":true,\"installed\":true,\"version\":\"6.2.0\",\"resolution\":\"C:\\\\Users\\\\JEFRINA A P\\\\Amazon_Clone\\\\amazon\\\\functions\\\\node_modules\\\\firebase-functions\\\\lib\\\\v2\\\\index.js\"}"}}
[debug] [2025-01-24T10:37:49.892Z] [runtime-status] [22260] Outgoing network have been stubbed. [{"name":"http","status":"mocked"},{"name":"http","status":"mocked"},{"name":"https","status":"mocked"},{"name":"https","status":"mocked"},{"name":"net","status":"mocked"}] {"metadata":{"emulator":{"name":"functions"},"function":{"name":"us-central1-api"},"extension":{},"message":"[runtime-status] [22260] Outgoing network have been stubbed. [{\"name\":\"http\",\"status\":\"mocked\"},{\"name\":\"http\",\"status\":\"mocked\"},{\"name\":\"https\",\"status\":\"mocked\"},{\"name\":\"https\",\"status\":\"mocked\"},{\"name\":\"net\",\"status\":\"mocked\"}]"}}
[debug] [2025-01-24T10:37:49.893Z] [runtime-status] [22260] Resolved module firebase-functions {"declared":true,"installed":true,"version":"6.2.0","resolution":"C:\\Users\\JEFRINA A P\\Amazon_Clone\\amazon\\functions\\node_modules\\firebase-functions\\lib\\v2\\index.js"} {"metadata":{"emulator":{"name":"functions"},"function":{"name":"us-central1-api"},"extension":{},"message":"[runtime-status] [22260] Resolved module firebase-functions {\"declared\":true,\"installed\":true,\"version\":\"6.2.0\",\"resolution\":\"C:\\\\Users\\\\JEFRINA A P\\\\Amazon_Clone\\\\amazon\\\\functions\\\\node_modules\\\\firebase-functions\\\\lib\\\\v2\\\\index.js\"}"}}
[debug] [2025-01-24T10:37:50.320Z] [runtime-status] [22260] Checked functions.config() {"config":{}} {"metadata":{"emulator":{"name":"functions"},"function":{"name":"us-central1-api"},"extension":{},"message":"[runtime-status] [22260] Checked functions.config() {\"config\":{}}"}}
[debug] [2025-01-24T10:37:50.320Z] [runtime-status] [22260] firebase-functions has been stubbed. {"functionsResolution":{"declared":true,"installed":true,"version":"6.2.0","resolution":"C:\\Users\\JEFRINA A P\\Amazon_Clone\\amazon\\functions\\node_modules\\firebase-functions\\lib\\v2\\index.js"}} {"metadata":{"emulator":{"name":"functions"},"function":{"name":"us-central1-api"},"extension":{},"message":"[runtime-status] [22260] firebase-functions has been stubbed. {\"functionsResolution\":{\"declared\":true,\"installed\":true,\"version\":\"6.2.0\",\"resolution\":\"C:\\\\Users\\\\JEFRINA A P\\\\Amazon_Clone\\\\amazon\\\\functions\\\\node_modules\\\\firebase-functions\\\\lib\\\\v2\\\\index.js\"}}"}}
[debug] [2025-01-24T10:37:50.322Z] [runtime-status] [22260] Resolved module firebase-functions {"declared":true,"installed":true,"version":"6.2.0","resolution":"C:\\Users\\JEFRINA A P\\Amazon_Clone\\amazon\\functions\\node_modules\\firebase-functions\\lib\\v2\\index.js"} {"metadata":{"emulator":{"name":"functions"},"function":{"name":"us-central1-api"},"extension":{},"message":"[runtime-status] [22260] Resolved module firebase-functions {\"declared\":true,\"installed\":true,\"version\":\"6.2.0\",\"resolution\":\"C:\\\\Users\\\\JEFRINA A P\\\\Amazon_Clone\\\\amazon\\\\functions\\\\node_modules\\\\firebase-functions\\\\lib\\\\v2\\\\index.js\"}"}}
[debug] [2025-01-24T10:37:50.327Z] [runtime-status] [22260] Resolved module firebase-admin {"declared":true,"installed":true,"version":"12.7.0","resolution":"C:\\Users\\JEFRINA A P\\Amazon_Clone\\amazon\\functions\\node_modules\\firebase-admin\\lib\\index.js"} {"metadata":{"emulator":{"name":"functions"},"function":{"name":"us-central1-api"},"extension":{},"message":"[runtime-status] [22260] Resolved module firebase-admin {\"declared\":true,\"installed\":true,\"version\":\"12.7.0\",\"resolution\":\"C:\\\\Users\\\\JEFRINA A P\\\\Amazon_Clone\\\\amazon\\\\functions\\\\node_modules\\\\firebase-admin\\\\lib\\\\index.js\"}"}}
[debug] [2025-01-24T10:37:50.330Z] [runtime-status] [22260] Resolved module firebase-functions {"declared":true,"installed":true,"version":"6.2.0","resolution":"C:\\Users\\JEFRINA A P\\Amazon_Clone\\amazon\\functions\\node_modules\\firebase-functions\\lib\\v2\\index.js"} {"metadata":{"emulator":{"name":"functions"},"function":{"name":"us-central1-api"},"extension":{},"message":"[runtime-status] [22260] Resolved module firebase-functions {\"declared\":true,\"installed\":true,\"version\":\"6.2.0\",\"resolution\":\"C:\\\\Users\\\\JEFRINA A P\\\\Amazon_Clone\\\\amazon\\\\functions\\\\node_modules\\\\firebase-functions\\\\lib\\\\v2\\\\index.js\"}"}}
[debug] [2025-01-24T10:37:50.331Z] [runtime-status] [22260] firebase-admin has been stubbed. {"adminResolution":{"declared":true,"installed":true,"version":"12.7.0","resolution":"C:\\Users\\JEFRINA A P\\Amazon_Clone\\amazon\\functions\\node_modules\\firebase-admin\\lib\\index.js"}} {"metadata":{"emulator":{"name":"functions"},"function":{"name":"us-central1-api"},"extension":{},"message":"[runtime-status] [22260] firebase-admin has been stubbed. {\"adminResolution\":{\"declared\":true,\"installed\":true,\"version\":\"12.7.0\",\"resolution\":\"C:\\\\Users\\\\JEFRINA A P\\\\Amazon_Clone\\\\amazon\\\\functions\\\\node_modules\\\\firebase-admin\\\\lib\\\\index.js\"}}"}}
[debug] [2025-01-24T10:37:50.573Z] [runtime-status] [22260] Functions runtime initialized. {"cwd":"C:\\Users\\JEFRINA A P\\Amazon_Clone\\amazon\\functions","node_version":"22.4.1"} {"metadata":{"emulator":{"name":"functions"},"function":{"name":"us-central1-api"},"extension":{},"message":"[runtime-status] [22260] Functions runtime initialized. {\"cwd\":\"C:\\\\Users\\\\JEFRINA A P\\\\Amazon_Clone\\\\amazon\\\\functions\",\"node_version\":\"22.4.1\"}"}}
[debug] [2025-01-24T10:37:50.574Z] [runtime-status] [22260] Listening to port: \\?\pipe\fire_emu_f7f50bdcb3399e02 {"metadata":{"emulator":{"name":"functions"},"function":{"name":"us-central1-api"},"extension":{},"message":"[runtime-status] [22260] Listening to port: \\\\?\\pipe\\fire_emu_f7f50bdcb3399e02"}}
[debug] [2025-01-24T10:37:50.610Z] [worker-us-central1-api-5a79c52a-ed8c-43f8-a3e2-107df27fe8ac]: IDLE {"metadata":{"emulator":{"name":"functions"},"function":{"name":"us-central1-api"},"extension":{},"message":"[worker-us-central1-api-5a79c52a-ed8c-43f8-a3e2-107df27fe8ac]: IDLE"}}
[debug] [2025-01-24T10:37:50.611Z] [worker-pool] submitRequest(triggerId=us-central1-api) {"metadata":{"emulator":{"name":"functions"},"message":"[worker-pool] submitRequest(triggerId=us-central1-api)"}}
[info] i  functions: Beginning execution of "us-central1-api" {"metadata":{"emulator":{"name":"functions"},"function":{"name":"us-central1-api"},"extension":{},"message":"Beginning execution of \"us-central1-api\""}}
[debug] [2025-01-24T10:37:50.611Z] [worker-us-central1-api-4578f245-d376-46a3-9fc7-b96791e05141]: BUSY {"metadata":{"emulator":{"name":"functions"},"function":{"name":"us-central1-api"},"extension":{},"message":"[worker-us-central1-api-4578f245-d376-46a3-9fc7-b96791e05141]: BUSY"}}
[info] >  Payment Request Received BOOM!!! for amount >>>  1285700 {"user":"Payment Request Received BOOM!!! for amount >>>  1285700","metadata":{"emulator":{"name":"functions"},"function":{"name":"us-central1-api"},"extension":{},"message":"\u001b[90m> \u001b[39m Payment Request Received BOOM!!! for amount >>>  1285700"}}
[debug] [2025-01-24T10:37:51.023Z] Finishing up request with event=pause {"metadata":{"emulator":{"name":"functions"},"function":{"name":"us-central1-api"},"extension":{},"message":"Finishing up request with event=pause"}}
[info] i  functions: Finished "us-central1-api" in 411.7551ms {"metadata":{"emulator":{"name":"functions"},"function":{"name":"us-central1-api"},"extension":{},"message":"Finished \"us-central1-api\" in 411.7551ms"}}
[debug] [2025-01-24T10:37:51.024Z] [worker-us-central1-api-4578f245-d376-46a3-9fc7-b96791e05141]: IDLE {"metadata":{"emulator":{"name":"functions"},"function":{"name":"us-central1-api"},"extension":{},"message":"[worker-us-central1-api-4578f245-d376-46a3-9fc7-b96791e05141]: IDLE"}}
[debug] [2025-01-24T10:37:51.024Z] Finishing up request with event=finish {"metadata":{"emulator":{"name":"functions"},"function":{"name":"us-central1-api"},"extension":{},"message":"Finishing up request with event=finish"}}
[debug] [2025-01-24T10:37:51.024Z] Finishing up request with event=close {"metadata":{"emulator":{"name":"functions"},"function":{"name":"us-central1-api"},"extension":{},"message":"Finishing up request with event=close"}}
[debug] [2025-01-24T10:37:51.024Z] [work-queue] {"queuedWork":[],"queueLength":0,"runningWork":[],"workRunningCount":0}
[debug] [2025-01-24T10:38:19.032Z] [work-queue] {"queuedWork":["/clone-1cd78/us-central1/api/payments/create-2025-01-24T10:38:19.032Z"],"queueLength":1,"runningWork":[],"workRunningCount":0}
[debug] [2025-01-24T10:38:19.032Z] [work-queue] {"queuedWork":[],"queueLength":0,"runningWork":["/clone-1cd78/us-central1/api/payments/create-2025-01-24T10:38:19.032Z"],"workRunningCount":1}
[debug] [2025-01-24T10:38:19.032Z] Accepted request POST /clone-1cd78/us-central1/api/payments/create?total=1373100 --> us-central1-api
[debug] [2025-01-24T10:38:19.036Z] [functions] Runtime ready! Sending request! {"metadata":{"emulator":{"name":"functions"},"message":"[functions] Runtime ready! Sending request!"}}
[debug] [2025-01-24T10:38:19.036Z] [functions] Got req.url=/clone-1cd78/us-central1/api/payments/create?total=1373100, mapping to path=/payments/create?total=1373100 {"metadata":{"emulator":{"name":"functions"},"message":"[functions] Got req.url=/clone-1cd78/us-central1/api/payments/create?total=1373100, mapping to path=/payments/create?total=1373100"}}
[debug] [2025-01-24T10:38:19.037Z] [worker-pool] submitRequest(triggerId=us-central1-api) {"metadata":{"emulator":{"name":"functions"},"message":"[worker-pool] submitRequest(triggerId=us-central1-api)"}}
[info] i  functions: Beginning execution of "us-central1-api" {"metadata":{"emulator":{"name":"functions"},"function":{"name":"us-central1-api"},"extension":{},"message":"Beginning execution of \"us-central1-api\""}}
[debug] [2025-01-24T10:38:19.038Z] [worker-us-central1-api-4578f245-d376-46a3-9fc7-b96791e05141]: BUSY {"metadata":{"emulator":{"name":"functions"},"function":{"name":"us-central1-api"},"extension":{},"message":"[worker-us-central1-api-4578f245-d376-46a3-9fc7-b96791e05141]: BUSY"}}
[debug] [2025-01-24T10:38:19.040Z] [work-queue] {"queuedWork":["/clone-1cd78/us-central1/api/payments/create-2025-01-24T10:38:19.040Z"],"queueLength":1,"runningWork":["/clone-1cd78/us-central1/api/payments/create-2025-01-24T10:38:19.032Z"],"workRunningCount":1}
[debug] [2025-01-24T10:38:19.040Z] [work-queue] {"queuedWork":[],"queueLength":0,"runningWork":["/clone-1cd78/us-central1/api/payments/create-2025-01-24T10:38:19.032Z","/clone-1cd78/us-central1/api/payments/create-2025-01-24T10:38:19.040Z"],"workRunningCount":2}
[debug] [2025-01-24T10:38:19.040Z] Accepted request POST /clone-1cd78/us-central1/api/payments/create?total=1373100 --> us-central1-api
[debug] [2025-01-24T10:38:19.042Z] [functions] Runtime ready! Sending request! {"metadata":{"emulator":{"name":"functions"},"message":"[functions] Runtime ready! Sending request!"}}
[debug] [2025-01-24T10:38:19.043Z] [functions] Got req.url=/clone-1cd78/us-central1/api/payments/create?total=1373100, mapping to path=/payments/create?total=1373100 {"metadata":{"emulator":{"name":"functions"},"message":"[functions] Got req.url=/clone-1cd78/us-central1/api/payments/create?total=1373100, mapping to path=/payments/create?total=1373100"}}
[debug] [2025-01-24T10:38:19.043Z] [worker-pool] submitRequest(triggerId=us-central1-api) {"metadata":{"emulator":{"name":"functions"},"message":"[worker-pool] submitRequest(triggerId=us-central1-api)"}}
[info] i  functions: Beginning execution of "us-central1-api" {"metadata":{"emulator":{"name":"functions"},"function":{"name":"us-central1-api"},"extension":{},"message":"Beginning execution of \"us-central1-api\""}}
[debug] [2025-01-24T10:38:19.044Z] [worker-us-central1-api-5a79c52a-ed8c-43f8-a3e2-107df27fe8ac]: BUSY {"metadata":{"emulator":{"name":"functions"},"function":{"name":"us-central1-api"},"extension":{},"message":"[worker-us-central1-api-5a79c52a-ed8c-43f8-a3e2-107df27fe8ac]: BUSY"}}
[info] >  Payment Request Received BOOM!!! for amount >>>  1373100 {"user":"Payment Request Received BOOM!!! for amount >>>  1373100","metadata":{"emulator":{"name":"functions"},"function":{"name":"us-central1-api"},"extension":{},"message":"\u001b[90m> \u001b[39m Payment Request Received BOOM!!! for amount >>>  1373100"}}
[info] >  Payment Request Received BOOM!!! for amount >>>  1373100 {"user":"Payment Request Received BOOM!!! for amount >>>  1373100","metadata":{"emulator":{"name":"functions"},"function":{"name":"us-central1-api"},"extension":{},"message":"\u001b[90m> \u001b[39m Payment Request Received BOOM!!! for amount >>>  1373100"}}
[debug] [2025-01-24T10:38:19.571Z] Finishing up request with event=pause {"metadata":{"emulator":{"name":"functions"},"function":{"name":"us-central1-api"},"extension":{},"message":"Finishing up request with event=pause"}}
[info] i  functions: Finished "us-central1-api" in 533.1043ms {"metadata":{"emulator":{"name":"functions"},"function":{"name":"us-central1-api"},"extension":{},"message":"Finished \"us-central1-api\" in 533.1043ms"}}
[debug] [2025-01-24T10:38:19.573Z] [worker-us-central1-api-4578f245-d376-46a3-9fc7-b96791e05141]: IDLE {"metadata":{"emulator":{"name":"functions"},"function":{"name":"us-central1-api"},"extension":{},"message":"[worker-us-central1-api-4578f245-d376-46a3-9fc7-b96791e05141]: IDLE"}}
[debug] [2025-01-24T10:38:19.573Z] Finishing up request with event=finish {"metadata":{"emulator":{"name":"functions"},"function":{"name":"us-central1-api"},"extension":{},"message":"Finishing up request with event=finish"}}
[debug] [2025-01-24T10:38:19.573Z] Finishing up request with event=close {"metadata":{"emulator":{"name":"functions"},"function":{"name":"us-central1-api"},"extension":{},"message":"Finishing up request with event=close"}}
[debug] [2025-01-24T10:38:19.573Z] [work-queue] {"queuedWork":[],"queueLength":0,"runningWork":["/clone-1cd78/us-central1/api/payments/create-2025-01-24T10:38:19.040Z"],"workRunningCount":1}
[debug] [2025-01-24T10:38:20.251Z] Finishing up request with event=pause {"metadata":{"emulator":{"name":"functions"},"function":{"name":"us-central1-api"},"extension":{},"message":"Finishing up request with event=pause"}}
[info] i  functions: Finished "us-central1-api" in 1207.0862ms {"metadata":{"emulator":{"name":"functions"},"function":{"name":"us-central1-api"},"extension":{},"message":"Finished \"us-central1-api\" in 1207.0862ms"}}
[debug] [2025-01-24T10:38:20.252Z] [worker-us-central1-api-5a79c52a-ed8c-43f8-a3e2-107df27fe8ac]: IDLE {"metadata":{"emulator":{"name":"functions"},"function":{"name":"us-central1-api"},"extension":{},"message":"[worker-us-central1-api-5a79c52a-ed8c-43f8-a3e2-107df27fe8ac]: IDLE"}}
[debug] [2025-01-24T10:38:20.252Z] Finishing up request with event=finish {"metadata":{"emulator":{"name":"functions"},"function":{"name":"us-central1-api"},"extension":{},"message":"Finishing up request with event=finish"}}
[debug] [2025-01-24T10:38:20.252Z] Finishing up request with event=close {"metadata":{"emulator":{"name":"functions"},"function":{"name":"us-central1-api"},"extension":{},"message":"Finishing up request with event=close"}}
[debug] [2025-01-24T10:38:20.253Z] [work-queue] {"queuedWork":[],"queueLength":0,"runningWork":[],"workRunningCount":0}
[debug] [2025-01-24T10:38:43.191Z] [work-queue] {"queuedWork":["/clone-1cd78/us-central1/api/payments/create-2025-01-24T10:38:43.191Z"],"queueLength":1,"runningWork":[],"workRunningCount":0}
[debug] [2025-01-24T10:38:43.191Z] [work-queue] {"queuedWork":[],"queueLength":0,"runningWork":["/clone-1cd78/us-central1/api/payments/create-2025-01-24T10:38:43.191Z"],"workRunningCount":1}
[debug] [2025-01-24T10:38:43.191Z] Accepted request POST /clone-1cd78/us-central1/api/payments/create?total=1333100 --> us-central1-api
[debug] [2025-01-24T10:38:43.197Z] [functions] Runtime ready! Sending request! {"metadata":{"emulator":{"name":"functions"},"message":"[functions] Runtime ready! Sending request!"}}
[debug] [2025-01-24T10:38:43.198Z] [functions] Got req.url=/clone-1cd78/us-central1/api/payments/create?total=1333100, mapping to path=/payments/create?total=1333100 {"metadata":{"emulator":{"name":"functions"},"message":"[functions] Got req.url=/clone-1cd78/us-central1/api/payments/create?total=1333100, mapping to path=/payments/create?total=1333100"}}
[debug] [2025-01-24T10:38:43.198Z] [worker-pool] submitRequest(triggerId=us-central1-api) {"metadata":{"emulator":{"name":"functions"},"message":"[worker-pool] submitRequest(triggerId=us-central1-api)"}}
[info] i  functions: Beginning execution of "us-central1-api" {"metadata":{"emulator":{"name":"functions"},"function":{"name":"us-central1-api"},"extension":{},"message":"Beginning execution of \"us-central1-api\""}}
[debug] [2025-01-24T10:38:43.200Z] [worker-us-central1-api-4578f245-d376-46a3-9fc7-b96791e05141]: BUSY {"metadata":{"emulator":{"name":"functions"},"function":{"name":"us-central1-api"},"extension":{},"message":"[worker-us-central1-api-4578f245-d376-46a3-9fc7-b96791e05141]: BUSY"}}
[info] >  Payment Request Received BOOM!!! for amount >>>  1333100 {"user":"Payment Request Received BOOM!!! for amount >>>  1333100","metadata":{"emulator":{"name":"functions"},"function":{"name":"us-central1-api"},"extension":{},"message":"\u001b[90m> \u001b[39m Payment Request Received BOOM!!! for amount >>>  1333100"}}
[debug] [2025-01-24T10:38:43.652Z] Finishing up request with event=pause {"metadata":{"emulator":{"name":"functions"},"function":{"name":"us-central1-api"},"extension":{},"message":"Finishing up request with event=pause"}}
[info] i  functions: Finished "us-central1-api" in 452.0732ms {"metadata":{"emulator":{"name":"functions"},"function":{"name":"us-central1-api"},"extension":{},"message":"Finished \"us-central1-api\" in 452.0732ms"}}
[debug] [2025-01-24T10:38:43.653Z] [worker-us-central1-api-4578f245-d376-46a3-9fc7-b96791e05141]: IDLE {"metadata":{"emulator":{"name":"functions"},"function":{"name":"us-central1-api"},"extension":{},"message":"[worker-us-central1-api-4578f245-d376-46a3-9fc7-b96791e05141]: IDLE"}}
[debug] [2025-01-24T10:38:43.653Z] Finishing up request with event=finish {"metadata":{"emulator":{"name":"functions"},"function":{"name":"us-central1-api"},"extension":{},"message":"Finishing up request with event=finish"}}
[debug] [2025-01-24T10:38:43.653Z] Finishing up request with event=close {"metadata":{"emulator":{"name":"functions"},"function":{"name":"us-central1-api"},"extension":{},"message":"Finishing up request with event=close"}}
[debug] [2025-01-24T10:38:43.653Z] [work-queue] {"queuedWork":[],"queueLength":0,"runningWork":[],"workRunningCount":0}
[debug] [2025-01-24T10:38:46.225Z] [work-queue] {"queuedWork":["/clone-1cd78/us-central1/api/payments/create-2025-01-24T10:38:46.225Z"],"queueLength":1,"runningWork":[],"workRunningCount":0}
[debug] [2025-01-24T10:38:46.227Z] [work-queue] {"queuedWork":[],"queueLength":0,"runningWork":["/clone-1cd78/us-central1/api/payments/create-2025-01-24T10:38:46.225Z"],"workRunningCount":1}
[debug] [2025-01-24T10:38:46.227Z] Accepted request POST /clone-1cd78/us-central1/api/payments/create?total=1271200 --> us-central1-api
[debug] [2025-01-24T10:38:46.229Z] [functions] Runtime ready! Sending request! {"metadata":{"emulator":{"name":"functions"},"message":"[functions] Runtime ready! Sending request!"}}
[debug] [2025-01-24T10:38:46.229Z] [functions] Got req.url=/clone-1cd78/us-central1/api/payments/create?total=1271200, mapping to path=/payments/create?total=1271200 {"metadata":{"emulator":{"name":"functions"},"message":"[functions] Got req.url=/clone-1cd78/us-central1/api/payments/create?total=1271200, mapping to path=/payments/create?total=1271200"}}
[debug] [2025-01-24T10:38:46.231Z] [worker-pool] submitRequest(triggerId=us-central1-api) {"metadata":{"emulator":{"name":"functions"},"message":"[worker-pool] submitRequest(triggerId=us-central1-api)"}}
[info] i  functions: Beginning execution of "us-central1-api" {"metadata":{"emulator":{"name":"functions"},"function":{"name":"us-central1-api"},"extension":{},"message":"Beginning execution of \"us-central1-api\""}}
[debug] [2025-01-24T10:38:46.236Z] [worker-us-central1-api-4578f245-d376-46a3-9fc7-b96791e05141]: BUSY {"metadata":{"emulator":{"name":"functions"},"function":{"name":"us-central1-api"},"extension":{},"message":"[worker-us-central1-api-4578f245-d376-46a3-9fc7-b96791e05141]: BUSY"}}
[info] >  Payment Request Received BOOM!!! for amount >>>  1271200 {"user":"Payment Request Received BOOM!!! for amount >>>  1271200","metadata":{"emulator":{"name":"functions"},"function":{"name":"us-central1-api"},"extension":{},"message":"\u001b[90m> \u001b[39m Payment Request Received BOOM!!! for amount >>>  1271200"}}
[debug] [2025-01-24T10:38:46.675Z] Finishing up request with event=pause {"metadata":{"emulator":{"name":"functions"},"function":{"name":"us-central1-api"},"extension":{},"message":"Finishing up request with event=pause"}}
[info] i  functions: Finished "us-central1-api" in 439.4381ms {"metadata":{"emulator":{"name":"functions"},"function":{"name":"us-central1-api"},"extension":{},"message":"Finished \"us-central1-api\" in 439.4381ms"}}
[debug] [2025-01-24T10:38:46.676Z] [worker-us-central1-api-4578f245-d376-46a3-9fc7-b96791e05141]: IDLE {"metadata":{"emulator":{"name":"functions"},"function":{"name":"us-central1-api"},"extension":{},"message":"[worker-us-central1-api-4578f245-d376-46a3-9fc7-b96791e05141]: IDLE"}}
[debug] [2025-01-24T10:38:46.676Z] Finishing up request with event=finish {"metadata":{"emulator":{"name":"functions"},"function":{"name":"us-central1-api"},"extension":{},"message":"Finishing up request with event=finish"}}
[debug] [2025-01-24T10:38:46.676Z] Finishing up request with event=close {"metadata":{"emulator":{"name":"functions"},"function":{"name":"us-central1-api"},"extension":{},"message":"Finishing up request with event=close"}}
[debug] [2025-01-24T10:38:46.676Z] [work-queue] {"queuedWork":[],"queueLength":0,"runningWork":[],"workRunningCount":0}
[debug] [2025-01-24T10:38:49.130Z] [work-queue] {"queuedWork":["/clone-1cd78/us-central1/api/payments/create-2025-01-24T10:38:49.130Z"],"queueLength":1,"runningWork":[],"workRunningCount":0}
[debug] [2025-01-24T10:38:49.130Z] [work-queue] {"queuedWork":[],"queueLength":0,"runningWork":["/clone-1cd78/us-central1/api/payments/create-2025-01-24T10:38:49.130Z"],"workRunningCount":1}
[debug] [2025-01-24T10:38:49.130Z] Accepted request POST /clone-1cd78/us-central1/api/payments/create?total=1243700 --> us-central1-api
[debug] [2025-01-24T10:38:49.131Z] [functions] Runtime ready! Sending request! {"metadata":{"emulator":{"name":"functions"},"message":"[functions] Runtime ready! Sending request!"}}
[debug] [2025-01-24T10:38:49.132Z] [functions] Got req.url=/clone-1cd78/us-central1/api/payments/create?total=1243700, mapping to path=/payments/create?total=1243700 {"metadata":{"emulator":{"name":"functions"},"message":"[functions] Got req.url=/clone-1cd78/us-central1/api/payments/create?total=1243700, mapping to path=/payments/create?total=1243700"}}
[debug] [2025-01-24T10:38:49.132Z] [worker-pool] submitRequest(triggerId=us-central1-api) {"metadata":{"emulator":{"name":"functions"},"message":"[worker-pool] submitRequest(triggerId=us-central1-api)"}}
[info] i  functions: Beginning execution of "us-central1-api" {"metadata":{"emulator":{"name":"functions"},"function":{"name":"us-central1-api"},"extension":{},"message":"Beginning execution of \"us-central1-api\""}}
[debug] [2025-01-24T10:38:49.133Z] [worker-us-central1-api-4578f245-d376-46a3-9fc7-b96791e05141]: BUSY {"metadata":{"emulator":{"name":"functions"},"function":{"name":"us-central1-api"},"extension":{},"message":"[worker-us-central1-api-4578f245-d376-46a3-9fc7-b96791e05141]: BUSY"}}
[info] >  Payment Request Received BOOM!!! for amount >>>  1243700 {"user":"Payment Request Received BOOM!!! for amount >>>  1243700","metadata":{"emulator":{"name":"functions"},"function":{"name":"us-central1-api"},"extension":{},"message":"\u001b[90m> \u001b[39m Payment Request Received BOOM!!! for amount >>>  1243700"}}
[debug] [2025-01-24T10:38:49.554Z] Finishing up request with event=pause {"metadata":{"emulator":{"name":"functions"},"function":{"name":"us-central1-api"},"extension":{},"message":"Finishing up request with event=pause"}}
[info] i  functions: Finished "us-central1-api" in 421.0654ms {"metadata":{"emulator":{"name":"functions"},"function":{"name":"us-central1-api"},"extension":{},"message":"Finished \"us-central1-api\" in 421.0654ms"}}
[debug] [2025-01-24T10:38:49.555Z] [worker-us-central1-api-4578f245-d376-46a3-9fc7-b96791e05141]: IDLE {"metadata":{"emulator":{"name":"functions"},"function":{"name":"us-central1-api"},"extension":{},"message":"[worker-us-central1-api-4578f245-d376-46a3-9fc7-b96791e05141]: IDLE"}}
[debug] [2025-01-24T10:38:49.555Z] Finishing up request with event=finish {"metadata":{"emulator":{"name":"functions"},"function":{"name":"us-central1-api"},"extension":{},"message":"Finishing up request with event=finish"}}
[debug] [2025-01-24T10:38:49.556Z] Finishing up request with event=close {"metadata":{"emulator":{"name":"functions"},"function":{"name":"us-central1-api"},"extension":{},"message":"Finishing up request with event=close"}}
[debug] [2025-01-24T10:38:49.556Z] [work-queue] {"queuedWork":[],"queueLength":0,"runningWork":[],"workRunningCount":0}
[debug] [2025-01-24T10:39:03.733Z] [work-queue] {"queuedWork":["/clone-1cd78/us-central1/api/payments/create-2025-01-24T10:39:03.733Z"],"queueLength":1,"runningWork":[],"workRunningCount":0}
[debug] [2025-01-24T10:39:03.733Z] [work-queue] {"queuedWork":[],"queueLength":0,"runningWork":["/clone-1cd78/us-central1/api/payments/create-2025-01-24T10:39:03.733Z"],"workRunningCount":1}
[debug] [2025-01-24T10:39:03.733Z] Accepted request POST /clone-1cd78/us-central1/api/payments/create?total=1028800 --> us-central1-api
[debug] [2025-01-24T10:39:03.757Z] [functions] Runtime ready! Sending request! {"metadata":{"emulator":{"name":"functions"},"message":"[functions] Runtime ready! Sending request!"}}
[debug] [2025-01-24T10:39:03.757Z] [functions] Got req.url=/clone-1cd78/us-central1/api/payments/create?total=1028800, mapping to path=/payments/create?total=1028800 {"metadata":{"emulator":{"name":"functions"},"message":"[functions] Got req.url=/clone-1cd78/us-central1/api/payments/create?total=1028800, mapping to path=/payments/create?total=1028800"}}
[debug] [2025-01-24T10:39:03.757Z] [worker-pool] submitRequest(triggerId=us-central1-api) {"metadata":{"emulator":{"name":"functions"},"message":"[worker-pool] submitRequest(triggerId=us-central1-api)"}}
[info] i  functions: Beginning execution of "us-central1-api" {"metadata":{"emulator":{"name":"functions"},"function":{"name":"us-central1-api"},"extension":{},"message":"Beginning execution of \"us-central1-api\""}}
[debug] [2025-01-24T10:39:03.757Z] [worker-us-central1-api-4578f245-d376-46a3-9fc7-b96791e05141]: BUSY {"metadata":{"emulator":{"name":"functions"},"function":{"name":"us-central1-api"},"extension":{},"message":"[worker-us-central1-api-4578f245-d376-46a3-9fc7-b96791e05141]: BUSY"}}
[info] >  Payment Request Received BOOM!!! for amount >>>  1028800 {"user":"Payment Request Received BOOM!!! for amount >>>  1028800","metadata":{"emulator":{"name":"functions"},"function":{"name":"us-central1-api"},"extension":{},"message":"\u001b[90m> \u001b[39m Payment Request Received BOOM!!! for amount >>>  1028800"}}
[debug] [2025-01-24T10:39:04.275Z] Finishing up request with event=pause {"metadata":{"emulator":{"name":"functions"},"function":{"name":"us-central1-api"},"extension":{},"message":"Finishing up request with event=pause"}}
[info] i  functions: Finished "us-central1-api" in 518.2079ms {"metadata":{"emulator":{"name":"functions"},"function":{"name":"us-central1-api"},"extension":{},"message":"Finished \"us-central1-api\" in 518.2079ms"}}
[debug] [2025-01-24T10:39:04.277Z] [worker-us-central1-api-4578f245-d376-46a3-9fc7-b96791e05141]: IDLE {"metadata":{"emulator":{"name":"functions"},"function":{"name":"us-central1-api"},"extension":{},"message":"[worker-us-central1-api-4578f245-d376-46a3-9fc7-b96791e05141]: IDLE"}}
[debug] [2025-01-24T10:39:04.277Z] Finishing up request with event=finish {"metadata":{"emulator":{"name":"functions"},"function":{"name":"us-central1-api"},"extension":{},"message":"Finishing up request with event=finish"}}
[debug] [2025-01-24T10:39:04.277Z] Finishing up request with event=close {"metadata":{"emulator":{"name":"functions"},"function":{"name":"us-central1-api"},"extension":{},"message":"Finishing up request with event=close"}}
[debug] [2025-01-24T10:39:04.277Z] [work-queue] {"queuedWork":[],"queueLength":0,"runningWork":[],"workRunningCount":0}
[debug] [2025-01-24T10:39:27.050Z] [work-queue] {"queuedWork":["/clone-1cd78/us-central1/api/payments/create-2025-01-24T10:39:27.050Z"],"queueLength":1,"runningWork":[],"workRunningCount":0}
[debug] [2025-01-24T10:39:27.050Z] [work-queue] {"queuedWork":[],"queueLength":0,"runningWork":["/clone-1cd78/us-central1/api/payments/create-2025-01-24T10:39:27.050Z"],"workRunningCount":1}
[debug] [2025-01-24T10:39:27.050Z] Accepted request POST /clone-1cd78/us-central1/api/payments/create?total=59900 --> us-central1-api
[debug] [2025-01-24T10:39:27.055Z] [functions] Runtime ready! Sending request! {"metadata":{"emulator":{"name":"functions"},"message":"[functions] Runtime ready! Sending request!"}}
[debug] [2025-01-24T10:39:27.056Z] [functions] Got req.url=/clone-1cd78/us-central1/api/payments/create?total=59900, mapping to path=/payments/create?total=59900 {"metadata":{"emulator":{"name":"functions"},"message":"[functions] Got req.url=/clone-1cd78/us-central1/api/payments/create?total=59900, mapping to path=/payments/create?total=59900"}}
[debug] [2025-01-24T10:39:27.056Z] [worker-pool] submitRequest(triggerId=us-central1-api) {"metadata":{"emulator":{"name":"functions"},"message":"[worker-pool] submitRequest(triggerId=us-central1-api)"}}
[info] i  functions: Beginning execution of "us-central1-api" {"metadata":{"emulator":{"name":"functions"},"function":{"name":"us-central1-api"},"extension":{},"message":"Beginning execution of \"us-central1-api\""}}
[debug] [2025-01-24T10:39:27.061Z] [worker-us-central1-api-4578f245-d376-46a3-9fc7-b96791e05141]: BUSY {"metadata":{"emulator":{"name":"functions"},"function":{"name":"us-central1-api"},"extension":{},"message":"[worker-us-central1-api-4578f245-d376-46a3-9fc7-b96791e05141]: BUSY"}}
[info] >  Payment Request Received BOOM!!! for amount >>>  59900 {"user":"Payment Request Received BOOM!!! for amount >>>  59900","metadata":{"emulator":{"name":"functions"},"function":{"name":"us-central1-api"},"extension":{},"message":"\u001b[90m> \u001b[39m Payment Request Received BOOM!!! for amount >>>  59900"}}
[debug] [2025-01-24T10:39:27.496Z] Finishing up request with event=pause {"metadata":{"emulator":{"name":"functions"},"function":{"name":"us-central1-api"},"extension":{},"message":"Finishing up request with event=pause"}}
[info] i  functions: Finished "us-central1-api" in 435.9151ms {"metadata":{"emulator":{"name":"functions"},"function":{"name":"us-central1-api"},"extension":{},"message":"Finished \"us-central1-api\" in 435.9151ms"}}
[debug] [2025-01-24T10:39:27.498Z] [worker-us-central1-api-4578f245-d376-46a3-9fc7-b96791e05141]: IDLE {"metadata":{"emulator":{"name":"functions"},"function":{"name":"us-central1-api"},"extension":{},"message":"[worker-us-central1-api-4578f245-d376-46a3-9fc7-b96791e05141]: IDLE"}}
[debug] [2025-01-24T10:39:27.498Z] Finishing up request with event=finish {"metadata":{"emulator":{"name":"functions"},"function":{"name":"us-central1-api"},"extension":{},"message":"Finishing up request with event=finish"}}
[debug] [2025-01-24T10:39:27.498Z] Finishing up request with event=close {"metadata":{"emulator":{"name":"functions"},"function":{"name":"us-central1-api"},"extension":{},"message":"Finishing up request with event=close"}}
[debug] [2025-01-24T10:39:27.498Z] [work-queue] {"queuedWork":[],"queueLength":0,"runningWork":[],"workRunningCount":0}
[debug] [2025-01-24T10:39:29.656Z] [work-queue] {"queuedWork":["/clone-1cd78/us-central1/api/payments/create-2025-01-24T10:39:29.656Z"],"queueLength":1,"runningWork":[],"workRunningCount":0}
[debug] [2025-01-24T10:39:29.657Z] [work-queue] {"queuedWork":[],"queueLength":0,"runningWork":["/clone-1cd78/us-central1/api/payments/create-2025-01-24T10:39:29.656Z"],"workRunningCount":1}
[debug] [2025-01-24T10:39:29.657Z] Accepted request POST /clone-1cd78/us-central1/api/payments/create?total=0 --> us-central1-api
[debug] [2025-01-24T10:39:29.658Z] [functions] Runtime ready! Sending request! {"metadata":{"emulator":{"name":"functions"},"message":"[functions] Runtime ready! Sending request!"}}
[debug] [2025-01-24T10:39:29.658Z] [functions] Got req.url=/clone-1cd78/us-central1/api/payments/create?total=0, mapping to path=/payments/create?total=0 {"metadata":{"emulator":{"name":"functions"},"message":"[functions] Got req.url=/clone-1cd78/us-central1/api/payments/create?total=0, mapping to path=/payments/create?total=0"}}
[debug] [2025-01-24T10:39:29.658Z] [worker-pool] submitRequest(triggerId=us-central1-api) {"metadata":{"emulator":{"name":"functions"},"message":"[worker-pool] submitRequest(triggerId=us-central1-api)"}}
[info] i  functions: Beginning execution of "us-central1-api" {"metadata":{"emulator":{"name":"functions"},"function":{"name":"us-central1-api"},"extension":{},"message":"Beginning execution of \"us-central1-api\""}}
[debug] [2025-01-24T10:39:29.662Z] [worker-us-central1-api-4578f245-d376-46a3-9fc7-b96791e05141]: BUSY {"metadata":{"emulator":{"name":"functions"},"function":{"name":"us-central1-api"},"extension":{},"message":"[worker-us-central1-api-4578f245-d376-46a3-9fc7-b96791e05141]: BUSY"}}
[info] >  Payment Request Received BOOM!!! for amount >>>  0 {"user":"Payment Request Received BOOM!!! for amount >>>  0","metadata":{"emulator":{"name":"functions"},"function":{"name":"us-central1-api"},"extension":{},"message":"\u001b[90m> \u001b[39m Payment Request Received BOOM!!! for amount >>>  0"}}
[info] >  C:\Users\JEFRINA A P\Amazon_Clone\amazon\functions\node_modules\stripe\cjs\Error.js:11 {"user":"C:\\Users\\JEFRINA A P\\Amazon_Clone\\amazon\\functions\\node_modules\\stripe\\cjs\\Error.js:11\r","metadata":{"emulator":{"name":"functions"},"function":{"name":"us-central1-api"},"extension":{},"message":"\u001b[90m> \u001b[39m C:\\Users\\JEFRINA A P\\Amazon_Clone\\amazon\\functions\\node_modules\\stripe\\cjs\\Error.js:11\r"}}
[info] >              return new StripeInvalidRequestError(rawStripeError); {"user":"            return new StripeInvalidRequestError(rawStripeError);\r","metadata":{"emulator":{"name":"functions"},"function":{"name":"us-central1-api"},"extension":{},"message":"\u001b[90m> \u001b[39m             return new StripeInvalidRequestError(rawStripeError);\r"}}
[info] >                     ^ {"user":"                   ^\r","metadata":{"emulator":{"name":"functions"},"function":{"name":"us-central1-api"},"extension":{},"message":"\u001b[90m> \u001b[39m                    ^\r"}}
[info] >   {"user":"\r","metadata":{"emulator":{"name":"functions"},"function":{"name":"us-central1-api"},"extension":{},"message":"\u001b[90m> \u001b[39m \r"}}
[info] >  StripeInvalidRequestError: The amount must be greater than or equal to the minimum charge amount allowed for your account and the currency set (https://docs.stripe.com/currencies#minimum-and-maximum-charge-amounts).  If you want to save a Payment Method for future use without an immediate payment, use a Setup Intent instead: https://docs.stripe.com/payments/setup-intents {"user":"StripeInvalidRequestError: The amount must be greater than or equal to the minimum charge amount allowed for your account and the currency set (https://docs.stripe.com/currencies#minimum-and-maximum-charge-amounts).  If you want to save a Payment Method for future use without an immediate payment, use a Setup Intent instead: https://docs.stripe.com/payments/setup-intents\r","metadata":{"emulator":{"name":"functions"},"function":{"name":"us-central1-api"},"extension":{},"message":"\u001b[90m> \u001b[39m StripeInvalidRequestError: The amount must be greater than or equal to the minimum charge amount allowed for your account and the currency set (https://docs.stripe.com/currencies#minimum-and-maximum-charge-amounts).  If you want to save a Payment Method for future use without an immediate payment, use a Setup Intent instead: https://docs.stripe.com/payments/setup-intents\r"}}
[info] >      at generateV1Error (C:\Users\JEFRINA A P\Amazon_Clone\amazon\functions\node_modules\stripe\cjs\Error.js:11:20) {"user":"    at generateV1Error (C:\\Users\\JEFRINA A P\\Amazon_Clone\\amazon\\functions\\node_modules\\stripe\\cjs\\Error.js:11:20)\r","metadata":{"emulator":{"name":"functions"},"function":{"name":"us-central1-api"},"extension":{},"message":"\u001b[90m> \u001b[39m     at generateV1Error (C:\\Users\\JEFRINA A P\\Amazon_Clone\\amazon\\functions\\node_modules\\stripe\\cjs\\Error.js:11:20)\r"}}
[info] >      at res.toJSON.then.Error_js_1.StripeAPIError.message (C:\Users\JEFRINA A P\Amazon_Clone\amazon\functions\node_modules\stripe\cjs\RequestSender.js:108:62) {"user":"    at res.toJSON.then.Error_js_1.StripeAPIError.message (C:\\Users\\JEFRINA A P\\Amazon_Clone\\amazon\\functions\\node_modules\\stripe\\cjs\\RequestSender.js:108:62)\r","metadata":{"emulator":{"name":"functions"},"function":{"name":"us-central1-api"},"extension":{},"message":"\u001b[90m> \u001b[39m     at res.toJSON.then.Error_js_1.StripeAPIError.message (C:\\Users\\JEFRINA A P\\Amazon_Clone\\amazon\\functions\\node_modules\\stripe\\cjs\\RequestSender.js:108:62)\r"}}
[info] >      at process.processTicksAndRejections (node:internal/process/task_queues:95:5) { {"user":"    at process.processTicksAndRejections (node:internal/process/task_queues:95:5) {\r","metadata":{"emulator":{"name":"functions"},"function":{"name":"us-central1-api"},"extension":{},"message":"\u001b[90m> \u001b[39m     at process.processTicksAndRejections (node:internal/process/task_queues:95:5) {\r"}}
[info] >    type: 'StripeInvalidRequestError', {"user":"  type: 'StripeInvalidRequestError',\r","metadata":{"emulator":{"name":"functions"},"function":{"name":"us-central1-api"},"extension":{},"message":"\u001b[90m> \u001b[39m   type: 'StripeInvalidRequestError',\r"}}
[info] >    raw: { {"user":"  raw: {\r","metadata":{"emulator":{"name":"functions"},"function":{"name":"us-central1-api"},"extension":{},"message":"\u001b[90m> \u001b[39m   raw: {\r"}}
[info] >      code: 'parameter_invalid_integer', {"user":"    code: 'parameter_invalid_integer',\r","metadata":{"emulator":{"name":"functions"},"function":{"name":"us-central1-api"},"extension":{},"message":"\u001b[90m> \u001b[39m     code: 'parameter_invalid_integer',\r"}}
[info] >      doc_url: 'https://stripe.com/docs/error-codes/parameter-invalid-integer', {"user":"    doc_url: 'https://stripe.com/docs/error-codes/parameter-invalid-integer',\r","metadata":{"emulator":{"name":"functions"},"function":{"name":"us-central1-api"},"extension":{},"message":"\u001b[90m> \u001b[39m     doc_url: 'https://stripe.com/docs/error-codes/parameter-invalid-integer',\r"}}
[info] >      message: 'The amount must be greater than or equal to the minimum charge amount allowed for your account and the currency set (https://docs.stripe.com/currencies#minimum-and-maximum-charge-amounts).  If you want to save a Payment Method for future use without an immediate payment, use a Setup Intent instead: https://docs.stripe.com/payments/setup-intents', {"user":"    message: 'The amount must be greater than or equal to the minimum charge amount allowed for your account and the currency set (https://docs.stripe.com/currencies#minimum-and-maximum-charge-amounts).  If you want to save a Payment Method for future use without an immediate payment, use a Setup Intent instead: https://docs.stripe.com/payments/setup-intents',\r","metadata":{"emulator":{"name":"functions"},"function":{"name":"us-central1-api"},"extension":{},"message":"\u001b[90m> \u001b[39m     message: 'The amount must be greater than or equal to the minimum charge amount allowed for your account and the currency set (https://docs.stripe.com/currencies#minimum-and-maximum-charge-amounts).  If you want to save a Payment Method for future use without an immediate payment, use a Setup Intent instead: https://docs.stripe.com/payments/setup-intents',\r"}}
[info] >      param: 'amount', {"user":"    param: 'amount',\r","metadata":{"emulator":{"name":"functions"},"function":{"name":"us-central1-api"},"extension":{},"message":"\u001b[90m> \u001b[39m     param: 'amount',\r"}}
[info] >      request_log_url: 'https://dashboard.stripe.com/test/logs/req_tKmsbaxyakx2oG?t=1737715172', {"user":"    request_log_url: 'https://dashboard.stripe.com/test/logs/req_tKmsbaxyakx2oG?t=1737715172',\r","metadata":{"emulator":{"name":"functions"},"function":{"name":"us-central1-api"},"extension":{},"message":"\u001b[90m> \u001b[39m     request_log_url: 'https://dashboard.stripe.com/test/logs/req_tKmsbaxyakx2oG?t=1737715172',\r"}}
[info] >      type: 'invalid_request_error', {"user":"    type: 'invalid_request_error',\r","metadata":{"emulator":{"name":"functions"},"function":{"name":"us-central1-api"},"extension":{},"message":"\u001b[90m> \u001b[39m     type: 'invalid_request_error',\r"}}
[info] >      headers: { {"user":"    headers: {\r","metadata":{"emulator":{"name":"functions"},"function":{"name":"us-central1-api"},"extension":{},"message":"\u001b[90m> \u001b[39m     headers: {\r"}}
[info] >        server: 'nginx', {"user":"      server: 'nginx',\r","metadata":{"emulator":{"name":"functions"},"function":{"name":"us-central1-api"},"extension":{},"message":"\u001b[90m> \u001b[39m       server: 'nginx',\r"}}
[info] >        date: 'Fri, 24 Jan 2025 10:39:32 GMT', {"user":"      date: 'Fri, 24 Jan 2025 10:39:32 GMT',\r","metadata":{"emulator":{"name":"functions"},"function":{"name":"us-central1-api"},"extension":{},"message":"\u001b[90m> \u001b[39m       date: 'Fri, 24 Jan 2025 10:39:32 GMT',\r"}}
[info] >        'content-type': 'application/json', {"user":"      'content-type': 'application/json',\r","metadata":{"emulator":{"name":"functions"},"function":{"name":"us-central1-api"},"extension":{},"message":"\u001b[90m> \u001b[39m       'content-type': 'application/json',\r"}}
[info] >        'content-length': '663', {"user":"      'content-length': '663',\r","metadata":{"emulator":{"name":"functions"},"function":{"name":"us-central1-api"},"extension":{},"message":"\u001b[90m> \u001b[39m       'content-length': '663',\r"}}
[info] >        connection: 'keep-alive', {"user":"      connection: 'keep-alive',\r","metadata":{"emulator":{"name":"functions"},"function":{"name":"us-central1-api"},"extension":{},"message":"\u001b[90m> \u001b[39m       connection: 'keep-alive',\r"}}
[info] >        'access-control-allow-credentials': 'true', {"user":"      'access-control-allow-credentials': 'true',\r","metadata":{"emulator":{"name":"functions"},"function":{"name":"us-central1-api"},"extension":{},"message":"\u001b[90m> \u001b[39m       'access-control-allow-credentials': 'true',\r"}}
[info] >        'access-control-allow-methods': 'GET, HEAD, PUT, PATCH, POST, DELETE', {"user":"      'access-control-allow-methods': 'GET, HEAD, PUT, PATCH, POST, DELETE',\r","metadata":{"emulator":{"name":"functions"},"function":{"name":"us-central1-api"},"extension":{},"message":"\u001b[90m> \u001b[39m       'access-control-allow-methods': 'GET, HEAD, PUT, PATCH, POST, DELETE',\r"}}
[info] >        'access-control-allow-origin': '*', {"user":"      'access-control-allow-origin': '*',\r","metadata":{"emulator":{"name":"functions"},"function":{"name":"us-central1-api"},"extension":{},"message":"\u001b[90m> \u001b[39m       'access-control-allow-origin': '*',\r"}}
[info] >        'access-control-expose-headers': 'Request-Id, Stripe-Manage-Version, Stripe-Should-Retry, X-Stripe-External-Auth-Required, X-Stripe-Privileged-Session-Required', {"user":"      'access-control-expose-headers': 'Request-Id, Stripe-Manage-Version, Stripe-Should-Retry, X-Stripe-External-Auth-Required, X-Stripe-Privileged-Session-Required',\r","metadata":{"emulator":{"name":"functions"},"function":{"name":"us-central1-api"},"extension":{},"message":"\u001b[90m> \u001b[39m       'access-control-expose-headers': 'Request-Id, Stripe-Manage-Version, Stripe-Should-Retry, X-Stripe-External-Auth-Required, X-Stripe-Privileged-Session-Required',\r"}}
[info] >        'access-control-max-age': '300', {"user":"      'access-control-max-age': '300',\r","metadata":{"emulator":{"name":"functions"},"function":{"name":"us-central1-api"},"extension":{},"message":"\u001b[90m> \u001b[39m       'access-control-max-age': '300',\r"}}
[info] >        'cache-control': 'no-cache, no-store', {"user":"      'cache-control': 'no-cache, no-store',\r","metadata":{"emulator":{"name":"functions"},"function":{"name":"us-central1-api"},"extension":{},"message":"\u001b[90m> \u001b[39m       'cache-control': 'no-cache, no-store',\r"}}
[info] >        'content-security-policy': "base-uri 'none'; default-src 'none'; form-action 'none'; frame-ancestors 'none'; img-src 'self'; script-src 'self' 'report-sample'; style-src 'self'; upgrade-insecure-requests; report-uri https://q.stripe.com/csp-violation?q=a0OQIu2Q8a7EpsPAQLrwInfHkkYYZrQUww9J-pvJyfgLKAVS2x96cJjPYuKHBlDK3FX5rUcA12fMlw9W", {"user":"      'content-security-policy': \"base-uri 'none'; default-src 'none'; form-action 'none'; frame-ancestors 'none'; img-src 'self'; script-src 'self' 'report-sample'; style-src 'self'; upgrade-insecure-requests; report-uri https://q.stripe.com/csp-violation?q=a0OQIu2Q8a7EpsPAQLrwInfHkkYYZrQUww9J-pvJyfgLKAVS2x96cJjPYuKHBlDK3FX5rUcA12fMlw9W\",\r","metadata":{"emulator":{"name":"functions"},"function":{"name":"us-central1-api"},"extension":{},"message":"\u001b[90m> \u001b[39m       'content-security-policy': \"base-uri 'none'; default-src 'none'; form-action 'none'; frame-ancestors 'none'; img-src 'self'; script-src 'self' 'report-sample'; style-src 'self'; upgrade-insecure-requests; report-uri https://q.stripe.com/csp-violation?q=a0OQIu2Q8a7EpsPAQLrwInfHkkYYZrQUww9J-pvJyfgLKAVS2x96cJjPYuKHBlDK3FX5rUcA12fMlw9W\",\r"}}
[info] >        'cross-origin-opener-policy-report-only': 'same-origin; report-to="coop"', {"user":"      'cross-origin-opener-policy-report-only': 'same-origin; report-to=\"coop\"',\r","metadata":{"emulator":{"name":"functions"},"function":{"name":"us-central1-api"},"extension":{},"message":"\u001b[90m> \u001b[39m       'cross-origin-opener-policy-report-only': 'same-origin; report-to=\"coop\"',\r"}}
[info] >        'idempotency-key': 'stripe-node-retry-92ab88c3-f758-4b3b-a05c-ffc52fcfd465', {"user":"      'idempotency-key': 'stripe-node-retry-92ab88c3-f758-4b3b-a05c-ffc52fcfd465',\r","metadata":{"emulator":{"name":"functions"},"function":{"name":"us-central1-api"},"extension":{},"message":"\u001b[90m> \u001b[39m       'idempotency-key': 'stripe-node-retry-92ab88c3-f758-4b3b-a05c-ffc52fcfd465',\r"}}
[info] >        'original-request': 'req_tKmsbaxyakx2oG', {"user":"      'original-request': 'req_tKmsbaxyakx2oG',\r","metadata":{"emulator":{"name":"functions"},"function":{"name":"us-central1-api"},"extension":{},"message":"\u001b[90m> \u001b[39m       'original-request': 'req_tKmsbaxyakx2oG',\r"}}
[info] >        'report-to': '{"group":"coop","max_age":8640,"endpoints":[{"url":"https://q.stripe.com/coop-report"}],"include_subdomains":true}', {"user":"      'report-to': '{\"group\":\"coop\",\"max_age\":8640,\"endpoints\":[{\"url\":\"https://q.stripe.com/coop-report\"}],\"include_subdomains\":true}',\r","metadata":{"emulator":{"name":"functions"},"function":{"name":"us-central1-api"},"extension":{},"message":"\u001b[90m> \u001b[39m       'report-to': '{\"group\":\"coop\",\"max_age\":8640,\"endpoints\":[{\"url\":\"https://q.stripe.com/coop-report\"}],\"include_subdomains\":true}',\r"}}
[info] >        'reporting-endpoints': 'coop="https://q.stripe.com/coop-report"', {"user":"      'reporting-endpoints': 'coop=\"https://q.stripe.com/coop-report\"',\r","metadata":{"emulator":{"name":"functions"},"function":{"name":"us-central1-api"},"extension":{},"message":"\u001b[90m> \u001b[39m       'reporting-endpoints': 'coop=\"https://q.stripe.com/coop-report\"',\r"}}
[info] >        'request-id': 'req_tKmsbaxyakx2oG', {"user":"      'request-id': 'req_tKmsbaxyakx2oG',\r","metadata":{"emulator":{"name":"functions"},"function":{"name":"us-central1-api"},"extension":{},"message":"\u001b[90m> \u001b[39m       'request-id': 'req_tKmsbaxyakx2oG',\r"}}
[info] >        'stripe-version': '2024-12-18.acacia', {"user":"      'stripe-version': '2024-12-18.acacia',\r","metadata":{"emulator":{"name":"functions"},"function":{"name":"us-central1-api"},"extension":{},"message":"\u001b[90m> \u001b[39m       'stripe-version': '2024-12-18.acacia',\r"}}
[info] >        vary: 'Origin', {"user":"      vary: 'Origin',\r","metadata":{"emulator":{"name":"functions"},"function":{"name":"us-central1-api"},"extension":{},"message":"\u001b[90m> \u001b[39m       vary: 'Origin',\r"}}
[info] >        'x-content-type-options': 'nosniff', {"user":"      'x-content-type-options': 'nosniff',\r","metadata":{"emulator":{"name":"functions"},"function":{"name":"us-central1-api"},"extension":{},"message":"\u001b[90m> \u001b[39m       'x-content-type-options': 'nosniff',\r"}}
[info] >        'x-stripe-priority-routing-enabled': 'true', {"user":"      'x-stripe-priority-routing-enabled': 'true',\r","metadata":{"emulator":{"name":"functions"},"function":{"name":"us-central1-api"},"extension":{},"message":"\u001b[90m> \u001b[39m       'x-stripe-priority-routing-enabled': 'true',\r"}}
[info] >        'x-stripe-routing-context-priority-tier': 'api-testmode', {"user":"      'x-stripe-routing-context-priority-tier': 'api-testmode',\r","metadata":{"emulator":{"name":"functions"},"function":{"name":"us-central1-api"},"extension":{},"message":"\u001b[90m> \u001b[39m       'x-stripe-routing-context-priority-tier': 'api-testmode',\r"}}
[info] >        'x-wc': 'AB', {"user":"      'x-wc': 'AB',\r","metadata":{"emulator":{"name":"functions"},"function":{"name":"us-central1-api"},"extension":{},"message":"\u001b[90m> \u001b[39m       'x-wc': 'AB',\r"}}
[info] >        'strict-transport-security': 'max-age=63072000; includeSubDomains; preload' {"user":"      'strict-transport-security': 'max-age=63072000; includeSubDomains; preload'\r","metadata":{"emulator":{"name":"functions"},"function":{"name":"us-central1-api"},"extension":{},"message":"\u001b[90m> \u001b[39m       'strict-transport-security': 'max-age=63072000; includeSubDomains; preload'\r"}}
[info] >      }, {"user":"    },\r","metadata":{"emulator":{"name":"functions"},"function":{"name":"us-central1-api"},"extension":{},"message":"\u001b[90m> \u001b[39m     },\r"}}
[info] >      statusCode: 400, {"user":"    statusCode: 400,\r","metadata":{"emulator":{"name":"functions"},"function":{"name":"us-central1-api"},"extension":{},"message":"\u001b[90m> \u001b[39m     statusCode: 400,\r"}}
[info] >      requestId: 'req_tKmsbaxyakx2oG' {"user":"    requestId: 'req_tKmsbaxyakx2oG'\r","metadata":{"emulator":{"name":"functions"},"function":{"name":"us-central1-api"},"extension":{},"message":"\u001b[90m> \u001b[39m     requestId: 'req_tKmsbaxyakx2oG'\r"}}
[info] >    }, {"user":"  },\r","metadata":{"emulator":{"name":"functions"},"function":{"name":"us-central1-api"},"extension":{},"message":"\u001b[90m> \u001b[39m   },\r"}}
[info] >    rawType: 'invalid_request_error', {"user":"  rawType: 'invalid_request_error',\r","metadata":{"emulator":{"name":"functions"},"function":{"name":"us-central1-api"},"extension":{},"message":"\u001b[90m> \u001b[39m   rawType: 'invalid_request_error',\r"}}
[info] >    code: 'parameter_invalid_integer', {"user":"  code: 'parameter_invalid_integer',\r","metadata":{"emulator":{"name":"functions"},"function":{"name":"us-central1-api"},"extension":{},"message":"\u001b[90m> \u001b[39m   code: 'parameter_invalid_integer',\r"}}
[info] >    doc_url: 'https://stripe.com/docs/error-codes/parameter-invalid-integer', {"user":"  doc_url: 'https://stripe.com/docs/error-codes/parameter-invalid-integer',\r","metadata":{"emulator":{"name":"functions"},"function":{"name":"us-central1-api"},"extension":{},"message":"\u001b[90m> \u001b[39m   doc_url: 'https://stripe.com/docs/error-codes/parameter-invalid-integer',\r"}}
[info] >    param: 'amount', {"user":"  param: 'amount',\r","metadata":{"emulator":{"name":"functions"},"function":{"name":"us-central1-api"},"extension":{},"message":"\u001b[90m> \u001b[39m   param: 'amount',\r"}}
[info] >    detail: undefined, {"user":"  detail: undefined,\r","metadata":{"emulator":{"name":"functions"},"function":{"name":"us-central1-api"},"extension":{},"message":"\u001b[90m> \u001b[39m   detail: undefined,\r"}}
[info] >    headers: { {"user":"  headers: {\r","metadata":{"emulator":{"name":"functions"},"function":{"name":"us-central1-api"},"extension":{},"message":"\u001b[90m> \u001b[39m   headers: {\r"}}
[info] >      server: 'nginx', {"user":"    server: 'nginx',\r","metadata":{"emulator":{"name":"functions"},"function":{"name":"us-central1-api"},"extension":{},"message":"\u001b[90m> \u001b[39m     server: 'nginx',\r"}}
[info] >      date: 'Fri, 24 Jan 2025 10:39:32 GMT', {"user":"    date: 'Fri, 24 Jan 2025 10:39:32 GMT',\r","metadata":{"emulator":{"name":"functions"},"function":{"name":"us-central1-api"},"extension":{},"message":"\u001b[90m> \u001b[39m     date: 'Fri, 24 Jan 2025 10:39:32 GMT',\r"}}
[info] >      'content-type': 'application/json', {"user":"    'content-type': 'application/json',\r","metadata":{"emulator":{"name":"functions"},"function":{"name":"us-central1-api"},"extension":{},"message":"\u001b[90m> \u001b[39m     'content-type': 'application/json',\r"}}
[info] >      'content-length': '663', {"user":"    'content-length': '663',\r","metadata":{"emulator":{"name":"functions"},"function":{"name":"us-central1-api"},"extension":{},"message":"\u001b[90m> \u001b[39m     'content-length': '663',\r"}}
[info] >      connection: 'keep-alive', {"user":"    connection: 'keep-alive',\r","metadata":{"emulator":{"name":"functions"},"function":{"name":"us-central1-api"},"extension":{},"message":"\u001b[90m> \u001b[39m     connection: 'keep-alive',\r"}}
[info] >      'access-control-allow-credentials': 'true', {"user":"    'access-control-allow-credentials': 'true',\r","metadata":{"emulator":{"name":"functions"},"function":{"name":"us-central1-api"},"extension":{},"message":"\u001b[90m> \u001b[39m     'access-control-allow-credentials': 'true',\r"}}
[info] >      'access-control-allow-methods': 'GET, HEAD, PUT, PATCH, POST, DELETE', {"user":"    'access-control-allow-methods': 'GET, HEAD, PUT, PATCH, POST, DELETE',\r","metadata":{"emulator":{"name":"functions"},"function":{"name":"us-central1-api"},"extension":{},"message":"\u001b[90m> \u001b[39m     'access-control-allow-methods': 'GET, HEAD, PUT, PATCH, POST, DELETE',\r"}}
[info] >      'access-control-allow-origin': '*', {"user":"    'access-control-allow-origin': '*',\r","metadata":{"emulator":{"name":"functions"},"function":{"name":"us-central1-api"},"extension":{},"message":"\u001b[90m> \u001b[39m     'access-control-allow-origin': '*',\r"}}
[info] >      'access-control-expose-headers': 'Request-Id, Stripe-Manage-Version, Stripe-Should-Retry, X-Stripe-External-Auth-Required, X-Stripe-Privileged-Session-Required', {"user":"    'access-control-expose-headers': 'Request-Id, Stripe-Manage-Version, Stripe-Should-Retry, X-Stripe-External-Auth-Required, X-Stripe-Privileged-Session-Required',\r","metadata":{"emulator":{"name":"functions"},"function":{"name":"us-central1-api"},"extension":{},"message":"\u001b[90m> \u001b[39m     'access-control-expose-headers': 'Request-Id, Stripe-Manage-Version, Stripe-Should-Retry, X-Stripe-External-Auth-Required, X-Stripe-Privileged-Session-Required',\r"}}
[info] >      'access-control-max-age': '300', {"user":"    'access-control-max-age': '300',\r","metadata":{"emulator":{"name":"functions"},"function":{"name":"us-central1-api"},"extension":{},"message":"\u001b[90m> \u001b[39m     'access-control-max-age': '300',\r"}}
[info] >      'cache-control': 'no-cache, no-store', {"user":"    'cache-control': 'no-cache, no-store',\r","metadata":{"emulator":{"name":"functions"},"function":{"name":"us-central1-api"},"extension":{},"message":"\u001b[90m> \u001b[39m     'cache-control': 'no-cache, no-store',\r"}}
[info] >      'content-security-policy': "base-uri 'none'; default-src 'none'; form-action 'none'; frame-ancestors 'none'; img-src 'self'; script-src 'self' 'report-sample'; style-src 'self'; upgrade-insecure-requests; report-uri https://q.stripe.com/csp-violation?q=a0OQIu2Q8a7EpsPAQLrwInfHkkYYZrQUww9J-pvJyfgLKAVS2x96cJjPYuKHBlDK3FX5rUcA12fMlw9W", {"user":"    'content-security-policy': \"base-uri 'none'; default-src 'none'; form-action 'none'; frame-ancestors 'none'; img-src 'self'; script-src 'self' 'report-sample'; style-src 'self'; upgrade-insecure-requests; report-uri https://q.stripe.com/csp-violation?q=a0OQIu2Q8a7EpsPAQLrwInfHkkYYZrQUww9J-pvJyfgLKAVS2x96cJjPYuKHBlDK3FX5rUcA12fMlw9W\",\r","metadata":{"emulator":{"name":"functions"},"function":{"name":"us-central1-api"},"extension":{},"message":"\u001b[90m> \u001b[39m     'content-security-policy': \"base-uri 'none'; default-src 'none'; form-action 'none'; frame-ancestors 'none'; img-src 'self'; script-src 'self' 'report-sample'; style-src 'self'; upgrade-insecure-requests; report-uri https://q.stripe.com/csp-violation?q=a0OQIu2Q8a7EpsPAQLrwInfHkkYYZrQUww9J-pvJyfgLKAVS2x96cJjPYuKHBlDK3FX5rUcA12fMlw9W\",\r"}}
[info] >      'cross-origin-opener-policy-report-only': 'same-origin; report-to="coop"', {"user":"    'cross-origin-opener-policy-report-only': 'same-origin; report-to=\"coop\"',\r","metadata":{"emulator":{"name":"functions"},"function":{"name":"us-central1-api"},"extension":{},"message":"\u001b[90m> \u001b[39m     'cross-origin-opener-policy-report-only': 'same-origin; report-to=\"coop\"',\r"}}
[info] >      'idempotency-key': 'stripe-node-retry-92ab88c3-f758-4b3b-a05c-ffc52fcfd465', {"user":"    'idempotency-key': 'stripe-node-retry-92ab88c3-f758-4b3b-a05c-ffc52fcfd465',\r","metadata":{"emulator":{"name":"functions"},"function":{"name":"us-central1-api"},"extension":{},"message":"\u001b[90m> \u001b[39m     'idempotency-key': 'stripe-node-retry-92ab88c3-f758-4b3b-a05c-ffc52fcfd465',\r"}}
[info] >      'original-request': 'req_tKmsbaxyakx2oG', {"user":"    'original-request': 'req_tKmsbaxyakx2oG',\r","metadata":{"emulator":{"name":"functions"},"function":{"name":"us-central1-api"},"extension":{},"message":"\u001b[90m> \u001b[39m     'original-request': 'req_tKmsbaxyakx2oG',\r"}}
[info] >      'report-to': '{"group":"coop","max_age":8640,"endpoints":[{"url":"https://q.stripe.com/coop-report"}],"include_subdomains":true}', {"user":"    'report-to': '{\"group\":\"coop\",\"max_age\":8640,\"endpoints\":[{\"url\":\"https://q.stripe.com/coop-report\"}],\"include_subdomains\":true}',\r","metadata":{"emulator":{"name":"functions"},"function":{"name":"us-central1-api"},"extension":{},"message":"\u001b[90m> \u001b[39m     'report-to': '{\"group\":\"coop\",\"max_age\":8640,\"endpoints\":[{\"url\":\"https://q.stripe.com/coop-report\"}],\"include_subdomains\":true}',\r"}}
[info] >      'reporting-endpoints': 'coop="https://q.stripe.com/coop-report"', {"user":"    'reporting-endpoints': 'coop=\"https://q.stripe.com/coop-report\"',\r","metadata":{"emulator":{"name":"functions"},"function":{"name":"us-central1-api"},"extension":{},"message":"\u001b[90m> \u001b[39m     'reporting-endpoints': 'coop=\"https://q.stripe.com/coop-report\"',\r"}}
[info] >      'request-id': 'req_tKmsbaxyakx2oG', {"user":"    'request-id': 'req_tKmsbaxyakx2oG',\r","metadata":{"emulator":{"name":"functions"},"function":{"name":"us-central1-api"},"extension":{},"message":"\u001b[90m> \u001b[39m     'request-id': 'req_tKmsbaxyakx2oG',\r"}}
[info] >      'stripe-version': '2024-12-18.acacia', {"user":"    'stripe-version': '2024-12-18.acacia',\r","metadata":{"emulator":{"name":"functions"},"function":{"name":"us-central1-api"},"extension":{},"message":"\u001b[90m> \u001b[39m     'stripe-version': '2024-12-18.acacia',\r"}}
[info] >      vary: 'Origin', {"user":"    vary: 'Origin',\r","metadata":{"emulator":{"name":"functions"},"function":{"name":"us-central1-api"},"extension":{},"message":"\u001b[90m> \u001b[39m     vary: 'Origin',\r"}}
[info] >      'x-content-type-options': 'nosniff', {"user":"    'x-content-type-options': 'nosniff',\r","metadata":{"emulator":{"name":"functions"},"function":{"name":"us-central1-api"},"extension":{},"message":"\u001b[90m> \u001b[39m     'x-content-type-options': 'nosniff',\r"}}
[info] >      'x-stripe-priority-routing-enabled': 'true', {"user":"    'x-stripe-priority-routing-enabled': 'true',\r","metadata":{"emulator":{"name":"functions"},"function":{"name":"us-central1-api"},"extension":{},"message":"\u001b[90m> \u001b[39m     'x-stripe-priority-routing-enabled': 'true',\r"}}
[info] >      'x-stripe-routing-context-priority-tier': 'api-testmode', {"user":"    'x-stripe-routing-context-priority-tier': 'api-testmode',\r","metadata":{"emulator":{"name":"functions"},"function":{"name":"us-central1-api"},"extension":{},"message":"\u001b[90m> \u001b[39m     'x-stripe-routing-context-priority-tier': 'api-testmode',\r"}}
[info] >      'x-wc': 'AB', {"user":"    'x-wc': 'AB',\r","metadata":{"emulator":{"name":"functions"},"function":{"name":"us-central1-api"},"extension":{},"message":"\u001b[90m> \u001b[39m     'x-wc': 'AB',\r"}}
[info] >      'strict-transport-security': 'max-age=63072000; includeSubDomains; preload' {"user":"    'strict-transport-security': 'max-age=63072000; includeSubDomains; preload'\r","metadata":{"emulator":{"name":"functions"},"function":{"name":"us-central1-api"},"extension":{},"message":"\u001b[90m> \u001b[39m     'strict-transport-security': 'max-age=63072000; includeSubDomains; preload'\r"}}
[info] >    }, {"user":"  },\r","metadata":{"emulator":{"name":"functions"},"function":{"name":"us-central1-api"},"extension":{},"message":"\u001b[90m> \u001b[39m   },\r"}}
[info] >    requestId: 'req_tKmsbaxyakx2oG', {"user":"  requestId: 'req_tKmsbaxyakx2oG',\r","metadata":{"emulator":{"name":"functions"},"function":{"name":"us-central1-api"},"extension":{},"message":"\u001b[90m> \u001b[39m   requestId: 'req_tKmsbaxyakx2oG',\r"}}
[info] >    statusCode: 400, {"user":"  statusCode: 400,\r","metadata":{"emulator":{"name":"functions"},"function":{"name":"us-central1-api"},"extension":{},"message":"\u001b[90m> \u001b[39m   statusCode: 400,\r"}}
[info] >    userMessage: undefined, {"user":"  userMessage: undefined,\r","metadata":{"emulator":{"name":"functions"},"function":{"name":"us-central1-api"},"extension":{},"message":"\u001b[90m> \u001b[39m   userMessage: undefined,\r"}}
[info] >    charge: undefined, {"user":"  charge: undefined,\r","metadata":{"emulator":{"name":"functions"},"function":{"name":"us-central1-api"},"extension":{},"message":"\u001b[90m> \u001b[39m   charge: undefined,\r"}}
[info] >    decline_code: undefined, {"user":"  decline_code: undefined,\r","metadata":{"emulator":{"name":"functions"},"function":{"name":"us-central1-api"},"extension":{},"message":"\u001b[90m> \u001b[39m   decline_code: undefined,\r"}}
[info] >    payment_intent: undefined, {"user":"  payment_intent: undefined,\r","metadata":{"emulator":{"name":"functions"},"function":{"name":"us-central1-api"},"extension":{},"message":"\u001b[90m> \u001b[39m   payment_intent: undefined,\r"}}
[info] >    payment_method: undefined, {"user":"  payment_method: undefined,\r","metadata":{"emulator":{"name":"functions"},"function":{"name":"us-central1-api"},"extension":{},"message":"\u001b[90m> \u001b[39m   payment_method: undefined,\r"}}
[info] >    payment_method_type: undefined, {"user":"  payment_method_type: undefined,\r","metadata":{"emulator":{"name":"functions"},"function":{"name":"us-central1-api"},"extension":{},"message":"\u001b[90m> \u001b[39m   payment_method_type: undefined,\r"}}
[info] >    setup_intent: undefined, {"user":"  setup_intent: undefined,\r","metadata":{"emulator":{"name":"functions"},"function":{"name":"us-central1-api"},"extension":{},"message":"\u001b[90m> \u001b[39m   setup_intent: undefined,\r"}}
[info] >    source: undefined {"user":"  source: undefined\r","metadata":{"emulator":{"name":"functions"},"function":{"name":"us-central1-api"},"extension":{},"message":"\u001b[90m> \u001b[39m   source: undefined\r"}}
[info] >  } {"user":"}\r","metadata":{"emulator":{"name":"functions"},"function":{"name":"us-central1-api"},"extension":{},"message":"\u001b[90m> \u001b[39m }\r"}}
[info] >   {"user":"\r","metadata":{"emulator":{"name":"functions"},"function":{"name":"us-central1-api"},"extension":{},"message":"\u001b[90m> \u001b[39m \r"}}
[info] >  Node.js v22.4.1 {"user":"Node.js v22.4.1\r","metadata":{"emulator":{"name":"functions"},"function":{"name":"us-central1-api"},"extension":{},"message":"\u001b[90m> \u001b[39m Node.js v22.4.1\r"}}
[error] i  Request to function failed: Error: socket hang up {"metadata":{"emulator":{"name":"functions"},"function":{"name":"us-central1-api"},"extension":{},"message":"Request to function failed: Error: socket hang up"}}
[debug] [2025-01-24T10:39:30.056Z] [work-queue] {"queuedWork":[],"queueLength":0,"runningWork":[],"workRunningCount":0}
[debug] [2025-01-24T10:39:30.056Z] [worker-us-central1-api-4578f245-d376-46a3-9fc7-b96791e05141]: exited {"metadata":{"emulator":{"name":"functions"},"function":{"name":"us-central1-api"},"extension":{},"message":"[worker-us-central1-api-4578f245-d376-46a3-9fc7-b96791e05141]: exited"}}
[debug] [2025-01-24T10:39:30.056Z] [worker-us-central1-api-4578f245-d376-46a3-9fc7-b96791e05141]: FINISHED {"metadata":{"emulator":{"name":"functions"},"function":{"name":"us-central1-api"},"extension":{},"message":"[worker-us-central1-api-4578f245-d376-46a3-9fc7-b96791e05141]: FINISHED"}}
[debug] [2025-01-24T10:44:18.073Z] [work-queue] {"queuedWork":["/clone-1cd78/us-central1/api/payments/create-2025-01-24T10:44:18.073Z"],"queueLength":1,"runningWork":[],"workRunningCount":0}
[debug] [2025-01-24T10:44:18.073Z] [work-queue] {"queuedWork":[],"queueLength":0,"runningWork":["/clone-1cd78/us-central1/api/payments/create-2025-01-24T10:44:18.073Z"],"workRunningCount":1}
[debug] [2025-01-24T10:44:18.073Z] Accepted request POST /clone-1cd78/us-central1/api/payments/create?total=1373100 --> us-central1-api
[debug] [2025-01-24T10:44:18.077Z] [functions] Runtime ready! Sending request! {"metadata":{"emulator":{"name":"functions"},"message":"[functions] Runtime ready! Sending request!"}}
[debug] [2025-01-24T10:44:18.077Z] [functions] Got req.url=/clone-1cd78/us-central1/api/payments/create?total=1373100, mapping to path=/payments/create?total=1373100 {"metadata":{"emulator":{"name":"functions"},"message":"[functions] Got req.url=/clone-1cd78/us-central1/api/payments/create?total=1373100, mapping to path=/payments/create?total=1373100"}}
[debug] [2025-01-24T10:44:18.077Z] [worker-pool] Cleaned up workers for us-central1-api: 2 --> 1 {"metadata":{"emulator":{"name":"functions"},"message":"[worker-pool] Cleaned up workers for us-central1-api: 2 --> 1"}}
[debug] [2025-01-24T10:44:18.077Z] [worker-pool] submitRequest(triggerId=us-central1-api) {"metadata":{"emulator":{"name":"functions"},"message":"[worker-pool] submitRequest(triggerId=us-central1-api)"}}
[info] i  functions: Beginning execution of "us-central1-api" {"metadata":{"emulator":{"name":"functions"},"function":{"name":"us-central1-api"},"extension":{},"message":"Beginning execution of \"us-central1-api\""}}
[debug] [2025-01-24T10:44:18.085Z] [worker-us-central1-api-5a79c52a-ed8c-43f8-a3e2-107df27fe8ac]: BUSY {"metadata":{"emulator":{"name":"functions"},"function":{"name":"us-central1-api"},"extension":{},"message":"[worker-us-central1-api-5a79c52a-ed8c-43f8-a3e2-107df27fe8ac]: BUSY"}}
[debug] [2025-01-24T10:44:18.085Z] [work-queue] {"queuedWork":["/clone-1cd78/us-central1/api/payments/create-2025-01-24T10:44:18.085Z"],"queueLength":1,"runningWork":["/clone-1cd78/us-central1/api/payments/create-2025-01-24T10:44:18.073Z"],"workRunningCount":1}
[debug] [2025-01-24T10:44:18.085Z] [work-queue] {"queuedWork":[],"queueLength":0,"runningWork":["/clone-1cd78/us-central1/api/payments/create-2025-01-24T10:44:18.073Z","/clone-1cd78/us-central1/api/payments/create-2025-01-24T10:44:18.085Z"],"workRunningCount":2}
[debug] [2025-01-24T10:44:18.085Z] Accepted request POST /clone-1cd78/us-central1/api/payments/create?total=1373100 --> us-central1-api
[debug] [2025-01-24T10:44:18.088Z] [functions] Runtime ready! Sending request! {"metadata":{"emulator":{"name":"functions"},"message":"[functions] Runtime ready! Sending request!"}}
[debug] [2025-01-24T10:44:18.088Z] [functions] Got req.url=/clone-1cd78/us-central1/api/payments/create?total=1373100, mapping to path=/payments/create?total=1373100 {"metadata":{"emulator":{"name":"functions"},"message":"[functions] Got req.url=/clone-1cd78/us-central1/api/payments/create?total=1373100, mapping to path=/payments/create?total=1373100"}}
[debug] [2025-01-24T10:44:18.099Z] [worker-pool] addWorker(us-central1-api) {"metadata":{"emulator":{"name":"functions"},"message":"[worker-pool] addWorker(us-central1-api)"}}
[debug] [2025-01-24T10:44:18.099Z] [worker-pool] Adding worker with key us-central1-api, total=2 {"metadata":{"emulator":{"name":"functions"},"message":"[worker-pool] Adding worker with key us-central1-api, total=2"}}
[info] >  Payment Request Received BOOM!!! for amount >>>  1373100 {"user":"Payment Request Received BOOM!!! for amount >>>  1373100","metadata":{"emulator":{"name":"functions"},"function":{"name":"us-central1-api"},"extension":{},"message":"\u001b[90m> \u001b[39m Payment Request Received BOOM!!! for amount >>>  1373100"}}
[debug] [2025-01-24T10:44:19.014Z] Finishing up request with event=pause {"metadata":{"emulator":{"name":"functions"},"function":{"name":"us-central1-api"},"extension":{},"message":"Finishing up request with event=pause"}}
[info] i  functions: Finished "us-central1-api" in 929.6304ms {"metadata":{"emulator":{"name":"functions"},"function":{"name":"us-central1-api"},"extension":{},"message":"Finished \"us-central1-api\" in 929.6304ms"}}
[debug] [2025-01-24T10:44:19.015Z] [worker-us-central1-api-5a79c52a-ed8c-43f8-a3e2-107df27fe8ac]: IDLE {"metadata":{"emulator":{"name":"functions"},"function":{"name":"us-central1-api"},"extension":{},"message":"[worker-us-central1-api-5a79c52a-ed8c-43f8-a3e2-107df27fe8ac]: IDLE"}}
[debug] [2025-01-24T10:44:19.015Z] Finishing up request with event=finish {"metadata":{"emulator":{"name":"functions"},"function":{"name":"us-central1-api"},"extension":{},"message":"Finishing up request with event=finish"}}
[debug] [2025-01-24T10:44:19.015Z] Finishing up request with event=close {"metadata":{"emulator":{"name":"functions"},"function":{"name":"us-central1-api"},"extension":{},"message":"Finishing up request with event=close"}}
[debug] [2025-01-24T10:44:19.015Z] [work-queue] {"queuedWork":[],"queueLength":0,"runningWork":["/clone-1cd78/us-central1/api/payments/create-2025-01-24T10:44:18.085Z"],"workRunningCount":1}
[info] >  (node:944) [DEP0040] DeprecationWarning: The `punycode` module is deprecated. Please use a userland alternative instead. {"user":"(node:944) [DEP0040] DeprecationWarning: The `punycode` module is deprecated. Please use a userland alternative instead.","metadata":{"emulator":{"name":"functions"},"function":{"name":"us-central1-api"},"extension":{},"message":"\u001b[90m> \u001b[39m (node:944) [DEP0040] DeprecationWarning: The `punycode` module is deprecated. Please use a userland alternative instead."}}
[info] >  (Use `node --trace-deprecation ...` to show where the warning was created) {"user":"(Use `node --trace-deprecation ...` to show where the warning was created)","metadata":{"emulator":{"name":"functions"},"function":{"name":"us-central1-api"},"extension":{},"message":"\u001b[90m> \u001b[39m (Use `node --trace-deprecation ...` to show where the warning was created)"}}
[debug] [2025-01-24T10:44:19.637Z] [runtime-status] [944] Resolved module firebase-admin {"declared":true,"installed":true,"version":"12.7.0","resolution":"C:\\Users\\JEFRINA A P\\Amazon_Clone\\amazon\\functions\\node_modules\\firebase-admin\\lib\\index.js"} {"metadata":{"emulator":{"name":"functions"},"function":{"name":"us-central1-api"},"extension":{},"message":"[runtime-status] [944] Resolved module firebase-admin {\"declared\":true,\"installed\":true,\"version\":\"12.7.0\",\"resolution\":\"C:\\\\Users\\\\JEFRINA A P\\\\Amazon_Clone\\\\amazon\\\\functions\\\\node_modules\\\\firebase-admin\\\\lib\\\\index.js\"}"}}
[debug] [2025-01-24T10:44:19.640Z] [runtime-status] [944] Resolved module firebase-functions {"declared":true,"installed":true,"version":"6.2.0","resolution":"C:\\Users\\JEFRINA A P\\Amazon_Clone\\amazon\\functions\\node_modules\\firebase-functions\\lib\\v2\\index.js"} {"metadata":{"emulator":{"name":"functions"},"function":{"name":"us-central1-api"},"extension":{},"message":"[runtime-status] [944] Resolved module firebase-functions {\"declared\":true,\"installed\":true,\"version\":\"6.2.0\",\"resolution\":\"C:\\\\Users\\\\JEFRINA A P\\\\Amazon_Clone\\\\amazon\\\\functions\\\\node_modules\\\\firebase-functions\\\\lib\\\\v2\\\\index.js\"}"}}
[debug] [2025-01-24T10:44:19.640Z] [runtime-status] [944] Outgoing network have been stubbed. [{"name":"http","status":"mocked"},{"name":"http","status":"mocked"},{"name":"https","status":"mocked"},{"name":"https","status":"mocked"},{"name":"net","status":"mocked"}] {"metadata":{"emulator":{"name":"functions"},"function":{"name":"us-central1-api"},"extension":{},"message":"[runtime-status] [944] Outgoing network have been stubbed. [{\"name\":\"http\",\"status\":\"mocked\"},{\"name\":\"http\",\"status\":\"mocked\"},{\"name\":\"https\",\"status\":\"mocked\"},{\"name\":\"https\",\"status\":\"mocked\"},{\"name\":\"net\",\"status\":\"mocked\"}]"}}
[debug] [2025-01-24T10:44:19.641Z] [runtime-status] [944] Resolved module firebase-functions {"declared":true,"installed":true,"version":"6.2.0","resolution":"C:\\Users\\JEFRINA A P\\Amazon_Clone\\amazon\\functions\\node_modules\\firebase-functions\\lib\\v2\\index.js"} {"metadata":{"emulator":{"name":"functions"},"function":{"name":"us-central1-api"},"extension":{},"message":"[runtime-status] [944] Resolved module firebase-functions {\"declared\":true,\"installed\":true,\"version\":\"6.2.0\",\"resolution\":\"C:\\\\Users\\\\JEFRINA A P\\\\Amazon_Clone\\\\amazon\\\\functions\\\\node_modules\\\\firebase-functions\\\\lib\\\\v2\\\\index.js\"}"}}
[debug] [2025-01-24T10:44:20.053Z] [runtime-status] [944] Checked functions.config() {"config":{}} {"metadata":{"emulator":{"name":"functions"},"function":{"name":"us-central1-api"},"extension":{},"message":"[runtime-status] [944] Checked functions.config() {\"config\":{}}"}}
[debug] [2025-01-24T10:44:20.053Z] [runtime-status] [944] firebase-functions has been stubbed. {"functionsResolution":{"declared":true,"installed":true,"version":"6.2.0","resolution":"C:\\Users\\JEFRINA A P\\Amazon_Clone\\amazon\\functions\\node_modules\\firebase-functions\\lib\\v2\\index.js"}} {"metadata":{"emulator":{"name":"functions"},"function":{"name":"us-central1-api"},"extension":{},"message":"[runtime-status] [944] firebase-functions has been stubbed. {\"functionsResolution\":{\"declared\":true,\"installed\":true,\"version\":\"6.2.0\",\"resolution\":\"C:\\\\Users\\\\JEFRINA A P\\\\Amazon_Clone\\\\amazon\\\\functions\\\\node_modules\\\\firebase-functions\\\\lib\\\\v2\\\\index.js\"}}"}}
[debug] [2025-01-24T10:44:20.054Z] [runtime-status] [944] Resolved module firebase-functions {"declared":true,"installed":true,"version":"6.2.0","resolution":"C:\\Users\\JEFRINA A P\\Amazon_Clone\\amazon\\functions\\node_modules\\firebase-functions\\lib\\v2\\index.js"} {"metadata":{"emulator":{"name":"functions"},"function":{"name":"us-central1-api"},"extension":{},"message":"[runtime-status] [944] Resolved module firebase-functions {\"declared\":true,\"installed\":true,\"version\":\"6.2.0\",\"resolution\":\"C:\\\\Users\\\\JEFRINA A P\\\\Amazon_Clone\\\\amazon\\\\functions\\\\node_modules\\\\firebase-functions\\\\lib\\\\v2\\\\index.js\"}"}}
[debug] [2025-01-24T10:44:20.059Z] [runtime-status] [944] Resolved module firebase-admin {"declared":true,"installed":true,"version":"12.7.0","resolution":"C:\\Users\\JEFRINA A P\\Amazon_Clone\\amazon\\functions\\node_modules\\firebase-admin\\lib\\index.js"} {"metadata":{"emulator":{"name":"functions"},"function":{"name":"us-central1-api"},"extension":{},"message":"[runtime-status] [944] Resolved module firebase-admin {\"declared\":true,\"installed\":true,\"version\":\"12.7.0\",\"resolution\":\"C:\\\\Users\\\\JEFRINA A P\\\\Amazon_Clone\\\\amazon\\\\functions\\\\node_modules\\\\firebase-admin\\\\lib\\\\index.js\"}"}}
[debug] [2025-01-24T10:44:20.062Z] [runtime-status] [944] Resolved module firebase-functions {"declared":true,"installed":true,"version":"6.2.0","resolution":"C:\\Users\\JEFRINA A P\\Amazon_Clone\\amazon\\functions\\node_modules\\firebase-functions\\lib\\v2\\index.js"} {"metadata":{"emulator":{"name":"functions"},"function":{"name":"us-central1-api"},"extension":{},"message":"[runtime-status] [944] Resolved module firebase-functions {\"declared\":true,\"installed\":true,\"version\":\"6.2.0\",\"resolution\":\"C:\\\\Users\\\\JEFRINA A P\\\\Amazon_Clone\\\\amazon\\\\functions\\\\node_modules\\\\firebase-functions\\\\lib\\\\v2\\\\index.js\"}"}}
[debug] [2025-01-24T10:44:20.062Z] [runtime-status] [944] firebase-admin has been stubbed. {"adminResolution":{"declared":true,"installed":true,"version":"12.7.0","resolution":"C:\\Users\\JEFRINA A P\\Amazon_Clone\\amazon\\functions\\node_modules\\firebase-admin\\lib\\index.js"}} {"metadata":{"emulator":{"name":"functions"},"function":{"name":"us-central1-api"},"extension":{},"message":"[runtime-status] [944] firebase-admin has been stubbed. {\"adminResolution\":{\"declared\":true,\"installed\":true,\"version\":\"12.7.0\",\"resolution\":\"C:\\\\Users\\\\JEFRINA A P\\\\Amazon_Clone\\\\amazon\\\\functions\\\\node_modules\\\\firebase-admin\\\\lib\\\\index.js\"}}"}}
[debug] [2025-01-24T10:44:20.313Z] [runtime-status] [944] Functions runtime initialized. {"cwd":"C:\\Users\\JEFRINA A P\\Amazon_Clone\\amazon\\functions","node_version":"22.4.1"} {"metadata":{"emulator":{"name":"functions"},"function":{"name":"us-central1-api"},"extension":{},"message":"[runtime-status] [944] Functions runtime initialized. {\"cwd\":\"C:\\\\Users\\\\JEFRINA A P\\\\Amazon_Clone\\\\amazon\\\\functions\",\"node_version\":\"22.4.1\"}"}}
[debug] [2025-01-24T10:44:20.314Z] [runtime-status] [944] Listening to port: \\?\pipe\fire_emu_f3978a587d55b6ca {"metadata":{"emulator":{"name":"functions"},"function":{"name":"us-central1-api"},"extension":{},"message":"[runtime-status] [944] Listening to port: \\\\?\\pipe\\fire_emu_f3978a587d55b6ca"}}
[debug] [2025-01-24T10:44:20.408Z] [worker-us-central1-api-28bf769f-3408-4a03-a286-3b2b739609a5]: IDLE {"metadata":{"emulator":{"name":"functions"},"function":{"name":"us-central1-api"},"extension":{},"message":"[worker-us-central1-api-28bf769f-3408-4a03-a286-3b2b739609a5]: IDLE"}}
[debug] [2025-01-24T10:44:20.409Z] [worker-pool] submitRequest(triggerId=us-central1-api) {"metadata":{"emulator":{"name":"functions"},"message":"[worker-pool] submitRequest(triggerId=us-central1-api)"}}
[info] i  functions: Beginning execution of "us-central1-api" {"metadata":{"emulator":{"name":"functions"},"function":{"name":"us-central1-api"},"extension":{},"message":"Beginning execution of \"us-central1-api\""}}
[debug] [2025-01-24T10:44:20.410Z] [worker-us-central1-api-5a79c52a-ed8c-43f8-a3e2-107df27fe8ac]: BUSY {"metadata":{"emulator":{"name":"functions"},"function":{"name":"us-central1-api"},"extension":{},"message":"[worker-us-central1-api-5a79c52a-ed8c-43f8-a3e2-107df27fe8ac]: BUSY"}}
[info] >  Payment Request Received BOOM!!! for amount >>>  1373100 {"user":"Payment Request Received BOOM!!! for amount >>>  1373100","metadata":{"emulator":{"name":"functions"},"function":{"name":"us-central1-api"},"extension":{},"message":"\u001b[90m> \u001b[39m Payment Request Received BOOM!!! for amount >>>  1373100"}}
[debug] [2025-01-24T10:44:20.859Z] Finishing up request with event=pause {"metadata":{"emulator":{"name":"functions"},"function":{"name":"us-central1-api"},"extension":{},"message":"Finishing up request with event=pause"}}
[info] i  functions: Finished "us-central1-api" in 449.76ms {"metadata":{"emulator":{"name":"functions"},"function":{"name":"us-central1-api"},"extension":{},"message":"Finished \"us-central1-api\" in 449.76ms"}}
[debug] [2025-01-24T10:44:20.861Z] [worker-us-central1-api-5a79c52a-ed8c-43f8-a3e2-107df27fe8ac]: IDLE {"metadata":{"emulator":{"name":"functions"},"function":{"name":"us-central1-api"},"extension":{},"message":"[worker-us-central1-api-5a79c52a-ed8c-43f8-a3e2-107df27fe8ac]: IDLE"}}
[debug] [2025-01-24T10:44:20.861Z] Finishing up request with event=finish {"metadata":{"emulator":{"name":"functions"},"function":{"name":"us-central1-api"},"extension":{},"message":"Finishing up request with event=finish"}}
[debug] [2025-01-24T10:44:20.862Z] Finishing up request with event=close {"metadata":{"emulator":{"name":"functions"},"function":{"name":"us-central1-api"},"extension":{},"message":"Finishing up request with event=close"}}
[debug] [2025-01-24T10:44:20.862Z] [work-queue] {"queuedWork":[],"queueLength":0,"runningWork":[],"workRunningCount":0}
[debug] [2025-01-24T10:44:25.186Z] [work-queue] {"queuedWork":["/clone-1cd78/us-central1/api/payments/create-2025-01-24T10:44:25.186Z"],"queueLength":1,"runningWork":[],"workRunningCount":0}
[debug] [2025-01-24T10:44:25.186Z] [work-queue] {"queuedWork":[],"queueLength":0,"runningWork":["/clone-1cd78/us-central1/api/payments/create-2025-01-24T10:44:25.186Z"],"workRunningCount":1}
[debug] [2025-01-24T10:44:25.186Z] Accepted request POST /clone-1cd78/us-central1/api/payments/create?total=1345600 --> us-central1-api
[debug] [2025-01-24T10:44:25.190Z] [functions] Runtime ready! Sending request! {"metadata":{"emulator":{"name":"functions"},"message":"[functions] Runtime ready! Sending request!"}}
[debug] [2025-01-24T10:44:25.191Z] [functions] Got req.url=/clone-1cd78/us-central1/api/payments/create?total=1345600, mapping to path=/payments/create?total=1345600 {"metadata":{"emulator":{"name":"functions"},"message":"[functions] Got req.url=/clone-1cd78/us-central1/api/payments/create?total=1345600, mapping to path=/payments/create?total=1345600"}}
[debug] [2025-01-24T10:44:25.191Z] [worker-pool] submitRequest(triggerId=us-central1-api) {"metadata":{"emulator":{"name":"functions"},"message":"[worker-pool] submitRequest(triggerId=us-central1-api)"}}
[info] i  functions: Beginning execution of "us-central1-api" {"metadata":{"emulator":{"name":"functions"},"function":{"name":"us-central1-api"},"extension":{},"message":"Beginning execution of \"us-central1-api\""}}
[debug] [2025-01-24T10:44:25.192Z] [worker-us-central1-api-5a79c52a-ed8c-43f8-a3e2-107df27fe8ac]: BUSY {"metadata":{"emulator":{"name":"functions"},"function":{"name":"us-central1-api"},"extension":{},"message":"[worker-us-central1-api-5a79c52a-ed8c-43f8-a3e2-107df27fe8ac]: BUSY"}}
[info] >  Payment Request Received BOOM!!! for amount >>>  1345600 {"user":"Payment Request Received BOOM!!! for amount >>>  1345600","metadata":{"emulator":{"name":"functions"},"function":{"name":"us-central1-api"},"extension":{},"message":"\u001b[90m> \u001b[39m Payment Request Received BOOM!!! for amount >>>  1345600"}}
[debug] [2025-01-24T10:44:25.619Z] Finishing up request with event=pause {"metadata":{"emulator":{"name":"functions"},"function":{"name":"us-central1-api"},"extension":{},"message":"Finishing up request with event=pause"}}
[info] i  functions: Finished "us-central1-api" in 426.9489ms {"metadata":{"emulator":{"name":"functions"},"function":{"name":"us-central1-api"},"extension":{},"message":"Finished \"us-central1-api\" in 426.9489ms"}}
[debug] [2025-01-24T10:44:25.621Z] [worker-us-central1-api-5a79c52a-ed8c-43f8-a3e2-107df27fe8ac]: IDLE {"metadata":{"emulator":{"name":"functions"},"function":{"name":"us-central1-api"},"extension":{},"message":"[worker-us-central1-api-5a79c52a-ed8c-43f8-a3e2-107df27fe8ac]: IDLE"}}
[debug] [2025-01-24T10:44:25.621Z] Finishing up request with event=finish {"metadata":{"emulator":{"name":"functions"},"function":{"name":"us-central1-api"},"extension":{},"message":"Finishing up request with event=finish"}}
[debug] [2025-01-24T10:44:25.621Z] Finishing up request with event=close {"metadata":{"emulator":{"name":"functions"},"function":{"name":"us-central1-api"},"extension":{},"message":"Finishing up request with event=close"}}
[debug] [2025-01-24T10:44:25.621Z] [work-queue] {"queuedWork":[],"queueLength":0,"runningWork":[],"workRunningCount":0}
[debug] [2025-01-24T10:44:26.946Z] [work-queue] {"queuedWork":["/clone-1cd78/us-central1/api/payments/create-2025-01-24T10:44:26.946Z"],"queueLength":1,"runningWork":[],"workRunningCount":0}
[debug] [2025-01-24T10:44:26.946Z] [work-queue] {"queuedWork":[],"queueLength":0,"runningWork":["/clone-1cd78/us-central1/api/payments/create-2025-01-24T10:44:26.946Z"],"workRunningCount":1}
[debug] [2025-01-24T10:44:26.946Z] Accepted request POST /clone-1cd78/us-central1/api/payments/create?total=1305600 --> us-central1-api
[debug] [2025-01-24T10:44:26.948Z] [functions] Runtime ready! Sending request! {"metadata":{"emulator":{"name":"functions"},"message":"[functions] Runtime ready! Sending request!"}}
[debug] [2025-01-24T10:44:26.948Z] [functions] Got req.url=/clone-1cd78/us-central1/api/payments/create?total=1305600, mapping to path=/payments/create?total=1305600 {"metadata":{"emulator":{"name":"functions"},"message":"[functions] Got req.url=/clone-1cd78/us-central1/api/payments/create?total=1305600, mapping to path=/payments/create?total=1305600"}}
[debug] [2025-01-24T10:44:26.948Z] [worker-pool] submitRequest(triggerId=us-central1-api) {"metadata":{"emulator":{"name":"functions"},"message":"[worker-pool] submitRequest(triggerId=us-central1-api)"}}
[info] i  functions: Beginning execution of "us-central1-api" {"metadata":{"emulator":{"name":"functions"},"function":{"name":"us-central1-api"},"extension":{},"message":"Beginning execution of \"us-central1-api\""}}
[debug] [2025-01-24T10:44:26.949Z] [worker-us-central1-api-5a79c52a-ed8c-43f8-a3e2-107df27fe8ac]: BUSY {"metadata":{"emulator":{"name":"functions"},"function":{"name":"us-central1-api"},"extension":{},"message":"[worker-us-central1-api-5a79c52a-ed8c-43f8-a3e2-107df27fe8ac]: BUSY"}}
[info] >  Payment Request Received BOOM!!! for amount >>>  1305600 {"user":"Payment Request Received BOOM!!! for amount >>>  1305600","metadata":{"emulator":{"name":"functions"},"function":{"name":"us-central1-api"},"extension":{},"message":"\u001b[90m> \u001b[39m Payment Request Received BOOM!!! for amount >>>  1305600"}}
[debug] [2025-01-24T10:44:27.399Z] Finishing up request with event=pause {"metadata":{"emulator":{"name":"functions"},"function":{"name":"us-central1-api"},"extension":{},"message":"Finishing up request with event=pause"}}
[info] i  functions: Finished "us-central1-api" in 450.1097ms {"metadata":{"emulator":{"name":"functions"},"function":{"name":"us-central1-api"},"extension":{},"message":"Finished \"us-central1-api\" in 450.1097ms"}}
[debug] [2025-01-24T10:44:27.401Z] [worker-us-central1-api-5a79c52a-ed8c-43f8-a3e2-107df27fe8ac]: IDLE {"metadata":{"emulator":{"name":"functions"},"function":{"name":"us-central1-api"},"extension":{},"message":"[worker-us-central1-api-5a79c52a-ed8c-43f8-a3e2-107df27fe8ac]: IDLE"}}
[debug] [2025-01-24T10:44:27.401Z] Finishing up request with event=finish {"metadata":{"emulator":{"name":"functions"},"function":{"name":"us-central1-api"},"extension":{},"message":"Finishing up request with event=finish"}}
[debug] [2025-01-24T10:44:27.401Z] Finishing up request with event=close {"metadata":{"emulator":{"name":"functions"},"function":{"name":"us-central1-api"},"extension":{},"message":"Finishing up request with event=close"}}
[debug] [2025-01-24T10:44:27.401Z] [work-queue] {"queuedWork":[],"queueLength":0,"runningWork":[],"workRunningCount":0}
[debug] [2025-01-24T10:44:30.748Z] [work-queue] {"queuedWork":["/clone-1cd78/us-central1/api/payments/create-2025-01-24T10:44:30.748Z"],"queueLength":1,"runningWork":[],"workRunningCount":0}
[debug] [2025-01-24T10:44:30.748Z] [work-queue] {"queuedWork":[],"queueLength":0,"runningWork":["/clone-1cd78/us-central1/api/payments/create-2025-01-24T10:44:30.748Z"],"workRunningCount":1}
[debug] [2025-01-24T10:44:30.748Z] Accepted request POST /clone-1cd78/us-central1/api/payments/create?total=1090700 --> us-central1-api
[debug] [2025-01-24T10:44:30.749Z] [functions] Runtime ready! Sending request! {"metadata":{"emulator":{"name":"functions"},"message":"[functions] Runtime ready! Sending request!"}}
[debug] [2025-01-24T10:44:30.750Z] [functions] Got req.url=/clone-1cd78/us-central1/api/payments/create?total=1090700, mapping to path=/payments/create?total=1090700 {"metadata":{"emulator":{"name":"functions"},"message":"[functions] Got req.url=/clone-1cd78/us-central1/api/payments/create?total=1090700, mapping to path=/payments/create?total=1090700"}}
[debug] [2025-01-24T10:44:30.750Z] [worker-pool] submitRequest(triggerId=us-central1-api) {"metadata":{"emulator":{"name":"functions"},"message":"[worker-pool] submitRequest(triggerId=us-central1-api)"}}
[info] i  functions: Beginning execution of "us-central1-api" {"metadata":{"emulator":{"name":"functions"},"function":{"name":"us-central1-api"},"extension":{},"message":"Beginning execution of \"us-central1-api\""}}
[debug] [2025-01-24T10:44:30.752Z] [worker-us-central1-api-5a79c52a-ed8c-43f8-a3e2-107df27fe8ac]: BUSY {"metadata":{"emulator":{"name":"functions"},"function":{"name":"us-central1-api"},"extension":{},"message":"[worker-us-central1-api-5a79c52a-ed8c-43f8-a3e2-107df27fe8ac]: BUSY"}}
[info] >  Payment Request Received BOOM!!! for amount >>>  1090700 {"user":"Payment Request Received BOOM!!! for amount >>>  1090700","metadata":{"emulator":{"name":"functions"},"function":{"name":"us-central1-api"},"extension":{},"message":"\u001b[90m> \u001b[39m Payment Request Received BOOM!!! for amount >>>  1090700"}}
[debug] [2025-01-24T10:44:31.243Z] Finishing up request with event=pause {"metadata":{"emulator":{"name":"functions"},"function":{"name":"us-central1-api"},"extension":{},"message":"Finishing up request with event=pause"}}
[info] i  functions: Finished "us-central1-api" in 490.8889ms {"metadata":{"emulator":{"name":"functions"},"function":{"name":"us-central1-api"},"extension":{},"message":"Finished \"us-central1-api\" in 490.8889ms"}}
[debug] [2025-01-24T10:44:31.244Z] [worker-us-central1-api-5a79c52a-ed8c-43f8-a3e2-107df27fe8ac]: IDLE {"metadata":{"emulator":{"name":"functions"},"function":{"name":"us-central1-api"},"extension":{},"message":"[worker-us-central1-api-5a79c52a-ed8c-43f8-a3e2-107df27fe8ac]: IDLE"}}
[debug] [2025-01-24T10:44:31.244Z] Finishing up request with event=finish {"metadata":{"emulator":{"name":"functions"},"function":{"name":"us-central1-api"},"extension":{},"message":"Finishing up request with event=finish"}}
[debug] [2025-01-24T10:44:31.244Z] Finishing up request with event=close {"metadata":{"emulator":{"name":"functions"},"function":{"name":"us-central1-api"},"extension":{},"message":"Finishing up request with event=close"}}
[debug] [2025-01-24T10:44:31.244Z] [work-queue] {"queuedWork":[],"queueLength":0,"runningWork":[],"workRunningCount":0}
[debug] [2025-01-24T10:44:32.590Z] [work-queue] {"queuedWork":["/clone-1cd78/us-central1/api/payments/create-2025-01-24T10:44:32.590Z"],"queueLength":1,"runningWork":[],"workRunningCount":0}
[debug] [2025-01-24T10:44:32.590Z] [work-queue] {"queuedWork":[],"queueLength":0,"runningWork":["/clone-1cd78/us-central1/api/payments/create-2025-01-24T10:44:32.590Z"],"workRunningCount":1}
[debug] [2025-01-24T10:44:32.590Z] Accepted request POST /clone-1cd78/us-central1/api/payments/create?total=1030800 --> us-central1-api
[debug] [2025-01-24T10:44:32.594Z] [functions] Runtime ready! Sending request! {"metadata":{"emulator":{"name":"functions"},"message":"[functions] Runtime ready! Sending request!"}}
[debug] [2025-01-24T10:44:32.594Z] [functions] Got req.url=/clone-1cd78/us-central1/api/payments/create?total=1030800, mapping to path=/payments/create?total=1030800 {"metadata":{"emulator":{"name":"functions"},"message":"[functions] Got req.url=/clone-1cd78/us-central1/api/payments/create?total=1030800, mapping to path=/payments/create?total=1030800"}}
[debug] [2025-01-24T10:44:32.594Z] [worker-pool] submitRequest(triggerId=us-central1-api) {"metadata":{"emulator":{"name":"functions"},"message":"[worker-pool] submitRequest(triggerId=us-central1-api)"}}
[info] i  functions: Beginning execution of "us-central1-api" {"metadata":{"emulator":{"name":"functions"},"function":{"name":"us-central1-api"},"extension":{},"message":"Beginning execution of \"us-central1-api\""}}
[debug] [2025-01-24T10:44:32.597Z] [worker-us-central1-api-5a79c52a-ed8c-43f8-a3e2-107df27fe8ac]: BUSY {"metadata":{"emulator":{"name":"functions"},"function":{"name":"us-central1-api"},"extension":{},"message":"[worker-us-central1-api-5a79c52a-ed8c-43f8-a3e2-107df27fe8ac]: BUSY"}}
[info] >  Payment Request Received BOOM!!! for amount >>>  1030800 {"user":"Payment Request Received BOOM!!! for amount >>>  1030800","metadata":{"emulator":{"name":"functions"},"function":{"name":"us-central1-api"},"extension":{},"message":"\u001b[90m> \u001b[39m Payment Request Received BOOM!!! for amount >>>  1030800"}}
[debug] [2025-01-24T10:44:33.087Z] Finishing up request with event=pause {"metadata":{"emulator":{"name":"functions"},"function":{"name":"us-central1-api"},"extension":{},"message":"Finishing up request with event=pause"}}
[info] i  functions: Finished "us-central1-api" in 490.4485ms {"metadata":{"emulator":{"name":"functions"},"function":{"name":"us-central1-api"},"extension":{},"message":"Finished \"us-central1-api\" in 490.4485ms"}}
[debug] [2025-01-24T10:44:33.089Z] [worker-us-central1-api-5a79c52a-ed8c-43f8-a3e2-107df27fe8ac]: IDLE {"metadata":{"emulator":{"name":"functions"},"function":{"name":"us-central1-api"},"extension":{},"message":"[worker-us-central1-api-5a79c52a-ed8c-43f8-a3e2-107df27fe8ac]: IDLE"}}
[debug] [2025-01-24T10:44:33.089Z] Finishing up request with event=finish {"metadata":{"emulator":{"name":"functions"},"function":{"name":"us-central1-api"},"extension":{},"message":"Finishing up request with event=finish"}}
[debug] [2025-01-24T10:44:33.089Z] Finishing up request with event=close {"metadata":{"emulator":{"name":"functions"},"function":{"name":"us-central1-api"},"extension":{},"message":"Finishing up request with event=close"}}
[debug] [2025-01-24T10:44:33.089Z] [work-queue] {"queuedWork":[],"queueLength":0,"runningWork":[],"workRunningCount":0}
[debug] [2025-01-24T10:44:38.796Z] [work-queue] {"queuedWork":["/clone-1cd78/us-central1/api/payments/create-2025-01-24T10:44:38.796Z"],"queueLength":1,"runningWork":[],"workRunningCount":0}
[debug] [2025-01-24T10:44:38.797Z] [work-queue] {"queuedWork":[],"queueLength":0,"runningWork":["/clone-1cd78/us-central1/api/payments/create-2025-01-24T10:44:38.796Z"],"workRunningCount":1}
[debug] [2025-01-24T10:44:38.797Z] Accepted request POST /clone-1cd78/us-central1/api/payments/create?total=61900 --> us-central1-api
[debug] [2025-01-24T10:44:38.800Z] [functions] Runtime ready! Sending request! {"metadata":{"emulator":{"name":"functions"},"message":"[functions] Runtime ready! Sending request!"}}
[debug] [2025-01-24T10:44:38.801Z] [functions] Got req.url=/clone-1cd78/us-central1/api/payments/create?total=61900, mapping to path=/payments/create?total=61900 {"metadata":{"emulator":{"name":"functions"},"message":"[functions] Got req.url=/clone-1cd78/us-central1/api/payments/create?total=61900, mapping to path=/payments/create?total=61900"}}
[debug] [2025-01-24T10:44:38.801Z] [worker-pool] submitRequest(triggerId=us-central1-api) {"metadata":{"emulator":{"name":"functions"},"message":"[worker-pool] submitRequest(triggerId=us-central1-api)"}}
[info] i  functions: Beginning execution of "us-central1-api" {"metadata":{"emulator":{"name":"functions"},"function":{"name":"us-central1-api"},"extension":{},"message":"Beginning execution of \"us-central1-api\""}}
[debug] [2025-01-24T10:44:38.804Z] [worker-us-central1-api-5a79c52a-ed8c-43f8-a3e2-107df27fe8ac]: BUSY {"metadata":{"emulator":{"name":"functions"},"function":{"name":"us-central1-api"},"extension":{},"message":"[worker-us-central1-api-5a79c52a-ed8c-43f8-a3e2-107df27fe8ac]: BUSY"}}
[info] >  Payment Request Received BOOM!!! for amount >>>  61900 {"user":"Payment Request Received BOOM!!! for amount >>>  61900","metadata":{"emulator":{"name":"functions"},"function":{"name":"us-central1-api"},"extension":{},"message":"\u001b[90m> \u001b[39m Payment Request Received BOOM!!! for amount >>>  61900"}}
[debug] [2025-01-24T10:44:39.332Z] Finishing up request with event=pause {"metadata":{"emulator":{"name":"functions"},"function":{"name":"us-central1-api"},"extension":{},"message":"Finishing up request with event=pause"}}
[info] i  functions: Finished "us-central1-api" in 528.6244ms {"metadata":{"emulator":{"name":"functions"},"function":{"name":"us-central1-api"},"extension":{},"message":"Finished \"us-central1-api\" in 528.6244ms"}}
[debug] [2025-01-24T10:44:39.334Z] [worker-us-central1-api-5a79c52a-ed8c-43f8-a3e2-107df27fe8ac]: IDLE {"metadata":{"emulator":{"name":"functions"},"function":{"name":"us-central1-api"},"extension":{},"message":"[worker-us-central1-api-5a79c52a-ed8c-43f8-a3e2-107df27fe8ac]: IDLE"}}
[debug] [2025-01-24T10:44:39.334Z] Finishing up request with event=finish {"metadata":{"emulator":{"name":"functions"},"function":{"name":"us-central1-api"},"extension":{},"message":"Finishing up request with event=finish"}}
[debug] [2025-01-24T10:44:39.334Z] Finishing up request with event=close {"metadata":{"emulator":{"name":"functions"},"function":{"name":"us-central1-api"},"extension":{},"message":"Finishing up request with event=close"}}
[debug] [2025-01-24T10:44:39.334Z] [work-queue] {"queuedWork":[],"queueLength":0,"runningWork":[],"workRunningCount":0}
[debug] [2025-01-24T10:45:06.024Z] [work-queue] {"queuedWork":["/clone-1cd78/us-central1/api/payments/create-2025-01-24T10:45:06.024Z"],"queueLength":1,"runningWork":[],"workRunningCount":0}
[debug] [2025-01-24T10:45:06.024Z] [work-queue] {"queuedWork":[],"queueLength":0,"runningWork":["/clone-1cd78/us-central1/api/payments/create-2025-01-24T10:45:06.024Z"],"workRunningCount":1}
[debug] [2025-01-24T10:45:06.025Z] Accepted request POST /clone-1cd78/us-central1/api/payments/create?total=40000 --> us-central1-api
[debug] [2025-01-24T10:45:06.028Z] [functions] Runtime ready! Sending request! {"metadata":{"emulator":{"name":"functions"},"message":"[functions] Runtime ready! Sending request!"}}
[debug] [2025-01-24T10:45:06.029Z] [functions] Got req.url=/clone-1cd78/us-central1/api/payments/create?total=40000, mapping to path=/payments/create?total=40000 {"metadata":{"emulator":{"name":"functions"},"message":"[functions] Got req.url=/clone-1cd78/us-central1/api/payments/create?total=40000, mapping to path=/payments/create?total=40000"}}
[debug] [2025-01-24T10:45:06.029Z] [worker-pool] submitRequest(triggerId=us-central1-api) {"metadata":{"emulator":{"name":"functions"},"message":"[worker-pool] submitRequest(triggerId=us-central1-api)"}}
[info] i  functions: Beginning execution of "us-central1-api" {"metadata":{"emulator":{"name":"functions"},"function":{"name":"us-central1-api"},"extension":{},"message":"Beginning execution of \"us-central1-api\""}}
[debug] [2025-01-24T10:45:06.030Z] [worker-us-central1-api-5a79c52a-ed8c-43f8-a3e2-107df27fe8ac]: BUSY {"metadata":{"emulator":{"name":"functions"},"function":{"name":"us-central1-api"},"extension":{},"message":"[worker-us-central1-api-5a79c52a-ed8c-43f8-a3e2-107df27fe8ac]: BUSY"}}
[debug] [2025-01-24T10:45:06.032Z] [work-queue] {"queuedWork":["/clone-1cd78/us-central1/api/payments/create-2025-01-24T10:45:06.032Z"],"queueLength":1,"runningWork":["/clone-1cd78/us-central1/api/payments/create-2025-01-24T10:45:06.024Z"],"workRunningCount":1}
[debug] [2025-01-24T10:45:06.032Z] [work-queue] {"queuedWork":[],"queueLength":0,"runningWork":["/clone-1cd78/us-central1/api/payments/create-2025-01-24T10:45:06.024Z","/clone-1cd78/us-central1/api/payments/create-2025-01-24T10:45:06.032Z"],"workRunningCount":2}
[debug] [2025-01-24T10:45:06.032Z] Accepted request POST /clone-1cd78/us-central1/api/payments/create?total=40000 --> us-central1-api
[debug] [2025-01-24T10:45:06.040Z] [functions] Runtime ready! Sending request! {"metadata":{"emulator":{"name":"functions"},"message":"[functions] Runtime ready! Sending request!"}}
[debug] [2025-01-24T10:45:06.041Z] [functions] Got req.url=/clone-1cd78/us-central1/api/payments/create?total=40000, mapping to path=/payments/create?total=40000 {"metadata":{"emulator":{"name":"functions"},"message":"[functions] Got req.url=/clone-1cd78/us-central1/api/payments/create?total=40000, mapping to path=/payments/create?total=40000"}}
[debug] [2025-01-24T10:45:06.041Z] [worker-pool] submitRequest(triggerId=us-central1-api) {"metadata":{"emulator":{"name":"functions"},"message":"[worker-pool] submitRequest(triggerId=us-central1-api)"}}
[info] i  functions: Beginning execution of "us-central1-api" {"metadata":{"emulator":{"name":"functions"},"function":{"name":"us-central1-api"},"extension":{},"message":"Beginning execution of \"us-central1-api\""}}
[debug] [2025-01-24T10:45:06.046Z] [worker-us-central1-api-28bf769f-3408-4a03-a286-3b2b739609a5]: BUSY {"metadata":{"emulator":{"name":"functions"},"function":{"name":"us-central1-api"},"extension":{},"message":"[worker-us-central1-api-28bf769f-3408-4a03-a286-3b2b739609a5]: BUSY"}}
[info] >  Payment Request Received BOOM!!! for amount >>>  40000 {"user":"Payment Request Received BOOM!!! for amount >>>  40000","metadata":{"emulator":{"name":"functions"},"function":{"name":"us-central1-api"},"extension":{},"message":"\u001b[90m> \u001b[39m Payment Request Received BOOM!!! for amount >>>  40000"}}
[info] >  Payment Request Received BOOM!!! for amount >>>  40000 {"user":"Payment Request Received BOOM!!! for amount >>>  40000","metadata":{"emulator":{"name":"functions"},"function":{"name":"us-central1-api"},"extension":{},"message":"\u001b[90m> \u001b[39m Payment Request Received BOOM!!! for amount >>>  40000"}}
[debug] [2025-01-24T10:45:06.483Z] Finishing up request with event=pause {"metadata":{"emulator":{"name":"functions"},"function":{"name":"us-central1-api"},"extension":{},"message":"Finishing up request with event=pause"}}
[info] i  functions: Finished "us-central1-api" in 452.6315ms {"metadata":{"emulator":{"name":"functions"},"function":{"name":"us-central1-api"},"extension":{},"message":"Finished \"us-central1-api\" in 452.6315ms"}}
[debug] [2025-01-24T10:45:06.484Z] [worker-us-central1-api-5a79c52a-ed8c-43f8-a3e2-107df27fe8ac]: IDLE {"metadata":{"emulator":{"name":"functions"},"function":{"name":"us-central1-api"},"extension":{},"message":"[worker-us-central1-api-5a79c52a-ed8c-43f8-a3e2-107df27fe8ac]: IDLE"}}
[debug] [2025-01-24T10:45:06.484Z] Finishing up request with event=finish {"metadata":{"emulator":{"name":"functions"},"function":{"name":"us-central1-api"},"extension":{},"message":"Finishing up request with event=finish"}}
[debug] [2025-01-24T10:45:06.485Z] Finishing up request with event=close {"metadata":{"emulator":{"name":"functions"},"function":{"name":"us-central1-api"},"extension":{},"message":"Finishing up request with event=close"}}
[debug] [2025-01-24T10:45:06.485Z] [work-queue] {"queuedWork":[],"queueLength":0,"runningWork":["/clone-1cd78/us-central1/api/payments/create-2025-01-24T10:45:06.032Z"],"workRunningCount":1}
[debug] [2025-01-24T10:45:07.449Z] Finishing up request with event=pause {"metadata":{"emulator":{"name":"functions"},"function":{"name":"us-central1-api"},"extension":{},"message":"Finishing up request with event=pause"}}
[info] i  functions: Finished "us-central1-api" in 1404.1311ms {"metadata":{"emulator":{"name":"functions"},"function":{"name":"us-central1-api"},"extension":{},"message":"Finished \"us-central1-api\" in 1404.1311ms"}}
[debug] [2025-01-24T10:45:07.451Z] [worker-us-central1-api-28bf769f-3408-4a03-a286-3b2b739609a5]: IDLE {"metadata":{"emulator":{"name":"functions"},"function":{"name":"us-central1-api"},"extension":{},"message":"[worker-us-central1-api-28bf769f-3408-4a03-a286-3b2b739609a5]: IDLE"}}
[debug] [2025-01-24T10:45:07.451Z] Finishing up request with event=finish {"metadata":{"emulator":{"name":"functions"},"function":{"name":"us-central1-api"},"extension":{},"message":"Finishing up request with event=finish"}}
[debug] [2025-01-24T10:45:07.451Z] Finishing up request with event=close {"metadata":{"emulator":{"name":"functions"},"function":{"name":"us-central1-api"},"extension":{},"message":"Finishing up request with event=close"}}
[debug] [2025-01-24T10:45:07.451Z] [work-queue] {"queuedWork":[],"queueLength":0,"runningWork":[],"workRunningCount":0}
[debug] [2025-01-24T10:50:05.604Z] [work-queue] {"queuedWork":["/clone-1cd78/us-central1/api/payments/create-2025-01-24T10:50:05.604Z"],"queueLength":1,"runningWork":[],"workRunningCount":0}
[debug] [2025-01-24T10:50:05.605Z] [work-queue] {"queuedWork":[],"queueLength":0,"runningWork":["/clone-1cd78/us-central1/api/payments/create-2025-01-24T10:50:05.604Z"],"workRunningCount":1}
[debug] [2025-01-24T10:50:05.605Z] Accepted request POST /clone-1cd78/us-central1/api/payments/create?total=316800 --> us-central1-api
[debug] [2025-01-24T10:50:05.638Z] [functions] Runtime ready! Sending request! {"metadata":{"emulator":{"name":"functions"},"message":"[functions] Runtime ready! Sending request!"}}
[debug] [2025-01-24T10:50:05.639Z] [functions] Got req.url=/clone-1cd78/us-central1/api/payments/create?total=316800, mapping to path=/payments/create?total=316800 {"metadata":{"emulator":{"name":"functions"},"message":"[functions] Got req.url=/clone-1cd78/us-central1/api/payments/create?total=316800, mapping to path=/payments/create?total=316800"}}
[debug] [2025-01-24T10:50:05.639Z] [worker-pool] submitRequest(triggerId=us-central1-api) {"metadata":{"emulator":{"name":"functions"},"message":"[worker-pool] submitRequest(triggerId=us-central1-api)"}}
[info] i  functions: Beginning execution of "us-central1-api" {"metadata":{"emulator":{"name":"functions"},"function":{"name":"us-central1-api"},"extension":{},"message":"Beginning execution of \"us-central1-api\""}}
[debug] [2025-01-24T10:50:05.652Z] [worker-us-central1-api-5a79c52a-ed8c-43f8-a3e2-107df27fe8ac]: BUSY {"metadata":{"emulator":{"name":"functions"},"function":{"name":"us-central1-api"},"extension":{},"message":"[worker-us-central1-api-5a79c52a-ed8c-43f8-a3e2-107df27fe8ac]: BUSY"}}
[debug] [2025-01-24T10:50:05.653Z] [work-queue] {"queuedWork":["/clone-1cd78/us-central1/api/payments/create-2025-01-24T10:50:05.653Z"],"queueLength":1,"runningWork":["/clone-1cd78/us-central1/api/payments/create-2025-01-24T10:50:05.604Z"],"workRunningCount":1}
[debug] [2025-01-24T10:50:05.653Z] [work-queue] {"queuedWork":[],"queueLength":0,"runningWork":["/clone-1cd78/us-central1/api/payments/create-2025-01-24T10:50:05.604Z","/clone-1cd78/us-central1/api/payments/create-2025-01-24T10:50:05.653Z"],"workRunningCount":2}
[debug] [2025-01-24T10:50:05.653Z] Accepted request POST /clone-1cd78/us-central1/api/payments/create?total=316800 --> us-central1-api
[debug] [2025-01-24T10:50:05.658Z] [functions] Runtime ready! Sending request! {"metadata":{"emulator":{"name":"functions"},"message":"[functions] Runtime ready! Sending request!"}}
[debug] [2025-01-24T10:50:05.658Z] [functions] Got req.url=/clone-1cd78/us-central1/api/payments/create?total=316800, mapping to path=/payments/create?total=316800 {"metadata":{"emulator":{"name":"functions"},"message":"[functions] Got req.url=/clone-1cd78/us-central1/api/payments/create?total=316800, mapping to path=/payments/create?total=316800"}}
[debug] [2025-01-24T10:50:05.658Z] [worker-pool] submitRequest(triggerId=us-central1-api) {"metadata":{"emulator":{"name":"functions"},"message":"[worker-pool] submitRequest(triggerId=us-central1-api)"}}
[info] i  functions: Beginning execution of "us-central1-api" {"metadata":{"emulator":{"name":"functions"},"function":{"name":"us-central1-api"},"extension":{},"message":"Beginning execution of \"us-central1-api\""}}
[debug] [2025-01-24T10:50:05.658Z] [worker-us-central1-api-28bf769f-3408-4a03-a286-3b2b739609a5]: BUSY {"metadata":{"emulator":{"name":"functions"},"function":{"name":"us-central1-api"},"extension":{},"message":"[worker-us-central1-api-28bf769f-3408-4a03-a286-3b2b739609a5]: BUSY"}}
[info] >  Payment Request Received BOOM!!! for amount >>>  316800 {"user":"Payment Request Received BOOM!!! for amount >>>  316800","metadata":{"emulator":{"name":"functions"},"function":{"name":"us-central1-api"},"extension":{},"message":"\u001b[90m> \u001b[39m Payment Request Received BOOM!!! for amount >>>  316800"}}
[info] >  Payment Request Received BOOM!!! for amount >>>  316800 {"user":"Payment Request Received BOOM!!! for amount >>>  316800","metadata":{"emulator":{"name":"functions"},"function":{"name":"us-central1-api"},"extension":{},"message":"\u001b[90m> \u001b[39m Payment Request Received BOOM!!! for amount >>>  316800"}}
[debug] [2025-01-24T10:50:06.882Z] Finishing up request with event=pause {"metadata":{"emulator":{"name":"functions"},"function":{"name":"us-central1-api"},"extension":{},"message":"Finishing up request with event=pause"}}
[info] i  functions: Finished "us-central1-api" in 1223.4182ms {"metadata":{"emulator":{"name":"functions"},"function":{"name":"us-central1-api"},"extension":{},"message":"Finished \"us-central1-api\" in 1223.4182ms"}}
[debug] [2025-01-24T10:50:06.882Z] [worker-us-central1-api-28bf769f-3408-4a03-a286-3b2b739609a5]: IDLE {"metadata":{"emulator":{"name":"functions"},"function":{"name":"us-central1-api"},"extension":{},"message":"[worker-us-central1-api-28bf769f-3408-4a03-a286-3b2b739609a5]: IDLE"}}
[debug] [2025-01-24T10:50:06.883Z] Finishing up request with event=finish {"metadata":{"emulator":{"name":"functions"},"function":{"name":"us-central1-api"},"extension":{},"message":"Finishing up request with event=finish"}}
[debug] [2025-01-24T10:50:06.883Z] Finishing up request with event=close {"metadata":{"emulator":{"name":"functions"},"function":{"name":"us-central1-api"},"extension":{},"message":"Finishing up request with event=close"}}
[debug] [2025-01-24T10:50:06.883Z] [work-queue] {"queuedWork":[],"queueLength":0,"runningWork":["/clone-1cd78/us-central1/api/payments/create-2025-01-24T10:50:05.604Z"],"workRunningCount":1}
[debug] [2025-01-24T10:50:06.890Z] Finishing up request with event=pause {"metadata":{"emulator":{"name":"functions"},"function":{"name":"us-central1-api"},"extension":{},"message":"Finishing up request with event=pause"}}
[info] i  functions: Finished "us-central1-api" in 1238.8629ms {"metadata":{"emulator":{"name":"functions"},"function":{"name":"us-central1-api"},"extension":{},"message":"Finished \"us-central1-api\" in 1238.8629ms"}}
[debug] [2025-01-24T10:50:06.891Z] [worker-us-central1-api-5a79c52a-ed8c-43f8-a3e2-107df27fe8ac]: IDLE {"metadata":{"emulator":{"name":"functions"},"function":{"name":"us-central1-api"},"extension":{},"message":"[worker-us-central1-api-5a79c52a-ed8c-43f8-a3e2-107df27fe8ac]: IDLE"}}
[debug] [2025-01-24T10:50:06.891Z] Finishing up request with event=finish {"metadata":{"emulator":{"name":"functions"},"function":{"name":"us-central1-api"},"extension":{},"message":"Finishing up request with event=finish"}}
[debug] [2025-01-24T10:50:06.891Z] Finishing up request with event=close {"metadata":{"emulator":{"name":"functions"},"function":{"name":"us-central1-api"},"extension":{},"message":"Finishing up request with event=close"}}
[debug] [2025-01-24T10:50:06.891Z] [work-queue] {"queuedWork":[],"queueLength":0,"runningWork":[],"workRunningCount":0}
[debug] [2025-01-24T11:03:47.087Z] [work-queue] {"queuedWork":["/clone-1cd78/us-central1/api/payments/create-2025-01-24T11:03:47.087Z"],"queueLength":1,"runningWork":[],"workRunningCount":0}
[debug] [2025-01-24T11:03:47.087Z] [work-queue] {"queuedWork":[],"queueLength":0,"runningWork":["/clone-1cd78/us-central1/api/payments/create-2025-01-24T11:03:47.087Z"],"workRunningCount":1}
[debug] [2025-01-24T11:03:47.087Z] Accepted request POST /clone-1cd78/us-central1/api/payments/create?total=316800 --> us-central1-api
[debug] [2025-01-24T11:03:47.089Z] [functions] Runtime ready! Sending request! {"metadata":{"emulator":{"name":"functions"},"message":"[functions] Runtime ready! Sending request!"}}
[debug] [2025-01-24T11:03:47.089Z] [functions] Got req.url=/clone-1cd78/us-central1/api/payments/create?total=316800, mapping to path=/payments/create?total=316800 {"metadata":{"emulator":{"name":"functions"},"message":"[functions] Got req.url=/clone-1cd78/us-central1/api/payments/create?total=316800, mapping to path=/payments/create?total=316800"}}
[debug] [2025-01-24T11:03:47.089Z] [worker-pool] submitRequest(triggerId=us-central1-api) {"metadata":{"emulator":{"name":"functions"},"message":"[worker-pool] submitRequest(triggerId=us-central1-api)"}}
[info] i  functions: Beginning execution of "us-central1-api" {"metadata":{"emulator":{"name":"functions"},"function":{"name":"us-central1-api"},"extension":{},"message":"Beginning execution of \"us-central1-api\""}}
[debug] [2025-01-24T11:03:47.090Z] [worker-us-central1-api-5a79c52a-ed8c-43f8-a3e2-107df27fe8ac]: BUSY {"metadata":{"emulator":{"name":"functions"},"function":{"name":"us-central1-api"},"extension":{},"message":"[worker-us-central1-api-5a79c52a-ed8c-43f8-a3e2-107df27fe8ac]: BUSY"}}
[info] >  Payment Request Received BOOM!!! for amount >>>  316800 {"user":"Payment Request Received BOOM!!! for amount >>>  316800","metadata":{"emulator":{"name":"functions"},"function":{"name":"us-central1-api"},"extension":{},"message":"\u001b[90m> \u001b[39m Payment Request Received BOOM!!! for amount >>>  316800"}}
[debug] [2025-01-24T11:03:47.769Z] Finishing up request with event=pause {"metadata":{"emulator":{"name":"functions"},"function":{"name":"us-central1-api"},"extension":{},"message":"Finishing up request with event=pause"}}
[info] i  functions: Finished "us-central1-api" in 679.5576ms {"metadata":{"emulator":{"name":"functions"},"function":{"name":"us-central1-api"},"extension":{},"message":"Finished \"us-central1-api\" in 679.5576ms"}}
[debug] [2025-01-24T11:03:47.770Z] [worker-us-central1-api-5a79c52a-ed8c-43f8-a3e2-107df27fe8ac]: IDLE {"metadata":{"emulator":{"name":"functions"},"function":{"name":"us-central1-api"},"extension":{},"message":"[worker-us-central1-api-5a79c52a-ed8c-43f8-a3e2-107df27fe8ac]: IDLE"}}
[debug] [2025-01-24T11:03:47.770Z] Finishing up request with event=finish {"metadata":{"emulator":{"name":"functions"},"function":{"name":"us-central1-api"},"extension":{},"message":"Finishing up request with event=finish"}}
[debug] [2025-01-24T11:03:47.770Z] Finishing up request with event=close {"metadata":{"emulator":{"name":"functions"},"function":{"name":"us-central1-api"},"extension":{},"message":"Finishing up request with event=close"}}
[debug] [2025-01-24T11:03:47.770Z] [work-queue] {"queuedWork":[],"queueLength":0,"runningWork":[],"workRunningCount":0}
[debug] [2025-01-24T11:04:09.171Z] [work-queue] {"queuedWork":["/clone-1cd78/us-central1/api/payments/create-2025-01-24T11:04:09.171Z"],"queueLength":1,"runningWork":[],"workRunningCount":0}
[debug] [2025-01-24T11:04:09.171Z] [work-queue] {"queuedWork":[],"queueLength":0,"runningWork":["/clone-1cd78/us-central1/api/payments/create-2025-01-24T11:04:09.171Z"],"workRunningCount":1}
[debug] [2025-01-24T11:04:09.171Z] Accepted request POST /clone-1cd78/us-central1/api/payments/create?total=276800 --> us-central1-api
[debug] [2025-01-24T11:04:09.174Z] [functions] Runtime ready! Sending request! {"metadata":{"emulator":{"name":"functions"},"message":"[functions] Runtime ready! Sending request!"}}
[debug] [2025-01-24T11:04:09.174Z] [functions] Got req.url=/clone-1cd78/us-central1/api/payments/create?total=276800, mapping to path=/payments/create?total=276800 {"metadata":{"emulator":{"name":"functions"},"message":"[functions] Got req.url=/clone-1cd78/us-central1/api/payments/create?total=276800, mapping to path=/payments/create?total=276800"}}
[debug] [2025-01-24T11:04:09.174Z] [worker-pool] submitRequest(triggerId=us-central1-api) {"metadata":{"emulator":{"name":"functions"},"message":"[worker-pool] submitRequest(triggerId=us-central1-api)"}}
[info] i  functions: Beginning execution of "us-central1-api" {"metadata":{"emulator":{"name":"functions"},"function":{"name":"us-central1-api"},"extension":{},"message":"Beginning execution of \"us-central1-api\""}}
[debug] [2025-01-24T11:04:09.176Z] [worker-us-central1-api-5a79c52a-ed8c-43f8-a3e2-107df27fe8ac]: BUSY {"metadata":{"emulator":{"name":"functions"},"function":{"name":"us-central1-api"},"extension":{},"message":"[worker-us-central1-api-5a79c52a-ed8c-43f8-a3e2-107df27fe8ac]: BUSY"}}
[info] >  Payment Request Received BOOM!!! for amount >>>  276800 {"user":"Payment Request Received BOOM!!! for amount >>>  276800","metadata":{"emulator":{"name":"functions"},"function":{"name":"us-central1-api"},"extension":{},"message":"\u001b[90m> \u001b[39m Payment Request Received BOOM!!! for amount >>>  276800"}}
[debug] [2025-01-24T11:04:09.677Z] Finishing up request with event=pause {"metadata":{"emulator":{"name":"functions"},"function":{"name":"us-central1-api"},"extension":{},"message":"Finishing up request with event=pause"}}
[info] i  functions: Finished "us-central1-api" in 501.0858ms {"metadata":{"emulator":{"name":"functions"},"function":{"name":"us-central1-api"},"extension":{},"message":"Finished \"us-central1-api\" in 501.0858ms"}}
[debug] [2025-01-24T11:04:09.678Z] [worker-us-central1-api-5a79c52a-ed8c-43f8-a3e2-107df27fe8ac]: IDLE {"metadata":{"emulator":{"name":"functions"},"function":{"name":"us-central1-api"},"extension":{},"message":"[worker-us-central1-api-5a79c52a-ed8c-43f8-a3e2-107df27fe8ac]: IDLE"}}
[debug] [2025-01-24T11:04:09.678Z] Finishing up request with event=finish {"metadata":{"emulator":{"name":"functions"},"function":{"name":"us-central1-api"},"extension":{},"message":"Finishing up request with event=finish"}}
[debug] [2025-01-24T11:04:09.678Z] Finishing up request with event=close {"metadata":{"emulator":{"name":"functions"},"function":{"name":"us-central1-api"},"extension":{},"message":"Finishing up request with event=close"}}
[debug] [2025-01-24T11:04:09.678Z] [work-queue] {"queuedWork":[],"queueLength":0,"runningWork":[],"workRunningCount":0}
[debug] [2025-01-24T11:05:51.099Z] [work-queue] {"queuedWork":["/clone-1cd78/us-central1/api/payments/create-2025-01-24T11:05:51.099Z"],"queueLength":1,"runningWork":[],"workRunningCount":0}
[debug] [2025-01-24T11:05:51.099Z] [work-queue] {"queuedWork":[],"queueLength":0,"runningWork":["/clone-1cd78/us-central1/api/payments/create-2025-01-24T11:05:51.099Z"],"workRunningCount":1}
[debug] [2025-01-24T11:05:51.099Z] Accepted request POST /clone-1cd78/us-central1/api/payments/create?total=276800 --> us-central1-api
[debug] [2025-01-24T11:05:51.102Z] [functions] Runtime ready! Sending request! {"metadata":{"emulator":{"name":"functions"},"message":"[functions] Runtime ready! Sending request!"}}
[debug] [2025-01-24T11:05:51.102Z] [functions] Got req.url=/clone-1cd78/us-central1/api/payments/create?total=276800, mapping to path=/payments/create?total=276800 {"metadata":{"emulator":{"name":"functions"},"message":"[functions] Got req.url=/clone-1cd78/us-central1/api/payments/create?total=276800, mapping to path=/payments/create?total=276800"}}
[debug] [2025-01-24T11:05:51.102Z] [worker-pool] submitRequest(triggerId=us-central1-api) {"metadata":{"emulator":{"name":"functions"},"message":"[worker-pool] submitRequest(triggerId=us-central1-api)"}}
[info] i  functions: Beginning execution of "us-central1-api" {"metadata":{"emulator":{"name":"functions"},"function":{"name":"us-central1-api"},"extension":{},"message":"Beginning execution of \"us-central1-api\""}}
[debug] [2025-01-24T11:05:51.103Z] [worker-us-central1-api-5a79c52a-ed8c-43f8-a3e2-107df27fe8ac]: BUSY {"metadata":{"emulator":{"name":"functions"},"function":{"name":"us-central1-api"},"extension":{},"message":"[worker-us-central1-api-5a79c52a-ed8c-43f8-a3e2-107df27fe8ac]: BUSY"}}
[info] >  Payment Request Received BOOM!!! for amount >>>  276800 {"user":"Payment Request Received BOOM!!! for amount >>>  276800","metadata":{"emulator":{"name":"functions"},"function":{"name":"us-central1-api"},"extension":{},"message":"\u001b[90m> \u001b[39m Payment Request Received BOOM!!! for amount >>>  276800"}}
[debug] [2025-01-24T11:05:51.836Z] Finishing up request with event=pause {"metadata":{"emulator":{"name":"functions"},"function":{"name":"us-central1-api"},"extension":{},"message":"Finishing up request with event=pause"}}
[info] i  functions: Finished "us-central1-api" in 733.5479ms {"metadata":{"emulator":{"name":"functions"},"function":{"name":"us-central1-api"},"extension":{},"message":"Finished \"us-central1-api\" in 733.5479ms"}}
[debug] [2025-01-24T11:05:51.837Z] [worker-us-central1-api-5a79c52a-ed8c-43f8-a3e2-107df27fe8ac]: IDLE {"metadata":{"emulator":{"name":"functions"},"function":{"name":"us-central1-api"},"extension":{},"message":"[worker-us-central1-api-5a79c52a-ed8c-43f8-a3e2-107df27fe8ac]: IDLE"}}
[debug] [2025-01-24T11:05:51.837Z] Finishing up request with event=finish {"metadata":{"emulator":{"name":"functions"},"function":{"name":"us-central1-api"},"extension":{},"message":"Finishing up request with event=finish"}}
[debug] [2025-01-24T11:05:51.837Z] Finishing up request with event=close {"metadata":{"emulator":{"name":"functions"},"function":{"name":"us-central1-api"},"extension":{},"message":"Finishing up request with event=close"}}
[debug] [2025-01-24T11:05:51.837Z] [work-queue] {"queuedWork":[],"queueLength":0,"runningWork":[],"workRunningCount":0}
[debug] [2025-01-24T11:06:20.413Z] [work-queue] {"queuedWork":["/clone-1cd78/us-central1/api/payments/create-2025-01-24T11:06:20.413Z"],"queueLength":1,"runningWork":[],"workRunningCount":0}
[debug] [2025-01-24T11:06:20.413Z] [work-queue] {"queuedWork":[],"queueLength":0,"runningWork":["/clone-1cd78/us-central1/api/payments/create-2025-01-24T11:06:20.413Z"],"workRunningCount":1}
[debug] [2025-01-24T11:06:20.413Z] Accepted request POST /clone-1cd78/us-central1/api/payments/create?total=40000 --> us-central1-api
[debug] [2025-01-24T11:06:20.418Z] [functions] Runtime ready! Sending request! {"metadata":{"emulator":{"name":"functions"},"message":"[functions] Runtime ready! Sending request!"}}
[debug] [2025-01-24T11:06:20.418Z] [functions] Got req.url=/clone-1cd78/us-central1/api/payments/create?total=40000, mapping to path=/payments/create?total=40000 {"metadata":{"emulator":{"name":"functions"},"message":"[functions] Got req.url=/clone-1cd78/us-central1/api/payments/create?total=40000, mapping to path=/payments/create?total=40000"}}
[debug] [2025-01-24T11:06:20.418Z] [worker-pool] submitRequest(triggerId=us-central1-api) {"metadata":{"emulator":{"name":"functions"},"message":"[worker-pool] submitRequest(triggerId=us-central1-api)"}}
[info] i  functions: Beginning execution of "us-central1-api" {"metadata":{"emulator":{"name":"functions"},"function":{"name":"us-central1-api"},"extension":{},"message":"Beginning execution of \"us-central1-api\""}}
[debug] [2025-01-24T11:06:20.437Z] [worker-us-central1-api-5a79c52a-ed8c-43f8-a3e2-107df27fe8ac]: BUSY {"metadata":{"emulator":{"name":"functions"},"function":{"name":"us-central1-api"},"extension":{},"message":"[worker-us-central1-api-5a79c52a-ed8c-43f8-a3e2-107df27fe8ac]: BUSY"}}
[debug] [2025-01-24T11:06:20.439Z] [work-queue] {"queuedWork":["/clone-1cd78/us-central1/api/payments/create-2025-01-24T11:06:20.439Z"],"queueLength":1,"runningWork":["/clone-1cd78/us-central1/api/payments/create-2025-01-24T11:06:20.413Z"],"workRunningCount":1}
[debug] [2025-01-24T11:06:20.439Z] [work-queue] {"queuedWork":[],"queueLength":0,"runningWork":["/clone-1cd78/us-central1/api/payments/create-2025-01-24T11:06:20.413Z","/clone-1cd78/us-central1/api/payments/create-2025-01-24T11:06:20.439Z"],"workRunningCount":2}
[debug] [2025-01-24T11:06:20.439Z] Accepted request POST /clone-1cd78/us-central1/api/payments/create?total=40000 --> us-central1-api
[debug] [2025-01-24T11:06:20.442Z] [functions] Runtime ready! Sending request! {"metadata":{"emulator":{"name":"functions"},"message":"[functions] Runtime ready! Sending request!"}}
[debug] [2025-01-24T11:06:20.442Z] [functions] Got req.url=/clone-1cd78/us-central1/api/payments/create?total=40000, mapping to path=/payments/create?total=40000 {"metadata":{"emulator":{"name":"functions"},"message":"[functions] Got req.url=/clone-1cd78/us-central1/api/payments/create?total=40000, mapping to path=/payments/create?total=40000"}}
[debug] [2025-01-24T11:06:20.442Z] [worker-pool] submitRequest(triggerId=us-central1-api) {"metadata":{"emulator":{"name":"functions"},"message":"[worker-pool] submitRequest(triggerId=us-central1-api)"}}
[info] i  functions: Beginning execution of "us-central1-api" {"metadata":{"emulator":{"name":"functions"},"function":{"name":"us-central1-api"},"extension":{},"message":"Beginning execution of \"us-central1-api\""}}
[debug] [2025-01-24T11:06:20.443Z] [worker-us-central1-api-28bf769f-3408-4a03-a286-3b2b739609a5]: BUSY {"metadata":{"emulator":{"name":"functions"},"function":{"name":"us-central1-api"},"extension":{},"message":"[worker-us-central1-api-28bf769f-3408-4a03-a286-3b2b739609a5]: BUSY"}}
[info] >  Payment Request Received BOOM!!! for amount >>>  40000 {"user":"Payment Request Received BOOM!!! for amount >>>  40000","metadata":{"emulator":{"name":"functions"},"function":{"name":"us-central1-api"},"extension":{},"message":"\u001b[90m> \u001b[39m Payment Request Received BOOM!!! for amount >>>  40000"}}
[info] >  Payment Request Received BOOM!!! for amount >>>  40000 {"user":"Payment Request Received BOOM!!! for amount >>>  40000","metadata":{"emulator":{"name":"functions"},"function":{"name":"us-central1-api"},"extension":{},"message":"\u001b[90m> \u001b[39m Payment Request Received BOOM!!! for amount >>>  40000"}}
[debug] [2025-01-24T11:06:20.854Z] Finishing up request with event=pause {"metadata":{"emulator":{"name":"functions"},"function":{"name":"us-central1-api"},"extension":{},"message":"Finishing up request with event=pause"}}
[info] i  functions: Finished "us-central1-api" in 417.4076ms {"metadata":{"emulator":{"name":"functions"},"function":{"name":"us-central1-api"},"extension":{},"message":"Finished \"us-central1-api\" in 417.4076ms"}}
[debug] [2025-01-24T11:06:20.855Z] [worker-us-central1-api-5a79c52a-ed8c-43f8-a3e2-107df27fe8ac]: IDLE {"metadata":{"emulator":{"name":"functions"},"function":{"name":"us-central1-api"},"extension":{},"message":"[worker-us-central1-api-5a79c52a-ed8c-43f8-a3e2-107df27fe8ac]: IDLE"}}
[debug] [2025-01-24T11:06:20.856Z] Finishing up request with event=finish {"metadata":{"emulator":{"name":"functions"},"function":{"name":"us-central1-api"},"extension":{},"message":"Finishing up request with event=finish"}}
[debug] [2025-01-24T11:06:20.856Z] Finishing up request with event=close {"metadata":{"emulator":{"name":"functions"},"function":{"name":"us-central1-api"},"extension":{},"message":"Finishing up request with event=close"}}
[debug] [2025-01-24T11:06:20.856Z] [work-queue] {"queuedWork":[],"queueLength":0,"runningWork":["/clone-1cd78/us-central1/api/payments/create-2025-01-24T11:06:20.439Z"],"workRunningCount":1}
[debug] [2025-01-24T11:06:21.444Z] Finishing up request with event=pause {"metadata":{"emulator":{"name":"functions"},"function":{"name":"us-central1-api"},"extension":{},"message":"Finishing up request with event=pause"}}
[info] i  functions: Finished "us-central1-api" in 1000.6672ms {"metadata":{"emulator":{"name":"functions"},"function":{"name":"us-central1-api"},"extension":{},"message":"Finished \"us-central1-api\" in 1000.6672ms"}}
[debug] [2025-01-24T11:06:21.445Z] [worker-us-central1-api-28bf769f-3408-4a03-a286-3b2b739609a5]: IDLE {"metadata":{"emulator":{"name":"functions"},"function":{"name":"us-central1-api"},"extension":{},"message":"[worker-us-central1-api-28bf769f-3408-4a03-a286-3b2b739609a5]: IDLE"}}
[debug] [2025-01-24T11:06:21.445Z] Finishing up request with event=finish {"metadata":{"emulator":{"name":"functions"},"function":{"name":"us-central1-api"},"extension":{},"message":"Finishing up request with event=finish"}}
[debug] [2025-01-24T11:06:21.445Z] Finishing up request with event=close {"metadata":{"emulator":{"name":"functions"},"function":{"name":"us-central1-api"},"extension":{},"message":"Finishing up request with event=close"}}
[debug] [2025-01-24T11:06:21.445Z] [work-queue] {"queuedWork":[],"queueLength":0,"runningWork":[],"workRunningCount":0}
[debug] [2025-01-24T11:09:11.092Z] [work-queue] {"queuedWork":["/clone-1cd78/us-central1/api/payments/create-2025-01-24T11:09:11.092Z"],"queueLength":1,"runningWork":[],"workRunningCount":0}
[debug] [2025-01-24T11:09:11.093Z] [work-queue] {"queuedWork":[],"queueLength":0,"runningWork":["/clone-1cd78/us-central1/api/payments/create-2025-01-24T11:09:11.092Z"],"workRunningCount":1}
[debug] [2025-01-24T11:09:11.093Z] Accepted request POST /clone-1cd78/us-central1/api/payments/create?total=40000 --> us-central1-api
[debug] [2025-01-24T11:09:11.097Z] [functions] Runtime ready! Sending request! {"metadata":{"emulator":{"name":"functions"},"message":"[functions] Runtime ready! Sending request!"}}
[debug] [2025-01-24T11:09:11.097Z] [functions] Got req.url=/clone-1cd78/us-central1/api/payments/create?total=40000, mapping to path=/payments/create?total=40000 {"metadata":{"emulator":{"name":"functions"},"message":"[functions] Got req.url=/clone-1cd78/us-central1/api/payments/create?total=40000, mapping to path=/payments/create?total=40000"}}
[debug] [2025-01-24T11:09:11.097Z] [worker-pool] submitRequest(triggerId=us-central1-api) {"metadata":{"emulator":{"name":"functions"},"message":"[worker-pool] submitRequest(triggerId=us-central1-api)"}}
[info] i  functions: Beginning execution of "us-central1-api" {"metadata":{"emulator":{"name":"functions"},"function":{"name":"us-central1-api"},"extension":{},"message":"Beginning execution of \"us-central1-api\""}}
[debug] [2025-01-24T11:09:11.098Z] [worker-us-central1-api-5a79c52a-ed8c-43f8-a3e2-107df27fe8ac]: BUSY {"metadata":{"emulator":{"name":"functions"},"function":{"name":"us-central1-api"},"extension":{},"message":"[worker-us-central1-api-5a79c52a-ed8c-43f8-a3e2-107df27fe8ac]: BUSY"}}
[info] >  Payment Request Received BOOM!!! for amount >>>  40000 {"user":"Payment Request Received BOOM!!! for amount >>>  40000","metadata":{"emulator":{"name":"functions"},"function":{"name":"us-central1-api"},"extension":{},"message":"\u001b[90m> \u001b[39m Payment Request Received BOOM!!! for amount >>>  40000"}}
[debug] [2025-01-24T11:09:11.776Z] Finishing up request with event=pause {"metadata":{"emulator":{"name":"functions"},"function":{"name":"us-central1-api"},"extension":{},"message":"Finishing up request with event=pause"}}
[info] i  functions: Finished "us-central1-api" in 678.6ms {"metadata":{"emulator":{"name":"functions"},"function":{"name":"us-central1-api"},"extension":{},"message":"Finished \"us-central1-api\" in 678.6ms"}}
[debug] [2025-01-24T11:09:11.777Z] [worker-us-central1-api-5a79c52a-ed8c-43f8-a3e2-107df27fe8ac]: IDLE {"metadata":{"emulator":{"name":"functions"},"function":{"name":"us-central1-api"},"extension":{},"message":"[worker-us-central1-api-5a79c52a-ed8c-43f8-a3e2-107df27fe8ac]: IDLE"}}
[debug] [2025-01-24T11:09:11.777Z] Finishing up request with event=finish {"metadata":{"emulator":{"name":"functions"},"function":{"name":"us-central1-api"},"extension":{},"message":"Finishing up request with event=finish"}}
[debug] [2025-01-24T11:09:11.777Z] Finishing up request with event=close {"metadata":{"emulator":{"name":"functions"},"function":{"name":"us-central1-api"},"extension":{},"message":"Finishing up request with event=close"}}
[debug] [2025-01-24T11:09:11.777Z] [work-queue] {"queuedWork":[],"queueLength":0,"runningWork":[],"workRunningCount":0}
[debug] [2025-01-24T11:09:42.184Z] [work-queue] {"queuedWork":["/clone-1cd78/us-central1/api/payments/create-2025-01-24T11:09:42.184Z"],"queueLength":1,"runningWork":[],"workRunningCount":0}
[debug] [2025-01-24T11:09:42.184Z] [work-queue] {"queuedWork":[],"queueLength":0,"runningWork":["/clone-1cd78/us-central1/api/payments/create-2025-01-24T11:09:42.184Z"],"workRunningCount":1}
[debug] [2025-01-24T11:09:42.184Z] Accepted request POST /clone-1cd78/us-central1/api/payments/create?total=316800 --> us-central1-api
[debug] [2025-01-24T11:09:42.187Z] [functions] Runtime ready! Sending request! {"metadata":{"emulator":{"name":"functions"},"message":"[functions] Runtime ready! Sending request!"}}
[debug] [2025-01-24T11:09:42.187Z] [functions] Got req.url=/clone-1cd78/us-central1/api/payments/create?total=316800, mapping to path=/payments/create?total=316800 {"metadata":{"emulator":{"name":"functions"},"message":"[functions] Got req.url=/clone-1cd78/us-central1/api/payments/create?total=316800, mapping to path=/payments/create?total=316800"}}
[debug] [2025-01-24T11:09:42.188Z] [worker-pool] submitRequest(triggerId=us-central1-api) {"metadata":{"emulator":{"name":"functions"},"message":"[worker-pool] submitRequest(triggerId=us-central1-api)"}}
[info] i  functions: Beginning execution of "us-central1-api" {"metadata":{"emulator":{"name":"functions"},"function":{"name":"us-central1-api"},"extension":{},"message":"Beginning execution of \"us-central1-api\""}}
[debug] [2025-01-24T11:09:42.198Z] [worker-us-central1-api-5a79c52a-ed8c-43f8-a3e2-107df27fe8ac]: BUSY {"metadata":{"emulator":{"name":"functions"},"function":{"name":"us-central1-api"},"extension":{},"message":"[worker-us-central1-api-5a79c52a-ed8c-43f8-a3e2-107df27fe8ac]: BUSY"}}
[debug] [2025-01-24T11:09:42.200Z] [work-queue] {"queuedWork":["/clone-1cd78/us-central1/api/payments/create-2025-01-24T11:09:42.200Z"],"queueLength":1,"runningWork":["/clone-1cd78/us-central1/api/payments/create-2025-01-24T11:09:42.184Z"],"workRunningCount":1}
[debug] [2025-01-24T11:09:42.200Z] [work-queue] {"queuedWork":[],"queueLength":0,"runningWork":["/clone-1cd78/us-central1/api/payments/create-2025-01-24T11:09:42.184Z","/clone-1cd78/us-central1/api/payments/create-2025-01-24T11:09:42.200Z"],"workRunningCount":2}
[debug] [2025-01-24T11:09:42.200Z] Accepted request POST /clone-1cd78/us-central1/api/payments/create?total=316800 --> us-central1-api
[debug] [2025-01-24T11:09:42.203Z] [functions] Runtime ready! Sending request! {"metadata":{"emulator":{"name":"functions"},"message":"[functions] Runtime ready! Sending request!"}}
[debug] [2025-01-24T11:09:42.203Z] [functions] Got req.url=/clone-1cd78/us-central1/api/payments/create?total=316800, mapping to path=/payments/create?total=316800 {"metadata":{"emulator":{"name":"functions"},"message":"[functions] Got req.url=/clone-1cd78/us-central1/api/payments/create?total=316800, mapping to path=/payments/create?total=316800"}}
[debug] [2025-01-24T11:09:42.203Z] [worker-pool] submitRequest(triggerId=us-central1-api) {"metadata":{"emulator":{"name":"functions"},"message":"[worker-pool] submitRequest(triggerId=us-central1-api)"}}
[info] i  functions: Beginning execution of "us-central1-api" {"metadata":{"emulator":{"name":"functions"},"function":{"name":"us-central1-api"},"extension":{},"message":"Beginning execution of \"us-central1-api\""}}
[debug] [2025-01-24T11:09:42.204Z] [worker-us-central1-api-28bf769f-3408-4a03-a286-3b2b739609a5]: BUSY {"metadata":{"emulator":{"name":"functions"},"function":{"name":"us-central1-api"},"extension":{},"message":"[worker-us-central1-api-28bf769f-3408-4a03-a286-3b2b739609a5]: BUSY"}}
[info] >  Payment Request Received BOOM!!! for amount >>>  316800 {"user":"Payment Request Received BOOM!!! for amount >>>  316800","metadata":{"emulator":{"name":"functions"},"function":{"name":"us-central1-api"},"extension":{},"message":"\u001b[90m> \u001b[39m Payment Request Received BOOM!!! for amount >>>  316800"}}
[info] >  Payment Request Received BOOM!!! for amount >>>  316800 {"user":"Payment Request Received BOOM!!! for amount >>>  316800","metadata":{"emulator":{"name":"functions"},"function":{"name":"us-central1-api"},"extension":{},"message":"\u001b[90m> \u001b[39m Payment Request Received BOOM!!! for amount >>>  316800"}}
[debug] [2025-01-24T11:09:42.678Z] Finishing up request with event=pause {"metadata":{"emulator":{"name":"functions"},"function":{"name":"us-central1-api"},"extension":{},"message":"Finishing up request with event=pause"}}
[info] i  functions: Finished "us-central1-api" in 481.8553ms {"metadata":{"emulator":{"name":"functions"},"function":{"name":"us-central1-api"},"extension":{},"message":"Finished \"us-central1-api\" in 481.8553ms"}}
[debug] [2025-01-24T11:09:42.679Z] [worker-us-central1-api-5a79c52a-ed8c-43f8-a3e2-107df27fe8ac]: IDLE {"metadata":{"emulator":{"name":"functions"},"function":{"name":"us-central1-api"},"extension":{},"message":"[worker-us-central1-api-5a79c52a-ed8c-43f8-a3e2-107df27fe8ac]: IDLE"}}
[debug] [2025-01-24T11:09:42.679Z] Finishing up request with event=finish {"metadata":{"emulator":{"name":"functions"},"function":{"name":"us-central1-api"},"extension":{},"message":"Finishing up request with event=finish"}}
[debug] [2025-01-24T11:09:42.679Z] Finishing up request with event=close {"metadata":{"emulator":{"name":"functions"},"function":{"name":"us-central1-api"},"extension":{},"message":"Finishing up request with event=close"}}
[debug] [2025-01-24T11:09:42.679Z] [work-queue] {"queuedWork":[],"queueLength":0,"runningWork":["/clone-1cd78/us-central1/api/payments/create-2025-01-24T11:09:42.200Z"],"workRunningCount":1}
[debug] [2025-01-24T11:09:43.219Z] Finishing up request with event=pause {"metadata":{"emulator":{"name":"functions"},"function":{"name":"us-central1-api"},"extension":{},"message":"Finishing up request with event=pause"}}
[info] i  functions: Finished "us-central1-api" in 1015.6084ms {"metadata":{"emulator":{"name":"functions"},"function":{"name":"us-central1-api"},"extension":{},"message":"Finished \"us-central1-api\" in 1015.6084ms"}}
[debug] [2025-01-24T11:09:43.220Z] [worker-us-central1-api-28bf769f-3408-4a03-a286-3b2b739609a5]: IDLE {"metadata":{"emulator":{"name":"functions"},"function":{"name":"us-central1-api"},"extension":{},"message":"[worker-us-central1-api-28bf769f-3408-4a03-a286-3b2b739609a5]: IDLE"}}
[debug] [2025-01-24T11:09:43.220Z] Finishing up request with event=finish {"metadata":{"emulator":{"name":"functions"},"function":{"name":"us-central1-api"},"extension":{},"message":"Finishing up request with event=finish"}}
[debug] [2025-01-24T11:09:43.220Z] Finishing up request with event=close {"metadata":{"emulator":{"name":"functions"},"function":{"name":"us-central1-api"},"extension":{},"message":"Finishing up request with event=close"}}
[debug] [2025-01-24T11:09:43.220Z] [work-queue] {"queuedWork":[],"queueLength":0,"runningWork":[],"workRunningCount":0}
[debug] [2025-01-24T11:11:32.663Z] [work-queue] {"queuedWork":["/clone-1cd78/us-central1/api/payments/create-2025-01-24T11:11:32.662Z"],"queueLength":1,"runningWork":[],"workRunningCount":0}
[debug] [2025-01-24T11:11:32.663Z] [work-queue] {"queuedWork":[],"queueLength":0,"runningWork":["/clone-1cd78/us-central1/api/payments/create-2025-01-24T11:11:32.662Z"],"workRunningCount":1}
[debug] [2025-01-24T11:11:32.663Z] Accepted request POST /clone-1cd78/us-central1/api/payments/create?total=242400 --> us-central1-api
[debug] [2025-01-24T11:11:32.670Z] [functions] Runtime ready! Sending request! {"metadata":{"emulator":{"name":"functions"},"message":"[functions] Runtime ready! Sending request!"}}
[debug] [2025-01-24T11:11:32.670Z] [functions] Got req.url=/clone-1cd78/us-central1/api/payments/create?total=242400, mapping to path=/payments/create?total=242400 {"metadata":{"emulator":{"name":"functions"},"message":"[functions] Got req.url=/clone-1cd78/us-central1/api/payments/create?total=242400, mapping to path=/payments/create?total=242400"}}
[debug] [2025-01-24T11:11:32.670Z] [worker-pool] submitRequest(triggerId=us-central1-api) {"metadata":{"emulator":{"name":"functions"},"message":"[worker-pool] submitRequest(triggerId=us-central1-api)"}}
[info] i  functions: Beginning execution of "us-central1-api" {"metadata":{"emulator":{"name":"functions"},"function":{"name":"us-central1-api"},"extension":{},"message":"Beginning execution of \"us-central1-api\""}}
[debug] [2025-01-24T11:11:32.671Z] [worker-us-central1-api-5a79c52a-ed8c-43f8-a3e2-107df27fe8ac]: BUSY {"metadata":{"emulator":{"name":"functions"},"function":{"name":"us-central1-api"},"extension":{},"message":"[worker-us-central1-api-5a79c52a-ed8c-43f8-a3e2-107df27fe8ac]: BUSY"}}
[debug] [2025-01-24T11:11:32.673Z] [work-queue] {"queuedWork":["/clone-1cd78/us-central1/api/payments/create-2025-01-24T11:11:32.673Z"],"queueLength":1,"runningWork":["/clone-1cd78/us-central1/api/payments/create-2025-01-24T11:11:32.662Z"],"workRunningCount":1}
[debug] [2025-01-24T11:11:32.674Z] [work-queue] {"queuedWork":[],"queueLength":0,"runningWork":["/clone-1cd78/us-central1/api/payments/create-2025-01-24T11:11:32.662Z","/clone-1cd78/us-central1/api/payments/create-2025-01-24T11:11:32.673Z"],"workRunningCount":2}
[debug] [2025-01-24T11:11:32.674Z] Accepted request POST /clone-1cd78/us-central1/api/payments/create?total=242400 --> us-central1-api
[debug] [2025-01-24T11:11:32.677Z] [functions] Runtime ready! Sending request! {"metadata":{"emulator":{"name":"functions"},"message":"[functions] Runtime ready! Sending request!"}}
[debug] [2025-01-24T11:11:32.677Z] [functions] Got req.url=/clone-1cd78/us-central1/api/payments/create?total=242400, mapping to path=/payments/create?total=242400 {"metadata":{"emulator":{"name":"functions"},"message":"[functions] Got req.url=/clone-1cd78/us-central1/api/payments/create?total=242400, mapping to path=/payments/create?total=242400"}}
[debug] [2025-01-24T11:11:32.677Z] [worker-pool] submitRequest(triggerId=us-central1-api) {"metadata":{"emulator":{"name":"functions"},"message":"[worker-pool] submitRequest(triggerId=us-central1-api)"}}
[info] i  functions: Beginning execution of "us-central1-api" {"metadata":{"emulator":{"name":"functions"},"function":{"name":"us-central1-api"},"extension":{},"message":"Beginning execution of \"us-central1-api\""}}
[debug] [2025-01-24T11:11:32.679Z] [worker-us-central1-api-28bf769f-3408-4a03-a286-3b2b739609a5]: BUSY {"metadata":{"emulator":{"name":"functions"},"function":{"name":"us-central1-api"},"extension":{},"message":"[worker-us-central1-api-28bf769f-3408-4a03-a286-3b2b739609a5]: BUSY"}}
[info] >  Payment Request Received BOOM!!! for amount >>>  242400 {"user":"Payment Request Received BOOM!!! for amount >>>  242400","metadata":{"emulator":{"name":"functions"},"function":{"name":"us-central1-api"},"extension":{},"message":"\u001b[90m> \u001b[39m Payment Request Received BOOM!!! for amount >>>  242400"}}
[info] >  Payment Request Received BOOM!!! for amount >>>  242400 {"user":"Payment Request Received BOOM!!! for amount >>>  242400","metadata":{"emulator":{"name":"functions"},"function":{"name":"us-central1-api"},"extension":{},"message":"\u001b[90m> \u001b[39m Payment Request Received BOOM!!! for amount >>>  242400"}}
[debug] [2025-01-24T11:11:33.535Z] Finishing up request with event=pause {"metadata":{"emulator":{"name":"functions"},"function":{"name":"us-central1-api"},"extension":{},"message":"Finishing up request with event=pause"}}
[info] i  functions: Finished "us-central1-api" in 863.4222ms {"metadata":{"emulator":{"name":"functions"},"function":{"name":"us-central1-api"},"extension":{},"message":"Finished \"us-central1-api\" in 863.4222ms"}}
[debug] [2025-01-24T11:11:33.536Z] [worker-us-central1-api-5a79c52a-ed8c-43f8-a3e2-107df27fe8ac]: IDLE {"metadata":{"emulator":{"name":"functions"},"function":{"name":"us-central1-api"},"extension":{},"message":"[worker-us-central1-api-5a79c52a-ed8c-43f8-a3e2-107df27fe8ac]: IDLE"}}
[debug] [2025-01-24T11:11:33.537Z] Finishing up request with event=finish {"metadata":{"emulator":{"name":"functions"},"function":{"name":"us-central1-api"},"extension":{},"message":"Finishing up request with event=finish"}}
[debug] [2025-01-24T11:11:33.537Z] Finishing up request with event=close {"metadata":{"emulator":{"name":"functions"},"function":{"name":"us-central1-api"},"extension":{},"message":"Finishing up request with event=close"}}
[debug] [2025-01-24T11:11:33.537Z] [work-queue] {"queuedWork":[],"queueLength":0,"runningWork":["/clone-1cd78/us-central1/api/payments/create-2025-01-24T11:11:32.673Z"],"workRunningCount":1}
[debug] [2025-01-24T11:11:33.559Z] Finishing up request with event=pause {"metadata":{"emulator":{"name":"functions"},"function":{"name":"us-central1-api"},"extension":{},"message":"Finishing up request with event=pause"}}
[info] i  functions: Finished "us-central1-api" in 880.1018ms {"metadata":{"emulator":{"name":"functions"},"function":{"name":"us-central1-api"},"extension":{},"message":"Finished \"us-central1-api\" in 880.1018ms"}}
[debug] [2025-01-24T11:11:33.561Z] [worker-us-central1-api-28bf769f-3408-4a03-a286-3b2b739609a5]: IDLE {"metadata":{"emulator":{"name":"functions"},"function":{"name":"us-central1-api"},"extension":{},"message":"[worker-us-central1-api-28bf769f-3408-4a03-a286-3b2b739609a5]: IDLE"}}
[debug] [2025-01-24T11:11:33.562Z] Finishing up request with event=finish {"metadata":{"emulator":{"name":"functions"},"function":{"name":"us-central1-api"},"extension":{},"message":"Finishing up request with event=finish"}}
[debug] [2025-01-24T11:11:33.562Z] Finishing up request with event=close {"metadata":{"emulator":{"name":"functions"},"function":{"name":"us-central1-api"},"extension":{},"message":"Finishing up request with event=close"}}
[debug] [2025-01-24T11:11:33.562Z] [work-queue] {"queuedWork":[],"queueLength":0,"runningWork":[],"workRunningCount":0}
[debug] [2025-01-24T11:14:15.350Z] [work-queue] {"queuedWork":["/clone-1cd78/us-central1/api/payments/create-2025-01-24T11:14:15.350Z"],"queueLength":1,"runningWork":[],"workRunningCount":0}
[debug] [2025-01-24T11:14:15.350Z] [work-queue] {"queuedWork":[],"queueLength":0,"runningWork":["/clone-1cd78/us-central1/api/payments/create-2025-01-24T11:14:15.350Z"],"workRunningCount":1}
[debug] [2025-01-24T11:14:15.350Z] Accepted request POST /clone-1cd78/us-central1/api/payments/create?total=27500 --> us-central1-api
[debug] [2025-01-24T11:14:15.352Z] [functions] Runtime ready! Sending request! {"metadata":{"emulator":{"name":"functions"},"message":"[functions] Runtime ready! Sending request!"}}
[debug] [2025-01-24T11:14:15.353Z] [functions] Got req.url=/clone-1cd78/us-central1/api/payments/create?total=27500, mapping to path=/payments/create?total=27500 {"metadata":{"emulator":{"name":"functions"},"message":"[functions] Got req.url=/clone-1cd78/us-central1/api/payments/create?total=27500, mapping to path=/payments/create?total=27500"}}
[debug] [2025-01-24T11:14:15.353Z] [worker-pool] submitRequest(triggerId=us-central1-api) {"metadata":{"emulator":{"name":"functions"},"message":"[worker-pool] submitRequest(triggerId=us-central1-api)"}}
[info] i  functions: Beginning execution of "us-central1-api" {"metadata":{"emulator":{"name":"functions"},"function":{"name":"us-central1-api"},"extension":{},"message":"Beginning execution of \"us-central1-api\""}}
[debug] [2025-01-24T11:14:15.354Z] [worker-us-central1-api-5a79c52a-ed8c-43f8-a3e2-107df27fe8ac]: BUSY {"metadata":{"emulator":{"name":"functions"},"function":{"name":"us-central1-api"},"extension":{},"message":"[worker-us-central1-api-5a79c52a-ed8c-43f8-a3e2-107df27fe8ac]: BUSY"}}
[info] >  Payment Request Received BOOM!!! for amount >>>  27500 {"user":"Payment Request Received BOOM!!! for amount >>>  27500","metadata":{"emulator":{"name":"functions"},"function":{"name":"us-central1-api"},"extension":{},"message":"\u001b[90m> \u001b[39m Payment Request Received BOOM!!! for amount >>>  27500"}}
[debug] [2025-01-24T11:14:15.360Z] [work-queue] {"queuedWork":["/clone-1cd78/us-central1/api/payments/create-2025-01-24T11:14:15.360Z"],"queueLength":1,"runningWork":["/clone-1cd78/us-central1/api/payments/create-2025-01-24T11:14:15.350Z"],"workRunningCount":1}
[debug] [2025-01-24T11:14:15.360Z] [work-queue] {"queuedWork":[],"queueLength":0,"runningWork":["/clone-1cd78/us-central1/api/payments/create-2025-01-24T11:14:15.350Z","/clone-1cd78/us-central1/api/payments/create-2025-01-24T11:14:15.360Z"],"workRunningCount":2}
[debug] [2025-01-24T11:14:15.360Z] Accepted request POST /clone-1cd78/us-central1/api/payments/create?total=27500 --> us-central1-api
[debug] [2025-01-24T11:14:15.362Z] [functions] Runtime ready! Sending request! {"metadata":{"emulator":{"name":"functions"},"message":"[functions] Runtime ready! Sending request!"}}
[debug] [2025-01-24T11:14:15.363Z] [functions] Got req.url=/clone-1cd78/us-central1/api/payments/create?total=27500, mapping to path=/payments/create?total=27500 {"metadata":{"emulator":{"name":"functions"},"message":"[functions] Got req.url=/clone-1cd78/us-central1/api/payments/create?total=27500, mapping to path=/payments/create?total=27500"}}
[debug] [2025-01-24T11:14:15.363Z] [worker-pool] submitRequest(triggerId=us-central1-api) {"metadata":{"emulator":{"name":"functions"},"message":"[worker-pool] submitRequest(triggerId=us-central1-api)"}}
[info] i  functions: Beginning execution of "us-central1-api" {"metadata":{"emulator":{"name":"functions"},"function":{"name":"us-central1-api"},"extension":{},"message":"Beginning execution of \"us-central1-api\""}}
[debug] [2025-01-24T11:14:15.363Z] [worker-us-central1-api-28bf769f-3408-4a03-a286-3b2b739609a5]: BUSY {"metadata":{"emulator":{"name":"functions"},"function":{"name":"us-central1-api"},"extension":{},"message":"[worker-us-central1-api-28bf769f-3408-4a03-a286-3b2b739609a5]: BUSY"}}
[info] >  Payment Request Received BOOM!!! for amount >>>  27500 {"user":"Payment Request Received BOOM!!! for amount >>>  27500","metadata":{"emulator":{"name":"functions"},"function":{"name":"us-central1-api"},"extension":{},"message":"\u001b[90m> \u001b[39m Payment Request Received BOOM!!! for amount >>>  27500"}}
[debug] [2025-01-24T11:14:16.108Z] Finishing up request with event=pause {"metadata":{"emulator":{"name":"functions"},"function":{"name":"us-central1-api"},"extension":{},"message":"Finishing up request with event=pause"}}
[info] i  functions: Finished "us-central1-api" in 748.0178ms {"metadata":{"emulator":{"name":"functions"},"function":{"name":"us-central1-api"},"extension":{},"message":"Finished \"us-central1-api\" in 748.0178ms"}}
[debug] [2025-01-24T11:14:16.113Z] [worker-us-central1-api-28bf769f-3408-4a03-a286-3b2b739609a5]: IDLE {"metadata":{"emulator":{"name":"functions"},"function":{"name":"us-central1-api"},"extension":{},"message":"[worker-us-central1-api-28bf769f-3408-4a03-a286-3b2b739609a5]: IDLE"}}
[debug] [2025-01-24T11:14:16.113Z] Finishing up request with event=finish {"metadata":{"emulator":{"name":"functions"},"function":{"name":"us-central1-api"},"extension":{},"message":"Finishing up request with event=finish"}}
[debug] [2025-01-24T11:14:16.113Z] Finishing up request with event=close {"metadata":{"emulator":{"name":"functions"},"function":{"name":"us-central1-api"},"extension":{},"message":"Finishing up request with event=close"}}
[debug] [2025-01-24T11:14:16.113Z] [work-queue] {"queuedWork":[],"queueLength":0,"runningWork":["/clone-1cd78/us-central1/api/payments/create-2025-01-24T11:14:15.350Z"],"workRunningCount":1}
[debug] [2025-01-24T11:14:16.119Z] Finishing up request with event=pause {"metadata":{"emulator":{"name":"functions"},"function":{"name":"us-central1-api"},"extension":{},"message":"Finishing up request with event=pause"}}
[info] i  functions: Finished "us-central1-api" in 766.2835ms {"metadata":{"emulator":{"name":"functions"},"function":{"name":"us-central1-api"},"extension":{},"message":"Finished \"us-central1-api\" in 766.2835ms"}}
[debug] [2025-01-24T11:14:16.123Z] [worker-us-central1-api-5a79c52a-ed8c-43f8-a3e2-107df27fe8ac]: IDLE {"metadata":{"emulator":{"name":"functions"},"function":{"name":"us-central1-api"},"extension":{},"message":"[worker-us-central1-api-5a79c52a-ed8c-43f8-a3e2-107df27fe8ac]: IDLE"}}
[debug] [2025-01-24T11:14:16.123Z] Finishing up request with event=finish {"metadata":{"emulator":{"name":"functions"},"function":{"name":"us-central1-api"},"extension":{},"message":"Finishing up request with event=finish"}}
[debug] [2025-01-24T11:14:16.123Z] Finishing up request with event=close {"metadata":{"emulator":{"name":"functions"},"function":{"name":"us-central1-api"},"extension":{},"message":"Finishing up request with event=close"}}
[debug] [2025-01-24T11:14:16.123Z] [work-queue] {"queuedWork":[],"queueLength":0,"runningWork":[],"workRunningCount":0}
[debug] [2025-01-24T11:15:08.328Z] File C:\Users\JEFRINA A P\Amazon_Clone\amazon\functions\index.js changed, reloading triggers {"metadata":{"emulator":{"name":"functions"},"message":"File C:\\Users\\JEFRINA A P\\Amazon_Clone\\amazon\\functions\\index.js changed, reloading triggers"}}
[debug] [2025-01-24T11:15:09.334Z] Validating nodejs source
[debug] [2025-01-24T11:15:10.998Z] > [functions] package.json contents: {
  "name": "functions",
  "description": "Cloud Functions for Firebase",
  "scripts": {
    "lint": "eslint .",
    "serve": "firebase emulators:start --only functions",
    "shell": "firebase functions:shell",
    "start": "npm run shell",
    "deploy": "firebase deploy --only functions",
    "logs": "firebase functions:log"
  },
  "engines": {
    "node": "22"
  },
  "main": "index.js",
  "dependencies": {
    "axios": "^1.7.9",
    "cors": "^2.8.5",
    "express": "^4.21.2",
    "firebase-admin": "^12.6.0",
    "firebase-functions": "^6.0.1",
    "stripe": "^17.5.0"
  },
  "devDependencies": {
    "eslint": "^8.15.0",
    "eslint-config-google": "^0.14.0",
    "firebase-functions-test": "^3.1.0"
  },
  "private": true
}
[debug] [2025-01-24T11:15:10.998Z] Building nodejs source
[debug] [2025-01-24T11:15:10.998Z] Failed to find version of module node: reached end of search path C:\Users\JEFRINA A P\Amazon_Clone\amazon\functions\node_modules
[info] +  functions: Using node@22 from host. 
[debug] [2025-01-24T11:15:11.000Z] Could not find functions.yaml. Must use http discovery
[debug] [2025-01-24T11:15:11.011Z] Found firebase-functions binary at 'C:\Users\JEFRINA A P\Amazon_Clone\amazon\functions\node_modules\.bin\firebase-functions'
[info] Serving at port 8686

[debug] [2025-01-24T11:15:12.279Z] Got response from /__/functions.yaml {"endpoints":{"api":{"availableMemoryMb":null,"timeoutSeconds":null,"minInstances":null,"maxInstances":null,"ingressSettings":null,"concurrency":null,"serviceAccountEmail":null,"vpc":null,"platform":"gcfv2","labels":{},"httpsTrigger":{},"entryPoint":"api"}},"specVersion":"v1alpha1","requiredAPIs":[],"extensions":{}}
[debug] [2025-01-24T11:15:17.318Z] defaultcredentials: writing to file C:\Users\JEFRINA A P\AppData\Roaming\firebase\apjefrina123_gmail_com_application_default_credentials.json
[debug] [2025-01-24T11:15:17.320Z] Setting GAC to C:\Users\JEFRINA A P\AppData\Roaming\firebase\apjefrina123_gmail_com_application_default_credentials.json {"metadata":{"emulator":{"name":"functions"},"message":"Setting GAC to C:\\Users\\JEFRINA A P\\AppData\\Roaming\\firebase\\apjefrina123_gmail_com_application_default_credentials.json"}}
[info] +  functions: Loaded functions definitions from source: api. {"metadata":{"emulator":{"name":"functions"},"message":"Loaded functions definitions from source: api."}}
[debug] [2025-01-24T11:15:17.321Z] [worker-pool] Shutting down IDLE worker (us-central1-api) {"metadata":{"emulator":{"name":"functions"},"message":"[worker-pool] Shutting down IDLE worker (us-central1-api)"}}
[debug] [2025-01-24T11:15:17.321Z] [worker-us-central1-api-5a79c52a-ed8c-43f8-a3e2-107df27fe8ac]: FINISHING {"metadata":{"emulator":{"name":"functions"},"function":{"name":"us-central1-api"},"extension":{},"message":"[worker-us-central1-api-5a79c52a-ed8c-43f8-a3e2-107df27fe8ac]: FINISHING"}}
[debug] [2025-01-24T11:15:17.322Z] [worker-pool] Shutting down IDLE worker (us-central1-api) {"metadata":{"emulator":{"name":"functions"},"message":"[worker-pool] Shutting down IDLE worker (us-central1-api)"}}
[debug] [2025-01-24T11:15:17.322Z] [worker-us-central1-api-28bf769f-3408-4a03-a286-3b2b739609a5]: FINISHING {"metadata":{"emulator":{"name":"functions"},"function":{"name":"us-central1-api"},"extension":{},"message":"[worker-us-central1-api-28bf769f-3408-4a03-a286-3b2b739609a5]: FINISHING"}}
[debug] [2025-01-24T11:15:17.349Z] [worker-us-central1-api-28bf769f-3408-4a03-a286-3b2b739609a5]: exited {"metadata":{"emulator":{"name":"functions"},"function":{"name":"us-central1-api"},"extension":{},"message":"[worker-us-central1-api-28bf769f-3408-4a03-a286-3b2b739609a5]: exited"}}
[debug] [2025-01-24T11:15:17.350Z] [worker-us-central1-api-28bf769f-3408-4a03-a286-3b2b739609a5]: FINISHED {"metadata":{"emulator":{"name":"functions"},"function":{"name":"us-central1-api"},"extension":{},"message":"[worker-us-central1-api-28bf769f-3408-4a03-a286-3b2b739609a5]: FINISHED"}}
[debug] [2025-01-24T11:15:17.353Z] [worker-us-central1-api-5a79c52a-ed8c-43f8-a3e2-107df27fe8ac]: exited {"metadata":{"emulator":{"name":"functions"},"function":{"name":"us-central1-api"},"extension":{},"message":"[worker-us-central1-api-5a79c52a-ed8c-43f8-a3e2-107df27fe8ac]: exited"}}
[debug] [2025-01-24T11:15:17.353Z] [worker-us-central1-api-5a79c52a-ed8c-43f8-a3e2-107df27fe8ac]: FINISHED {"metadata":{"emulator":{"name":"functions"},"function":{"name":"us-central1-api"},"extension":{},"message":"[worker-us-central1-api-5a79c52a-ed8c-43f8-a3e2-107df27fe8ac]: FINISHED"}}
[debug] [2025-01-24T11:16:57.905Z] [work-queue] {"queuedWork":["/clone-1cd78/us-central1/api/payments/create-2025-01-24T11:16:57.905Z"],"queueLength":1,"runningWork":[],"workRunningCount":0}
[debug] [2025-01-24T11:16:57.906Z] [work-queue] {"queuedWork":[],"queueLength":0,"runningWork":["/clone-1cd78/us-central1/api/payments/create-2025-01-24T11:16:57.905Z"],"workRunningCount":1}
[debug] [2025-01-24T11:16:57.906Z] Accepted request POST /clone-1cd78/us-central1/api/payments/create?total=27500 --> us-central1-api
[debug] [2025-01-24T11:16:57.912Z] [functions] Runtime ready! Sending request! {"metadata":{"emulator":{"name":"functions"},"message":"[functions] Runtime ready! Sending request!"}}
[debug] [2025-01-24T11:16:57.912Z] [functions] Got req.url=/clone-1cd78/us-central1/api/payments/create?total=27500, mapping to path=/payments/create?total=27500 {"metadata":{"emulator":{"name":"functions"},"message":"[functions] Got req.url=/clone-1cd78/us-central1/api/payments/create?total=27500, mapping to path=/payments/create?total=27500"}}
[debug] [2025-01-24T11:16:57.913Z] [worker-pool] Cleaned up workers for us-central1-api: 2 --> 0 {"metadata":{"emulator":{"name":"functions"},"message":"[worker-pool] Cleaned up workers for us-central1-api: 2 --> 0"}}
[debug] [2025-01-24T11:16:57.930Z] [worker-pool] addWorker(us-central1-api) {"metadata":{"emulator":{"name":"functions"},"message":"[worker-pool] addWorker(us-central1-api)"}}
[debug] [2025-01-24T11:16:57.930Z] [worker-pool] Adding worker with key us-central1-api, total=1 {"metadata":{"emulator":{"name":"functions"},"message":"[worker-pool] Adding worker with key us-central1-api, total=1"}}
[debug] [2025-01-24T11:16:57.934Z] [work-queue] {"queuedWork":["/clone-1cd78/us-central1/api/payments/create-2025-01-24T11:16:57.934Z"],"queueLength":1,"runningWork":["/clone-1cd78/us-central1/api/payments/create-2025-01-24T11:16:57.905Z"],"workRunningCount":1}
[debug] [2025-01-24T11:16:57.934Z] [work-queue] {"queuedWork":[],"queueLength":0,"runningWork":["/clone-1cd78/us-central1/api/payments/create-2025-01-24T11:16:57.905Z","/clone-1cd78/us-central1/api/payments/create-2025-01-24T11:16:57.934Z"],"workRunningCount":2}
[debug] [2025-01-24T11:16:57.934Z] Accepted request POST /clone-1cd78/us-central1/api/payments/create?total=27500 --> us-central1-api
[debug] [2025-01-24T11:16:57.937Z] [functions] Runtime ready! Sending request! {"metadata":{"emulator":{"name":"functions"},"message":"[functions] Runtime ready! Sending request!"}}
[debug] [2025-01-24T11:16:57.937Z] [functions] Got req.url=/clone-1cd78/us-central1/api/payments/create?total=27500, mapping to path=/payments/create?total=27500 {"metadata":{"emulator":{"name":"functions"},"message":"[functions] Got req.url=/clone-1cd78/us-central1/api/payments/create?total=27500, mapping to path=/payments/create?total=27500"}}
[debug] [2025-01-24T11:16:57.948Z] [worker-pool] addWorker(us-central1-api) {"metadata":{"emulator":{"name":"functions"},"message":"[worker-pool] addWorker(us-central1-api)"}}
[debug] [2025-01-24T11:16:57.948Z] [worker-pool] Adding worker with key us-central1-api, total=2 {"metadata":{"emulator":{"name":"functions"},"message":"[worker-pool] Adding worker with key us-central1-api, total=2"}}
[info] >  (node:12912) [DEP0040] DeprecationWarning: The `punycode` module is deprecated. Please use a userland alternative instead. {"user":"(node:12912) [DEP0040] DeprecationWarning: The `punycode` module is deprecated. Please use a userland alternative instead.","metadata":{"emulator":{"name":"functions"},"function":{"name":"us-central1-api"},"extension":{},"message":"\u001b[90m> \u001b[39m (node:12912) [DEP0040] DeprecationWarning: The `punycode` module is deprecated. Please use a userland alternative instead."}}
[info] >  (Use `node --trace-deprecation ...` to show where the warning was created) {"user":"(Use `node --trace-deprecation ...` to show where the warning was created)","metadata":{"emulator":{"name":"functions"},"function":{"name":"us-central1-api"},"extension":{},"message":"\u001b[90m> \u001b[39m (Use `node --trace-deprecation ...` to show where the warning was created)"}}
[info] >  (node:9600) [DEP0040] DeprecationWarning: The `punycode` module is deprecated. Please use a userland alternative instead. {"user":"(node:9600) [DEP0040] DeprecationWarning: The `punycode` module is deprecated. Please use a userland alternative instead.","metadata":{"emulator":{"name":"functions"},"function":{"name":"us-central1-api"},"extension":{},"message":"\u001b[90m> \u001b[39m (node:9600) [DEP0040] DeprecationWarning: The `punycode` module is deprecated. Please use a userland alternative instead."}}
[info] >  (Use `node --trace-deprecation ...` to show where the warning was created) {"user":"(Use `node --trace-deprecation ...` to show where the warning was created)","metadata":{"emulator":{"name":"functions"},"function":{"name":"us-central1-api"},"extension":{},"message":"\u001b[90m> \u001b[39m (Use `node --trace-deprecation ...` to show where the warning was created)"}}
[debug] [2025-01-24T11:16:59.188Z] [runtime-status] [9600] Resolved module firebase-admin {"declared":true,"installed":true,"version":"12.7.0","resolution":"C:\\Users\\JEFRINA A P\\Amazon_Clone\\amazon\\functions\\node_modules\\firebase-admin\\lib\\index.js"} {"metadata":{"emulator":{"name":"functions"},"function":{"name":"us-central1-api"},"extension":{},"message":"[runtime-status] [9600] Resolved module firebase-admin {\"declared\":true,\"installed\":true,\"version\":\"12.7.0\",\"resolution\":\"C:\\\\Users\\\\JEFRINA A P\\\\Amazon_Clone\\\\amazon\\\\functions\\\\node_modules\\\\firebase-admin\\\\lib\\\\index.js\"}"}}
[debug] [2025-01-24T11:16:59.188Z] [runtime-status] [9600] Resolved module firebase-functions {"declared":true,"installed":true,"version":"6.2.0","resolution":"C:\\Users\\JEFRINA A P\\Amazon_Clone\\amazon\\functions\\node_modules\\firebase-functions\\lib\\v2\\index.js"} {"metadata":{"emulator":{"name":"functions"},"function":{"name":"us-central1-api"},"extension":{},"message":"[runtime-status] [9600] Resolved module firebase-functions {\"declared\":true,\"installed\":true,\"version\":\"6.2.0\",\"resolution\":\"C:\\\\Users\\\\JEFRINA A P\\\\Amazon_Clone\\\\amazon\\\\functions\\\\node_modules\\\\firebase-functions\\\\lib\\\\v2\\\\index.js\"}"}}
[debug] [2025-01-24T11:16:59.188Z] [runtime-status] [9600] Outgoing network have been stubbed. [{"name":"http","status":"mocked"},{"name":"http","status":"mocked"},{"name":"https","status":"mocked"},{"name":"https","status":"mocked"},{"name":"net","status":"mocked"}] {"metadata":{"emulator":{"name":"functions"},"function":{"name":"us-central1-api"},"extension":{},"message":"[runtime-status] [9600] Outgoing network have been stubbed. [{\"name\":\"http\",\"status\":\"mocked\"},{\"name\":\"http\",\"status\":\"mocked\"},{\"name\":\"https\",\"status\":\"mocked\"},{\"name\":\"https\",\"status\":\"mocked\"},{\"name\":\"net\",\"status\":\"mocked\"}]"}}
[debug] [2025-01-24T11:16:59.188Z] [runtime-status] [12912] Resolved module firebase-admin {"declared":true,"installed":true,"version":"12.7.0","resolution":"C:\\Users\\JEFRINA A P\\Amazon_Clone\\amazon\\functions\\node_modules\\firebase-admin\\lib\\index.js"} {"metadata":{"emulator":{"name":"functions"},"function":{"name":"us-central1-api"},"extension":{},"message":"[runtime-status] [12912] Resolved module firebase-admin {\"declared\":true,\"installed\":true,\"version\":\"12.7.0\",\"resolution\":\"C:\\\\Users\\\\JEFRINA A P\\\\Amazon_Clone\\\\amazon\\\\functions\\\\node_modules\\\\firebase-admin\\\\lib\\\\index.js\"}"}}
[debug] [2025-01-24T11:16:59.189Z] [runtime-status] [12912] Resolved module firebase-functions {"declared":true,"installed":true,"version":"6.2.0","resolution":"C:\\Users\\JEFRINA A P\\Amazon_Clone\\amazon\\functions\\node_modules\\firebase-functions\\lib\\v2\\index.js"} {"metadata":{"emulator":{"name":"functions"},"function":{"name":"us-central1-api"},"extension":{},"message":"[runtime-status] [12912] Resolved module firebase-functions {\"declared\":true,\"installed\":true,\"version\":\"6.2.0\",\"resolution\":\"C:\\\\Users\\\\JEFRINA A P\\\\Amazon_Clone\\\\amazon\\\\functions\\\\node_modules\\\\firebase-functions\\\\lib\\\\v2\\\\index.js\"}"}}
[debug] [2025-01-24T11:16:59.189Z] [runtime-status] [12912] Outgoing network have been stubbed. [{"name":"http","status":"mocked"},{"name":"http","status":"mocked"},{"name":"https","status":"mocked"},{"name":"https","status":"mocked"},{"name":"net","status":"mocked"}] {"metadata":{"emulator":{"name":"functions"},"function":{"name":"us-central1-api"},"extension":{},"message":"[runtime-status] [12912] Outgoing network have been stubbed. [{\"name\":\"http\",\"status\":\"mocked\"},{\"name\":\"http\",\"status\":\"mocked\"},{\"name\":\"https\",\"status\":\"mocked\"},{\"name\":\"https\",\"status\":\"mocked\"},{\"name\":\"net\",\"status\":\"mocked\"}]"}}
[debug] [2025-01-24T11:16:59.189Z] [runtime-status] [12912] Resolved module firebase-functions {"declared":true,"installed":true,"version":"6.2.0","resolution":"C:\\Users\\JEFRINA A P\\Amazon_Clone\\amazon\\functions\\node_modules\\firebase-functions\\lib\\v2\\index.js"} {"metadata":{"emulator":{"name":"functions"},"function":{"name":"us-central1-api"},"extension":{},"message":"[runtime-status] [12912] Resolved module firebase-functions {\"declared\":true,\"installed\":true,\"version\":\"6.2.0\",\"resolution\":\"C:\\\\Users\\\\JEFRINA A P\\\\Amazon_Clone\\\\amazon\\\\functions\\\\node_modules\\\\firebase-functions\\\\lib\\\\v2\\\\index.js\"}"}}
[debug] [2025-01-24T11:16:59.189Z] [runtime-status] [9600] Resolved module firebase-functions {"declared":true,"installed":true,"version":"6.2.0","resolution":"C:\\Users\\JEFRINA A P\\Amazon_Clone\\amazon\\functions\\node_modules\\firebase-functions\\lib\\v2\\index.js"} {"metadata":{"emulator":{"name":"functions"},"function":{"name":"us-central1-api"},"extension":{},"message":"[runtime-status] [9600] Resolved module firebase-functions {\"declared\":true,\"installed\":true,\"version\":\"6.2.0\",\"resolution\":\"C:\\\\Users\\\\JEFRINA A P\\\\Amazon_Clone\\\\amazon\\\\functions\\\\node_modules\\\\firebase-functions\\\\lib\\\\v2\\\\index.js\"}"}}
[debug] [2025-01-24T11:16:59.483Z] [runtime-status] [9600] Checked functions.config() {"config":{}} {"metadata":{"emulator":{"name":"functions"},"function":{"name":"us-central1-api"},"extension":{},"message":"[runtime-status] [9600] Checked functions.config() {\"config\":{}}"}}
[debug] [2025-01-24T11:16:59.484Z] [runtime-status] [12912] Checked functions.config() {"config":{}} {"metadata":{"emulator":{"name":"functions"},"function":{"name":"us-central1-api"},"extension":{},"message":"[runtime-status] [12912] Checked functions.config() {\"config\":{}}"}}
[debug] [2025-01-24T11:16:59.484Z] [runtime-status] [12912] firebase-functions has been stubbed. {"functionsResolution":{"declared":true,"installed":true,"version":"6.2.0","resolution":"C:\\Users\\JEFRINA A P\\Amazon_Clone\\amazon\\functions\\node_modules\\firebase-functions\\lib\\v2\\index.js"}} {"metadata":{"emulator":{"name":"functions"},"function":{"name":"us-central1-api"},"extension":{},"message":"[runtime-status] [12912] firebase-functions has been stubbed. {\"functionsResolution\":{\"declared\":true,\"installed\":true,\"version\":\"6.2.0\",\"resolution\":\"C:\\\\Users\\\\JEFRINA A P\\\\Amazon_Clone\\\\amazon\\\\functions\\\\node_modules\\\\firebase-functions\\\\lib\\\\v2\\\\index.js\"}}"}}
[debug] [2025-01-24T11:16:59.484Z] [runtime-status] [9600] firebase-functions has been stubbed. {"functionsResolution":{"declared":true,"installed":true,"version":"6.2.0","resolution":"C:\\Users\\JEFRINA A P\\Amazon_Clone\\amazon\\functions\\node_modules\\firebase-functions\\lib\\v2\\index.js"}} {"metadata":{"emulator":{"name":"functions"},"function":{"name":"us-central1-api"},"extension":{},"message":"[runtime-status] [9600] firebase-functions has been stubbed. {\"functionsResolution\":{\"declared\":true,\"installed\":true,\"version\":\"6.2.0\",\"resolution\":\"C:\\\\Users\\\\JEFRINA A P\\\\Amazon_Clone\\\\amazon\\\\functions\\\\node_modules\\\\firebase-functions\\\\lib\\\\v2\\\\index.js\"}}"}}
[debug] [2025-01-24T11:16:59.484Z] [runtime-status] [9600] Resolved module firebase-functions {"declared":true,"installed":true,"version":"6.2.0","resolution":"C:\\Users\\JEFRINA A P\\Amazon_Clone\\amazon\\functions\\node_modules\\firebase-functions\\lib\\v2\\index.js"} {"metadata":{"emulator":{"name":"functions"},"function":{"name":"us-central1-api"},"extension":{},"message":"[runtime-status] [9600] Resolved module firebase-functions {\"declared\":true,\"installed\":true,\"version\":\"6.2.0\",\"resolution\":\"C:\\\\Users\\\\JEFRINA A P\\\\Amazon_Clone\\\\amazon\\\\functions\\\\node_modules\\\\firebase-functions\\\\lib\\\\v2\\\\index.js\"}"}}
[debug] [2025-01-24T11:16:59.484Z] [runtime-status] [12912] Resolved module firebase-functions {"declared":true,"installed":true,"version":"6.2.0","resolution":"C:\\Users\\JEFRINA A P\\Amazon_Clone\\amazon\\functions\\node_modules\\firebase-functions\\lib\\v2\\index.js"} {"metadata":{"emulator":{"name":"functions"},"function":{"name":"us-central1-api"},"extension":{},"message":"[runtime-status] [12912] Resolved module firebase-functions {\"declared\":true,\"installed\":true,\"version\":\"6.2.0\",\"resolution\":\"C:\\\\Users\\\\JEFRINA A P\\\\Amazon_Clone\\\\amazon\\\\functions\\\\node_modules\\\\firebase-functions\\\\lib\\\\v2\\\\index.js\"}"}}
[debug] [2025-01-24T11:16:59.488Z] [runtime-status] [9600] Resolved module firebase-admin {"declared":true,"installed":true,"version":"12.7.0","resolution":"C:\\Users\\JEFRINA A P\\Amazon_Clone\\amazon\\functions\\node_modules\\firebase-admin\\lib\\index.js"} {"metadata":{"emulator":{"name":"functions"},"function":{"name":"us-central1-api"},"extension":{},"message":"[runtime-status] [9600] Resolved module firebase-admin {\"declared\":true,\"installed\":true,\"version\":\"12.7.0\",\"resolution\":\"C:\\\\Users\\\\JEFRINA A P\\\\Amazon_Clone\\\\amazon\\\\functions\\\\node_modules\\\\firebase-admin\\\\lib\\\\index.js\"}"}}
[debug] [2025-01-24T11:16:59.488Z] [runtime-status] [12912] Resolved module firebase-admin {"declared":true,"installed":true,"version":"12.7.0","resolution":"C:\\Users\\JEFRINA A P\\Amazon_Clone\\amazon\\functions\\node_modules\\firebase-admin\\lib\\index.js"} {"metadata":{"emulator":{"name":"functions"},"function":{"name":"us-central1-api"},"extension":{},"message":"[runtime-status] [12912] Resolved module firebase-admin {\"declared\":true,\"installed\":true,\"version\":\"12.7.0\",\"resolution\":\"C:\\\\Users\\\\JEFRINA A P\\\\Amazon_Clone\\\\amazon\\\\functions\\\\node_modules\\\\firebase-admin\\\\lib\\\\index.js\"}"}}
[debug] [2025-01-24T11:16:59.490Z] [runtime-status] [9600] Resolved module firebase-functions {"declared":true,"installed":true,"version":"6.2.0","resolution":"C:\\Users\\JEFRINA A P\\Amazon_Clone\\amazon\\functions\\node_modules\\firebase-functions\\lib\\v2\\index.js"} {"metadata":{"emulator":{"name":"functions"},"function":{"name":"us-central1-api"},"extension":{},"message":"[runtime-status] [9600] Resolved module firebase-functions {\"declared\":true,\"installed\":true,\"version\":\"6.2.0\",\"resolution\":\"C:\\\\Users\\\\JEFRINA A P\\\\Amazon_Clone\\\\amazon\\\\functions\\\\node_modules\\\\firebase-functions\\\\lib\\\\v2\\\\index.js\"}"}}
[debug] [2025-01-24T11:16:59.490Z] [runtime-status] [12912] Resolved module firebase-functions {"declared":true,"installed":true,"version":"6.2.0","resolution":"C:\\Users\\JEFRINA A P\\Amazon_Clone\\amazon\\functions\\node_modules\\firebase-functions\\lib\\v2\\index.js"} {"metadata":{"emulator":{"name":"functions"},"function":{"name":"us-central1-api"},"extension":{},"message":"[runtime-status] [12912] Resolved module firebase-functions {\"declared\":true,\"installed\":true,\"version\":\"6.2.0\",\"resolution\":\"C:\\\\Users\\\\JEFRINA A P\\\\Amazon_Clone\\\\amazon\\\\functions\\\\node_modules\\\\firebase-functions\\\\lib\\\\v2\\\\index.js\"}"}}
[debug] [2025-01-24T11:16:59.490Z] [runtime-status] [9600] firebase-admin has been stubbed. {"adminResolution":{"declared":true,"installed":true,"version":"12.7.0","resolution":"C:\\Users\\JEFRINA A P\\Amazon_Clone\\amazon\\functions\\node_modules\\firebase-admin\\lib\\index.js"}} {"metadata":{"emulator":{"name":"functions"},"function":{"name":"us-central1-api"},"extension":{},"message":"[runtime-status] [9600] firebase-admin has been stubbed. {\"adminResolution\":{\"declared\":true,\"installed\":true,\"version\":\"12.7.0\",\"resolution\":\"C:\\\\Users\\\\JEFRINA A P\\\\Amazon_Clone\\\\amazon\\\\functions\\\\node_modules\\\\firebase-admin\\\\lib\\\\index.js\"}}"}}
[debug] [2025-01-24T11:16:59.491Z] [runtime-status] [12912] firebase-admin has been stubbed. {"adminResolution":{"declared":true,"installed":true,"version":"12.7.0","resolution":"C:\\Users\\JEFRINA A P\\Amazon_Clone\\amazon\\functions\\node_modules\\firebase-admin\\lib\\index.js"}} {"metadata":{"emulator":{"name":"functions"},"function":{"name":"us-central1-api"},"extension":{},"message":"[runtime-status] [12912] firebase-admin has been stubbed. {\"adminResolution\":{\"declared\":true,\"installed\":true,\"version\":\"12.7.0\",\"resolution\":\"C:\\\\Users\\\\JEFRINA A P\\\\Amazon_Clone\\\\amazon\\\\functions\\\\node_modules\\\\firebase-admin\\\\lib\\\\index.js\"}}"}}
[debug] [2025-01-24T11:16:59.660Z] [runtime-status] [12912] Functions runtime initialized. {"cwd":"C:\\Users\\JEFRINA A P\\Amazon_Clone\\amazon\\functions","node_version":"22.4.1"} {"metadata":{"emulator":{"name":"functions"},"function":{"name":"us-central1-api"},"extension":{},"message":"[runtime-status] [12912] Functions runtime initialized. {\"cwd\":\"C:\\\\Users\\\\JEFRINA A P\\\\Amazon_Clone\\\\amazon\\\\functions\",\"node_version\":\"22.4.1\"}"}}
[debug] [2025-01-24T11:16:59.661Z] [runtime-status] [12912] Listening to port: \\?\pipe\fire_emu_513feba5a04503f2 {"metadata":{"emulator":{"name":"functions"},"function":{"name":"us-central1-api"},"extension":{},"message":"[runtime-status] [12912] Listening to port: \\\\?\\pipe\\fire_emu_513feba5a04503f2"}}
[debug] [2025-01-24T11:16:59.661Z] [runtime-status] [9600] Functions runtime initialized. {"cwd":"C:\\Users\\JEFRINA A P\\Amazon_Clone\\amazon\\functions","node_version":"22.4.1"} {"metadata":{"emulator":{"name":"functions"},"function":{"name":"us-central1-api"},"extension":{},"message":"[runtime-status] [9600] Functions runtime initialized. {\"cwd\":\"C:\\\\Users\\\\JEFRINA A P\\\\Amazon_Clone\\\\amazon\\\\functions\",\"node_version\":\"22.4.1\"}"}}
[debug] [2025-01-24T11:16:59.662Z] [runtime-status] [9600] Listening to port: \\?\pipe\fire_emu_fd40a447db894151 {"metadata":{"emulator":{"name":"functions"},"function":{"name":"us-central1-api"},"extension":{},"message":"[runtime-status] [9600] Listening to port: \\\\?\\pipe\\fire_emu_fd40a447db894151"}}
[debug] [2025-01-24T11:16:59.673Z] [worker-us-central1-api-38d90af7-724e-43c0-9ff4-b1a4950b8415]: IDLE {"metadata":{"emulator":{"name":"functions"},"function":{"name":"us-central1-api"},"extension":{},"message":"[worker-us-central1-api-38d90af7-724e-43c0-9ff4-b1a4950b8415]: IDLE"}}
[debug] [2025-01-24T11:16:59.673Z] [worker-pool] submitRequest(triggerId=us-central1-api) {"metadata":{"emulator":{"name":"functions"},"message":"[worker-pool] submitRequest(triggerId=us-central1-api)"}}
[info] i  functions: Beginning execution of "us-central1-api" {"metadata":{"emulator":{"name":"functions"},"function":{"name":"us-central1-api"},"extension":{},"message":"Beginning execution of \"us-central1-api\""}}
[debug] [2025-01-24T11:16:59.674Z] [worker-us-central1-api-38d90af7-724e-43c0-9ff4-b1a4950b8415]: BUSY {"metadata":{"emulator":{"name":"functions"},"function":{"name":"us-central1-api"},"extension":{},"message":"[worker-us-central1-api-38d90af7-724e-43c0-9ff4-b1a4950b8415]: BUSY"}}
[info] >  Payment Request Received BOOM!!! for amount >>>  27500 {"user":"Payment Request Received BOOM!!! for amount >>>  27500","metadata":{"emulator":{"name":"functions"},"function":{"name":"us-central1-api"},"extension":{},"message":"\u001b[90m> \u001b[39m Payment Request Received BOOM!!! for amount >>>  27500"}}
[debug] [2025-01-24T11:16:59.704Z] [worker-us-central1-api-38bc5108-d62d-45bd-bdf1-854b54752cfe]: IDLE {"metadata":{"emulator":{"name":"functions"},"function":{"name":"us-central1-api"},"extension":{},"message":"[worker-us-central1-api-38bc5108-d62d-45bd-bdf1-854b54752cfe]: IDLE"}}
[debug] [2025-01-24T11:16:59.705Z] [worker-pool] submitRequest(triggerId=us-central1-api) {"metadata":{"emulator":{"name":"functions"},"message":"[worker-pool] submitRequest(triggerId=us-central1-api)"}}
[info] i  functions: Beginning execution of "us-central1-api" {"metadata":{"emulator":{"name":"functions"},"function":{"name":"us-central1-api"},"extension":{},"message":"Beginning execution of \"us-central1-api\""}}
[debug] [2025-01-24T11:16:59.706Z] [worker-us-central1-api-38bc5108-d62d-45bd-bdf1-854b54752cfe]: BUSY {"metadata":{"emulator":{"name":"functions"},"function":{"name":"us-central1-api"},"extension":{},"message":"[worker-us-central1-api-38bc5108-d62d-45bd-bdf1-854b54752cfe]: BUSY"}}
[info] >  Payment Request Received BOOM!!! for amount >>>  27500 {"user":"Payment Request Received BOOM!!! for amount >>>  27500","metadata":{"emulator":{"name":"functions"},"function":{"name":"us-central1-api"},"extension":{},"message":"\u001b[90m> \u001b[39m Payment Request Received BOOM!!! for amount >>>  27500"}}
[debug] [2025-01-24T11:17:00.406Z] Finishing up request with event=pause {"metadata":{"emulator":{"name":"functions"},"function":{"name":"us-central1-api"},"extension":{},"message":"Finishing up request with event=pause"}}
[info] i  functions: Finished "us-central1-api" in 732.6913ms {"metadata":{"emulator":{"name":"functions"},"function":{"name":"us-central1-api"},"extension":{},"message":"Finished \"us-central1-api\" in 732.6913ms"}}
[debug] [2025-01-24T11:17:00.408Z] [worker-us-central1-api-38d90af7-724e-43c0-9ff4-b1a4950b8415]: IDLE {"metadata":{"emulator":{"name":"functions"},"function":{"name":"us-central1-api"},"extension":{},"message":"[worker-us-central1-api-38d90af7-724e-43c0-9ff4-b1a4950b8415]: IDLE"}}
[debug] [2025-01-24T11:17:00.408Z] Finishing up request with event=finish {"metadata":{"emulator":{"name":"functions"},"function":{"name":"us-central1-api"},"extension":{},"message":"Finishing up request with event=finish"}}
[debug] [2025-01-24T11:17:00.408Z] Finishing up request with event=close {"metadata":{"emulator":{"name":"functions"},"function":{"name":"us-central1-api"},"extension":{},"message":"Finishing up request with event=close"}}
[debug] [2025-01-24T11:17:00.408Z] [work-queue] {"queuedWork":[],"queueLength":0,"runningWork":["/clone-1cd78/us-central1/api/payments/create-2025-01-24T11:16:57.934Z"],"workRunningCount":1}
[debug] [2025-01-24T11:17:00.458Z] Finishing up request with event=pause {"metadata":{"emulator":{"name":"functions"},"function":{"name":"us-central1-api"},"extension":{},"message":"Finishing up request with event=pause"}}
[info] i  functions: Finished "us-central1-api" in 752.8513ms {"metadata":{"emulator":{"name":"functions"},"function":{"name":"us-central1-api"},"extension":{},"message":"Finished \"us-central1-api\" in 752.8513ms"}}
[debug] [2025-01-24T11:17:00.460Z] [worker-us-central1-api-38bc5108-d62d-45bd-bdf1-854b54752cfe]: IDLE {"metadata":{"emulator":{"name":"functions"},"function":{"name":"us-central1-api"},"extension":{},"message":"[worker-us-central1-api-38bc5108-d62d-45bd-bdf1-854b54752cfe]: IDLE"}}
[debug] [2025-01-24T11:17:00.460Z] Finishing up request with event=finish {"metadata":{"emulator":{"name":"functions"},"function":{"name":"us-central1-api"},"extension":{},"message":"Finishing up request with event=finish"}}
[debug] [2025-01-24T11:17:00.460Z] Finishing up request with event=close {"metadata":{"emulator":{"name":"functions"},"function":{"name":"us-central1-api"},"extension":{},"message":"Finishing up request with event=close"}}
[debug] [2025-01-24T11:17:00.462Z] [work-queue] {"queuedWork":[],"queueLength":0,"runningWork":[],"workRunningCount":0}
[debug] [2025-01-24T11:18:46.506Z] File C:\Users\JEFRINA A P\Amazon_Clone\amazon\functions\index.js changed, reloading triggers {"metadata":{"emulator":{"name":"functions"},"message":"File C:\\Users\\JEFRINA A P\\Amazon_Clone\\amazon\\functions\\index.js changed, reloading triggers"}}
